[2026-05-27 18:10:36] local.ERROR: SQLSTATE[42S02]: Base table or view not found: 1146 Table 'webshop_trangsuc.tai_khoans' doesn't exist (Connection: mysql, Host: 127.0.0.1, Port: 3306, Database: webshop_trangsuc, SQL: select * from `tai_khoans` where `TenDangNhap` = admin01 limit 1) {"exception":"[object] (Illuminate\\Database\\QueryException(code: 42S02): SQLSTATE[42S02]: Base table or view not found: 1146 Table 'webshop_trangsuc.tai_khoans' doesn't exist (Connection: mysql, Host: 127.0.0.1, Port: 3306, Database: webshop_trangsuc, SQL: select * from `tai_khoans` where `TenDangNhap` = admin01 limit 1) at E:/website_trangsuc/laptrinhweb_thi_website_trangsuc/vendor/laravel/framework/src/Illuminate/Database/Connection.php:838)
[stacktrace]
#0 E:/website_trangsuc/laptrinhweb_thi_website_trangsuc/vendor/laravel/framework/src/Illuminate/Database/Connection.php(794): Illuminate/Database/Connection->runQueryCallback('select * from `...', Array, Object(Closure))
#1 E:/website_trangsuc/laptrinhweb_thi_website_trangsuc/vendor/laravel/framework/src/Illuminate/Database/Connection.php(411): Illuminate/Database/Connection->run('select * from `...', Array, Object(Closure))
#2 E:/website_trangsuc/laptrinhweb_thi_website_trangsuc/vendor/laravel/framework/src/Illuminate/Database/Query/Builder.php(3505): Illuminate/Database/Connection->select('select * from `...', Array, true)
#3 E:/website_trangsuc/laptrinhweb_thi_website_trangsuc/vendor/laravel/framework/src/Illuminate/Database/Query/Builder.php(3490): Illuminate/Database/Query/Builder->runSelect()
#4 E:/website_trangsuc/laptrinhweb_thi_website_trangsuc/vendor/laravel/framework/src/Illuminate/Database/Query/Builder.php(4080): Illuminate/Database/Query/Builder->Illuminate/Database/Query/{closure}()
#5 E:/website_trangsuc/laptrinhweb_thi_website_trangsuc/vendor/laravel/framework/src/Illuminate/Database/Query/Builder.php(3489): Illuminate/Database/Query/Builder->onceWithColumns(Array, Object(Closure))
#6 E:/website_trangsuc/laptrinhweb_thi_website_trangsuc/vendor/laravel/framework/src/Illuminate/Database/Eloquent/Builder.php(902): Illuminate/Database/Query/Builder->get(Array)
#7 E:/website_trangsuc/laptrinhweb_thi_website_trangsuc/vendor/laravel/framework/src/Illuminate/Database/Eloquent/Builder.php(884): Illuminate/Database/Eloquent/Builder->getModels(Array)
#8 E:/website_trangsuc/laptrinhweb_thi_website_trangsuc/vendor/laravel/framework/src/Illuminate/Database/Concerns/BuildsQueries.php(366): Illuminate/Database/Eloquent/Builder->get(Array)
#9 E:/website_trangsuc/laptrinhweb_thi_website_trangsuc/app/Http/Controllers/AuthController.php(185): Illuminate/Database/Eloquent/Builder->first()
#10 E:/website_trangsuc/laptrinhweb_thi_website_trangsuc/vendor/laravel/framework/src/Illuminate/Routing/ControllerDispatcher.php(46): App/Http/Controllers/AuthController->login(Object(Illuminate/Http/Request))
#11 E:/website_trangsuc/laptrinhweb_thi_website_trangsuc/vendor/laravel/framework/src/Illuminate/Routing/Route.php(265): Illuminate/Routing/ControllerDispatcher->dispatch(Object(Illuminate/Routing/Route), Object(App/Http/Controllers/AuthController), 'login')
#12 E:/website_trangsuc/laptrinhweb_thi_website_trangsuc/vendor/laravel/framework/src/Illuminate/Routing/Route.php(211): Illuminate/Routing/Route->runController()
#13 E:/website_trangsuc/laptrinhweb_thi_website_trangsuc/vendor/laravel/framework/src/Illuminate/Routing/Router.php(822): Illuminate/Routing/Route->run()
#14 E:/website_trangsuc/laptrinhweb_thi_website_trangsuc/vendor/laravel/framework/src/Illuminate/Pipeline/Pipeline.php(180): Illuminate/Routing/Router->Illuminate/Routing/{closure}(Object(Illuminate/Http/Request))
#15 E:/website_trangsuc/laptrinhweb_thi_website_trangsuc/vendor/laravel/framework/src/Illuminate/Routing/Middleware/SubstituteBindings.php(50): Illuminate/Pipeline/Pipeline->Illuminate/Pipeline/{closure}(Object(Illuminate/Http/Request))
#16 E:/website_trangsuc/laptrinhweb_thi_website_trangsuc/vendor/laravel/framework/src/Illuminate/Pipeline/Pipeline.php(219): Illuminate/Routing/Middleware/SubstituteBindings->handle(Object(Illuminate/Http/Request), Object(Closure))
#17 E:/website_trangsuc/laptrinhweb_thi_website_trangsuc/vendor/laravel/framework/src/Illuminate/Foundation/Http/Middleware/VerifyCsrfToken.php(87): Illuminate/Pipeline/Pipeline->Illuminate/Pipeline/{closure}(Object(Illuminate/Http/Request))
#18 E:/website_trangsuc/laptrinhweb_thi_website_trangsuc/vendor/laravel/framework/src/Illuminate/Pipeline/Pipeline.php(219): Illuminate/Foundation/Http/Middleware/VerifyCsrfToken->handle(Object(Illuminate/Http/Request), Object(Closure))
#19 E:/website_trangsuc/laptrinhweb_thi_website_trangsuc/vendor/laravel/framework/src/Illuminate/View/Middleware/ShareErrorsFromSession.php(48): Illuminate/Pipeline/Pipeline->Illuminate/Pipeline/{closure}(Object(Illuminate/Http/Request))
#20 E:/website_trangsuc/laptrinhweb_thi_website_trangsuc/vendor/laravel/framework/src/Illuminate/Pipeline/Pipeline.php(219): Illuminate/View/Middleware/ShareErrorsFromSession->handle(Object(Illuminate/Http/Request), Object(Closure))
#21 E:/website_trangsuc/laptrinhweb_thi_website_trangsuc/vendor/laravel/framework/src/Illuminate/Session/Middleware/StartSession.php(120): Illuminate/Pipeline/Pipeline->Illuminate/Pipeline/{closure}(Object(Illuminate/Http/Request))
#22 E:/website_trangsuc/laptrinhweb_thi_website_trangsuc/vendor/laravel/framework/src/Illuminate/Session/Middleware/StartSession.php(63): Illuminate/Session/Middleware/StartSession->handleStatefulRequest(Object(Illuminate/Http/Request), Object(Illuminate/Session/Store), Object(Closure))
#23 E:/website_trangsuc/laptrinhweb_thi_website_trangsuc/vendor/laravel/framework/src/Illuminate/Pipeline/Pipeline.php(219): Illuminate/Session/Middleware/StartSession->handle(Object(Illuminate/Http/Request), Object(Closure))
#24 E:/website_trangsuc/laptrinhweb_thi_website_trangsuc/vendor/laravel/framework/src/Illuminate/Cookie/Middleware/AddQueuedCookiesToResponse.php(36): Illuminate/Pipeline/Pipeline->Illuminate/Pipeline/{closure}(Object(Illuminate/Http/Request))
#25 E:/website_trangsuc/laptrinhweb_thi_website_trangsuc/vendor/laravel/framework/src/Illuminate/Pipeline/Pipeline.php(219): Illuminate/Cookie/Middleware/AddQueuedCookiesToResponse->handle(Object(Illuminate/Http/Request), Object(Closure))
#26 E:/website_trangsuc/laptrinhweb_thi_website_trangsuc/vendor/laravel/framework/src/Illuminate/Cookie/Middleware/EncryptCookies.php(74): Illuminate/Pipeline/Pipeline->Illuminate/Pipeline/{closure}(Object(Illuminate/Http/Request))
#27 E:/website_trangsuc/laptrinhweb_thi_website_trangsuc/vendor/laravel/framework/src/Illuminate/Pipeline/Pipeline.php(219): Illuminate/Cookie/Middleware/EncryptCookies->handle(Object(Illuminate/Http/Request), Object(Closure))
#28 E:/website_trangsuc/laptrinhweb_thi_website_trangsuc/vendor/laravel/framework/src/Illuminate/Pipeline/Pipeline.php(137): Illuminate/Pipeline/Pipeline->Illuminate/Pipeline/{closure}(Object(Illuminate/Http/Request))
#29 E:/website_trangsuc/laptrinhweb_thi_website_trangsuc/vendor/laravel/framework/src/Illuminate/Routing/Router.php(821): Illuminate/Pipeline/Pipeline->then(Object(Closure))
#30 E:/website_trangsuc/laptrinhweb_thi_website_trangsuc/vendor/laravel/framework/src/Illuminate/Routing/Router.php(800): Illuminate/Routing/Router->runRouteWithinStack(Object(Illuminate/Routing/Route), Object(Illuminate/Http/Request))
#31 E:/website_trangsuc/laptrinhweb_thi_website_trangsuc/vendor/laravel/framework/src/Illuminate/Routing/Router.php(764): Illuminate/Routing/Router->runRoute(Object(Illuminate/Http/Request), Object(Illuminate/Routing/Route))
#32 E:/website_trangsuc/laptrinhweb_thi_website_trangsuc/vendor/laravel/framework/src/Illuminate/Routing/Router.php(753): Illuminate/Routing/Router->dispatchToRoute(Object(Illuminate/Http/Request))
#33 E:/website_trangsuc/laptrinhweb_thi_website_trangsuc/vendor/laravel/framework/src/Illuminate/Foundation/Http/Kernel.php(200): Illuminate/Routing/Router->dispatch(Object(Illuminate/Http/Request))
#34 E:/website_trangsuc/laptrinhweb_thi_website_trangsuc/vendor/laravel/framework/src/Illuminate/Pipeline/Pipeline.php(180): Illuminate/Foundation/Http/Kernel->Illuminate/Foundation/Http/{closure}(Object(Illuminate/Http/Request))
#35 E:/website_trangsuc/laptrinhweb_thi_website_trangsuc/vendor/laravel/framework/src/Illuminate/Foundation/Http/Middleware/TransformsRequest.php(21): Illuminate/Pipeline/Pipeline->Illuminate/Pipeline/{closure}(Object(Illuminate/Http/Request))
#36 E:/website_trangsuc/laptrinhweb_thi_website_trangsuc/vendor/laravel/framework/src/Illuminate/Foundation/Http/Middleware/ConvertEmptyStringsToNull.php(31): Illuminate/Foundation/Http/Middleware/TransformsRequest->handle(Object(Illuminate/Http/Request), Object(Closure))
#37 E:/website_trangsuc/laptrinhweb_thi_website_trangsuc/vendor/laravel/framework/src/Illuminate/Pipeline/Pipeline.php(219): Illuminate/Foundation/Http/Middleware/ConvertEmptyStringsToNull->handle(Object(Illuminate/Http/Request), Object(Closure))
#38 E:/website_trangsuc/laptrinhweb_thi_website_trangsuc/vendor/laravel/framework/src/Illuminate/Foundation/Http/Middleware/TransformsRequest.php(21): Illuminate/Pipeline/Pipeline->Illuminate/Pipeline/{closure}(Object(Illuminate/Http/Request))
#39 E:/website_trangsuc/laptrinhweb_thi_website_trangsuc/vendor/laravel/framework/src/Illuminate/Foundation/Http/Middleware/TrimStrings.php(51): Illuminate/Foundation/Http/Middleware/TransformsRequest->handle(Object(Illuminate/Http/Request), Object(Closure))
#40 E:/website_trangsuc/laptrinhweb_thi_website_trangsuc/vendor/laravel/framework/src/Illuminate/Pipeline/Pipeline.php(219): Illuminate/Foundation/Http/Middleware/TrimStrings->handle(Object(Illuminate/Http/Request), Object(Closure))
#41 E:/website_trangsuc/laptrinhweb_thi_website_trangsuc/vendor/laravel/framework/src/Illuminate/Http/Middleware/ValidatePostSize.php(27): Illuminate/Pipeline/Pipeline->Illuminate/Pipeline/{closure}(Object(Illuminate/Http/Request))
#42 E:/website_trangsuc/laptrinhweb_thi_website_trangsuc/vendor/laravel/framework/src/Illuminate/Pipeline/Pipeline.php(219): Illuminate/Http/Middleware/ValidatePostSize->handle(Object(Illuminate/Http/Request), Object(Closure))
#43 E:/website_trangsuc/laptrinhweb_thi_website_trangsuc/vendor/laravel/framework/src/Illuminate/Foundation/Http/Middleware/PreventRequestsDuringMaintenance.php(109): Illuminate/Pipeline/Pipeline->Illuminate/Pipeline/{closure}(Object(Illuminate/Http/Request))
#44 E:/website_trangsuc/laptrinhweb_thi_website_trangsuc/vendor/laravel/framework/src/Illuminate/Pipeline/Pipeline.php(219): Illuminate/Foundation/Http/Middleware/PreventRequestsDuringMaintenance->handle(Object(Illuminate/Http/Request), Object(Closure))
#45 E:/website_trangsuc/laptrinhweb_thi_website_trangsuc/vendor/laravel/framework/src/Illuminate/Http/Middleware/HandleCors.php(61): Illuminate/Pipeline/Pipeline->Illuminate/Pipeline/{closure}(Object(Illuminate/Http/Request))
#46 E:/website_trangsuc/laptrinhweb_thi_website_trangsuc/vendor/laravel/framework/src/Illuminate/Pipeline/Pipeline.php(219): Illuminate/Http/Middleware/HandleCors->handle(Object(Illuminate/Http/Request), Object(Closure))
#47 E:/website_trangsuc/laptrinhweb_thi_website_trangsuc/vendor/laravel/framework/src/Illuminate/Http/Middleware/TrustProxies.php(58): Illuminate/Pipeline/Pipeline->Illuminate/Pipeline/{closure}(Object(Illuminate/Http/Request))
#48 E:/website_trangsuc/laptrinhweb_thi_website_trangsuc/vendor/laravel/framework/src/Illuminate/Pipeline/Pipeline.php(219): Illuminate/Http/Middleware/TrustProxies->handle(Object(Illuminate/Http/Request), Object(Closure))
#49 E:/website_trangsuc/laptrinhweb_thi_website_trangsuc/vendor/laravel/framework/src/Illuminate/Foundation/Http/Middleware/InvokeDeferredCallbacks.php(22): Illuminate/Pipeline/Pipeline->Illuminate/Pipeline/{closure}(Object(Illuminate/Http/Request))
#50 E:/website_trangsuc/laptrinhweb_thi_website_trangsuc/vendor/laravel/framework/src/Illuminate/Pipeline/Pipeline.php(219): Illuminate/Foundation/Http/Middleware/InvokeDeferredCallbacks->handle(Object(Illuminate/Http/Request), Object(Closure))
#51 E:/website_trangsuc/laptrinhweb_thi_website_trangsuc/vendor/laravel/framework/src/Illuminate/Http/Middleware/ValidatePathEncoding.php(26): Illuminate/Pipeline/Pipeline->Illuminate/Pipeline/{closure}(Object(Illuminate/Http/Request))
#52 E:/website_trangsuc/laptrinhweb_thi_website_trangsuc/vendor/laravel/framework/src/Illuminate/Pipeline/Pipeline.php(219): Illuminate/Http/Middleware/ValidatePathEncoding->handle(Object(Illuminate/Http/Request), Object(Closure))
#53 E:/website_trangsuc/laptrinhweb_thi_website_trangsuc/vendor/laravel/framework/src/Illuminate/Pipeline/Pipeline.php(137): Illuminate/Pipeline/Pipeline->Illuminate/Pipeline/{closure}(Object(Illuminate/Http/Request))
#54 E:/website_trangsuc/laptrinhweb_thi_website_trangsuc/vendor/laravel/framework/src/Illuminate/Foundation/Http/Kernel.php(175): Illuminate/Pipeline/Pipeline->then(Object(Closure))
#55 E:/website_trangsuc/laptrinhweb_thi_website_trangsuc/vendor/laravel/framework/src/Illuminate/Foundation/Http/Kernel.php(144): Illuminate/Foundation/Http/Kernel->sendRequestThroughRouter(Object(Illuminate/Http/Request))
#56 E:/website_trangsuc/laptrinhweb_thi_website_trangsuc/vendor/laravel/framework/src/Illuminate/Foundation/Application.php(1220): Illuminate/Foundation/Http/Kernel->handle(Object(Illuminate/Http/Request))
#57 E:/website_trangsuc/laptrinhweb_thi_website_trangsuc/public/index.php(20): Illuminate/Foundation/Application->handleRequest(Object(Illuminate/Http/Request))
#58 E:/website_trangsuc/laptrinhweb_thi_website_trangsuc/vendor/laravel/framework/src/Illuminate/Foundation/resources/server.php(23): require_once('E://website_tran...')
#59 {main}

[previous exception] [object] (PDOException(code: 42S02): SQLSTATE[42S02]: Base table or view not found: 1146 Table 'webshop_trangsuc.tai_khoans' doesn't exist at E:/website_trangsuc/laptrinhweb_thi_website_trangsuc/vendor/laravel/framework/src/Illuminate/Database/Connection.php:420)
[stacktrace]
#0 E:/website_trangsuc/laptrinhweb_thi_website_trangsuc/vendor/laravel/framework/src/Illuminate/Database/Connection.php(420): PDO->prepare('select * from `...')
#1 E:/website_trangsuc/laptrinhweb_thi_website_trangsuc/vendor/laravel/framework/src/Illuminate/Database/Connection.php(827): Illuminate/Database/Connection->Illuminate/Database/{closure}('select * from `...', Array)
#2 E:/website_trangsuc/laptrinhweb_thi_website_trangsuc/vendor/laravel/framework/src/Illuminate/Database/Connection.php(794): Illuminate/Database/Connection->runQueryCallback('select * from `...', Array, Object(Closure))
#3 E:/website_trangsuc/laptrinhweb_thi_website_trangsuc/vendor/laravel/framework/src/Illuminate/Database/Connection.php(411): Illuminate/Database/Connection->run('select * from `...', Array, Object(Closure))
#4 E:/website_trangsuc/laptrinhweb_thi_website_trangsuc/vendor/laravel/framework/src/Illuminate/Database/Query/Builder.php(3505): Illuminate/Database/Connection->select('select * from `...', Array, true)
#5 E:/website_trangsuc/laptrinhweb_thi_website_trangsuc/vendor/laravel/framework/src/Illuminate/Database/Query/Builder.php(3490): Illuminate/Database/Query/Builder->runSelect()
#6 E:/website_trangsuc/laptrinhweb_thi_website_trangsuc/vendor/laravel/framework/src/Illuminate/Database/Query/Builder.php(4080): Illuminate/Database/Query/Builder->Illuminate/Database/Query/{closure}()
#7 E:/website_trangsuc/laptrinhweb_thi_website_trangsuc/vendor/laravel/framework/src/Illuminate/Database/Query/Builder.php(3489): Illuminate/Database/Query/Builder->onceWithColumns(Array, Object(Closure))
#8 E:/website_trangsuc/laptrinhweb_thi_website_trangsuc/vendor/laravel/framework/src/Illuminate/Database/Eloquent/Builder.php(902): Illuminate/Database/Query/Builder->get(Array)
#9 E:/website_trangsuc/laptrinhweb_thi_website_trangsuc/vendor/laravel/framework/src/Illuminate/Database/Eloquent/Builder.php(884): Illuminate/Database/Eloquent/Builder->getModels(Array)
#10 E:/website_trangsuc/laptrinhweb_thi_website_trangsuc/vendor/laravel/framework/src/Illuminate/Database/Concerns/BuildsQueries.php(366): Illuminate/Database/Eloquent/Builder->get(Array)
#11 E:/website_trangsuc/laptrinhweb_thi_website_trangsuc/app/Http/Controllers/AuthController.php(185): Illuminate/Database/Eloquent/Builder->first()
#12 E:/website_trangsuc/laptrinhweb_thi_website_trangsuc/vendor/laravel/framework/src/Illuminate/Routing/ControllerDispatcher.php(46): App/Http/Controllers/AuthController->login(Object(Illuminate/Http/Request))
#13 E:/website_trangsuc/laptrinhweb_thi_website_trangsuc/vendor/laravel/framework/src/Illuminate/Routing/Route.php(265): Illuminate/Routing/ControllerDispatcher->dispatch(Object(Illuminate/Routing/Route), Object(App/Http/Controllers/AuthController), 'login')
#14 E:/website_trangsuc/laptrinhweb_thi_website_trangsuc/vendor/laravel/framework/src/Illuminate/Routing/Route.php(211): Illuminate/Routing/Route->runController()
#15 E:/website_trangsuc/laptrinhweb_thi_website_trangsuc/vendor/laravel/framework/src/Illuminate/Routing/Router.php(822): Illuminate/Routing/Route->run()
#16 E:/website_trangsuc/laptrinhweb_thi_website_trangsuc/vendor/laravel/framework/src/Illuminate/Pipeline/Pipeline.php(180): Illuminate/Routing/Router->Illuminate/Routing/{closure}(Object(Illuminate/Http/Request))
#17 E:/website_trangsuc/laptrinhweb_thi_website_trangsuc/vendor/laravel/framework/src/Illuminate/Routing/Middleware/SubstituteBindings.php(50): Illuminate/Pipeline/Pipeline->Illuminate/Pipeline/{closure}(Object(Illuminate/Http/Request))
#18 E:/website_trangsuc/laptrinhweb_thi_website_trangsuc/vendor/laravel/framework/src/Illuminate/Pipeline/Pipeline.php(219): Illuminate/Routing/Middleware/SubstituteBindings->handle(Object(Illuminate/Http/Request), Object(Closure))
#19 E:/website_trangsuc/laptrinhweb_thi_website_trangsuc/vendor/laravel/framework/src/Illuminate/Foundation/Http/Middleware/VerifyCsrfToken.php(87): Illuminate/Pipeline/Pipeline->Illuminate/Pipeline/{closure}(Object(Illuminate/Http/Request))
#20 E:/website_trangsuc/laptrinhweb_thi_website_trangsuc/vendor/laravel/framework/src/Illuminate/Pipeline/Pipeline.php(219): Illuminate/Foundation/Http/Middleware/VerifyCsrfToken->handle(Object(Illuminate/Http/Request), Object(Closure))
#21 E:/website_trangsuc/laptrinhweb_thi_website_trangsuc/vendor/laravel/framework/src/Illuminate/View/Middleware/ShareErrorsFromSession.php(48): Illuminate/Pipeline/Pipeline->Illuminate/Pipeline/{closure}(Object(Illuminate/Http/Request))
#22 E:/website_trangsuc/laptrinhweb_thi_website_trangsuc/vendor/laravel/framework/src/Illuminate/Pipeline/Pipeline.php(219): Illuminate/View/Middleware/ShareErrorsFromSession->handle(Object(Illuminate/Http/Request), Object(Closure))
#23 E:/website_trangsuc/laptrinhweb_thi_website_trangsuc/vendor/laravel/framework/src/Illuminate/Session/Middleware/StartSession.php(120): Illuminate/Pipeline/Pipeline->Illuminate/Pipeline/{closure}(Object(Illuminate/Http/Request))
#24 E:/website_trangsuc/laptrinhweb_thi_website_trangsuc/vendor/laravel/framework/src/Illuminate/Session/Middleware/StartSession.php(63): Illuminate/Session/Middleware/StartSession->handleStatefulRequest(Object(Illuminate/Http/Request), Object(Illuminate/Session/Store), Object(Closure))
#25 E:/website_trangsuc/laptrinhweb_thi_website_trangsuc/vendor/laravel/framework/src/Illuminate/Pipeline/Pipeline.php(219): Illuminate/Session/Middleware/StartSession->handle(Object(Illuminate/Http/Request), Object(Closure))
#26 E:/website_trangsuc/laptrinhweb_thi_website_trangsuc/vendor/laravel/framework/src/Illuminate/Cookie/Middleware/AddQueuedCookiesToResponse.php(36): Illuminate/Pipeline/Pipeline->Illuminate/Pipeline/{closure}(Object(Illuminate/Http/Request))
#27 E:/website_trangsuc/laptrinhweb_thi_website_trangsuc/vendor/laravel/framework/src/Illuminate/Pipeline/Pipeline.php(219): Illuminate/Cookie/Middleware/AddQueuedCookiesToResponse->handle(Object(Illuminate/Http/Request), Object(Closure))
#28 E:/website_trangsuc/laptrinhweb_thi_website_trangsuc/vendor/laravel/framework/src/Illuminate/Cookie/Middleware/EncryptCookies.php(74): Illuminate/Pipeline/Pipeline->Illuminate/Pipeline/{closure}(Object(Illuminate/Http/Request))
#29 E:/website_trangsuc/laptrinhweb_thi_website_trangsuc/vendor/laravel/framework/src/Illuminate/Pipeline/Pipeline.php(219): Illuminate/Cookie/Middleware/EncryptCookies->handle(Object(Illuminate/Http/Request), Object(Closure))
#30 E:/website_trangsuc/laptrinhweb_thi_website_trangsuc/vendor/laravel/framework/src/Illuminate/Pipeline/Pipeline.php(137): Illuminate/Pipeline/Pipeline->Illuminate/Pipeline/{closure}(Object(Illuminate/Http/Request))
#31 E:/website_trangsuc/laptrinhweb_thi_website_trangsuc/vendor/laravel/framework/src/Illuminate/Routing/Router.php(821): Illuminate/Pipeline/Pipeline->then(Object(Closure))
#32 E:/website_trangsuc/laptrinhweb_thi_website_trangsuc/vendor/laravel/framework/src/Illuminate/Routing/Router.php(800): Illuminate/Routing/Router->runRouteWithinStack(Object(Illuminate/Routing/Route), Object(Illuminate/Http/Request))
#33 E:/website_trangsuc/laptrinhweb_thi_website_trangsuc/vendor/laravel/framework/src/Illuminate/Routing/Router.php(764): Illuminate/Routing/Router->runRoute(Object(Illuminate/Http/Request), Object(Illuminate/Routing/Route))
#34 E:/website_trangsuc/laptrinhweb_thi_website_trangsuc/vendor/laravel/framework/src/Illuminate/Routing/Router.php(753): Illuminate/Routing/Router->dispatchToRoute(Object(Illuminate/Http/Request))
#35 E:/website_trangsuc/laptrinhweb_thi_website_trangsuc/vendor/laravel/framework/src/Illuminate/Foundation/Http/Kernel.php(200): Illuminate/Routing/Router->dispatch(Object(Illuminate/Http/Request))
#36 E:/website_trangsuc/laptrinhweb_thi_website_trangsuc/vendor/laravel/framework/src/Illuminate/Pipeline/Pipeline.php(180): Illuminate/Foundation/Http/Kernel->Illuminate/Foundation/Http/{closure}(Object(Illuminate/Http/Request))
#37 E:/website_trangsuc/laptrinhweb_thi_website_trangsuc/vendor/laravel/framework/src/Illuminate/Foundation/Http/Middleware/TransformsRequest.php(21): Illuminate/Pipeline/Pipeline->Illuminate/Pipeline/{closure}(Object(Illuminate/Http/Request))
#38 E:/website_trangsuc/laptrinhweb_thi_website_trangsuc/vendor/laravel/framework/src/Illuminate/Foundation/Http/Middleware/ConvertEmptyStringsToNull.php(31): Illuminate/Foundation/Http/Middleware/TransformsRequest->handle(Object(Illuminate/Http/Request), Object(Closure))
#39 E:/website_trangsuc/laptrinhweb_thi_website_trangsuc/vendor/laravel/framework/src/Illuminate/Pipeline/Pipeline.php(219): Illuminate/Foundation/Http/Middleware/ConvertEmptyStringsToNull->handle(Object(Illuminate/Http/Request), Object(Closure))
#40 E:/website_trangsuc/laptrinhweb_thi_website_trangsuc/vendor/laravel/framework/src/Illuminate/Foundation/Http/Middleware/TransformsRequest.php(21): Illuminate/Pipeline/Pipeline->Illuminate/Pipeline/{closure}(Object(Illuminate/Http/Request))
#41 E:/website_trangsuc/laptrinhweb_thi_website_trangsuc/vendor/laravel/framework/src/Illuminate/Foundation/Http/Middleware/TrimStrings.php(51): Illuminate/Foundation/Http/Middleware/TransformsRequest->handle(Object(Illuminate/Http/Request), Object(Closure))
#42 E:/website_trangsuc/laptrinhweb_thi_website_trangsuc/vendor/laravel/framework/src/Illuminate/Pipeline/Pipeline.php(219): Illuminate/Foundation/Http/Middleware/TrimStrings->handle(Object(Illuminate/Http/Request), Object(Closure))
#43 E:/website_trangsuc/laptrinhweb_thi_website_trangsuc/vendor/laravel/framework/src/Illuminate/Http/Middleware/ValidatePostSize.php(27): Illuminate/Pipeline/Pipeline->Illuminate/Pipeline/{closure}(Object(Illuminate/Http/Request))
#44 E:/website_trangsuc/laptrinhweb_thi_website_trangsuc/vendor/laravel/framework/src/Illuminate/Pipeline/Pipeline.php(219): Illuminate/Http/Middleware/ValidatePostSize->handle(Object(Illuminate/Http/Request), Object(Closure))
#45 E:/website_trangsuc/laptrinhweb_thi_website_trangsuc/vendor/laravel/framework/src/Illuminate/Foundation/Http/Middleware/PreventRequestsDuringMaintenance.php(109): Illuminate/Pipeline/Pipeline->Illuminate/Pipeline/{closure}(Object(Illuminate/Http/Request))
#46 E:/website_trangsuc/laptrinhweb_thi_website_trangsuc/vendor/laravel/framework/src/Illuminate/Pipeline/Pipeline.php(219): Illuminate/Foundation/Http/Middleware/PreventRequestsDuringMaintenance->handle(Object(Illuminate/Http/Request), Object(Closure))
#47 E:/website_trangsuc/laptrinhweb_thi_website_trangsuc/vendor/laravel/framework/src/Illuminate/Http/Middleware/HandleCors.php(61): Illuminate/Pipeline/Pipeline->Illuminate/Pipeline/{closure}(Object(Illuminate/Http/Request))
#48 E:/website_trangsuc/laptrinhweb_thi_website_trangsuc/vendor/laravel/framework/src/Illuminate/Pipeline/Pipeline.php(219): Illuminate/Http/Middleware/HandleCors->handle(Object(Illuminate/Http/Request), Object(Closure))
#49 E:/website_trangsuc/laptrinhweb_thi_website_trangsuc/vendor/laravel/framework/src/Illuminate/Http/Middleware/TrustProxies.php(58): Illuminate/Pipeline/Pipeline->Illuminate/Pipeline/{closure}(Object(Illuminate/Http/Request))
#50 E:/website_trangsuc/laptrinhweb_thi_website_trangsuc/vendor/laravel/framework/src/Illuminate/Pipeline/Pipeline.php(219): Illuminate/Http/Middleware/TrustProxies->handle(Object(Illuminate/Http/Request), Object(Closure))
#51 E:/website_trangsuc/laptrinhweb_thi_website_trangsuc/vendor/laravel/framework/src/Illuminate/Foundation/Http/Middleware/InvokeDeferredCallbacks.php(22): Illuminate/Pipeline/Pipeline->Illuminate/Pipeline/{closure}(Object(Illuminate/Http/Request))
#52 E:/website_trangsuc/laptrinhweb_thi_website_trangsuc/vendor/laravel/framework/src/Illuminate/Pipeline/Pipeline.php(219): Illuminate/Foundation/Http/Middleware/InvokeDeferredCallbacks->handle(Object(Illuminate/Http/Request), Object(Closure))
#53 E:/website_trangsuc/laptrinhweb_thi_website_trangsuc/vendor/laravel/framework/src/Illuminate/Http/Middleware/ValidatePathEncoding.php(26): Illuminate/Pipeline/Pipeline->Illuminate/Pipeline/{closure}(Object(Illuminate/Http/Request))
#54 E:/website_trangsuc/laptrinhweb_thi_website_trangsuc/vendor/laravel/framework/src/Illuminate/Pipeline/Pipeline.php(219): Illuminate/Http/Middleware/ValidatePathEncoding->handle(Object(Illuminate/Http/Request), Object(Closure))
#55 E:/website_trangsuc/laptrinhweb_thi_website_trangsuc/vendor/laravel/framework/src/Illuminate/Pipeline/Pipeline.php(137): Illuminate/Pipeline/Pipeline->Illuminate/Pipeline/{closure}(Object(Illuminate/Http/Request))
#56 E:/website_trangsuc/laptrinhweb_thi_website_trangsuc/vendor/laravel/framework/src/Illuminate/Foundation/Http/Kernel.php(175): Illuminate/Pipeline/Pipeline->then(Object(Closure))
#57 E:/website_trangsuc/laptrinhweb_thi_website_trangsuc/vendor/laravel/framework/src/Illuminate/Foundation/Http/Kernel.php(144): Illuminate/Foundation/Http/Kernel->sendRequestThroughRouter(Object(Illuminate/Http/Request))
#58 E:/website_trangsuc/laptrinhweb_thi_website_trangsuc/vendor/laravel/framework/src/Illuminate/Foundation/Application.php(1220): Illuminate/Foundation/Http/Kernel->handle(Object(Illuminate/Http/Request))
#59 E:/website_trangsuc/laptrinhweb_thi_website_trangsuc/public/index.php(20): Illuminate/Foundation/Application->handleRequest(Object(Illuminate/Http/Request))
#60 E:/website_trangsuc/laptrinhweb_thi_website_trangsuc/vendor/laravel/framework/src/Illuminate/Foundation/resources/server.php(23): require_once('E://website_tran...')
#61 {main}
"} 
[2026-05-27 18:24:29] local.ERROR: SQLSTATE[42S02]: Base table or view not found: 1146 Table 'webshop_trangsuc.tai_khoans' doesn't exist (Connection: mysql, Host: 127.0.0.1, Port: 3306, Database: webshop_trangsuc, SQL: select * from `tai_khoans` order by `MaTaiKhoan` desc limit 1) {"exception":"[object] (Illuminate\\Database\\QueryException(code: 42S02): SQLSTATE[42S02]: Base table or view not found: 1146 Table 'webshop_trangsuc.tai_khoans' doesn't exist (Connection: mysql, Host: 127.0.0.1, Port: 3306, Database: webshop_trangsuc, SQL: select * from `tai_khoans` order by `MaTaiKhoan` desc limit 1) at E:/website_trangsuc/laptrinhweb_thi_website_trangsuc/vendor/laravel/framework/src/Illuminate/Database/Connection.php:838)
[stacktrace]
#0 E:/website_trangsuc/laptrinhweb_thi_website_trangsuc/vendor/laravel/framework/src/Illuminate/Database/Connection.php(794): Illuminate/Database/Connection->runQueryCallback('select * from `...', Array, Object(Closure))
#1 E:/website_trangsuc/laptrinhweb_thi_website_trangsuc/vendor/laravel/framework/src/Illuminate/Database/Connection.php(411): Illuminate/Database/Connection->run('select * from `...', Array, Object(Closure))
#2 E:/website_trangsuc/laptrinhweb_thi_website_trangsuc/vendor/laravel/framework/src/Illuminate/Database/Query/Builder.php(3505): Illuminate/Database/Connection->select('select * from `...', Array, true)
#3 E:/website_trangsuc/laptrinhweb_thi_website_trangsuc/vendor/laravel/framework/src/Illuminate/Database/Query/Builder.php(3490): Illuminate/Database/Query/Builder->runSelect()
#4 E:/website_trangsuc/laptrinhweb_thi_website_trangsuc/vendor/laravel/framework/src/Illuminate/Database/Query/Builder.php(4080): Illuminate/Database/Query/Builder->Illuminate/Database/Query/{closure}()
#5 E:/website_trangsuc/laptrinhweb_thi_website_trangsuc/vendor/laravel/framework/src/Illuminate/Database/Query/Builder.php(3489): Illuminate/Database/Query/Builder->onceWithColumns(Array, Object(Closure))
#6 E:/website_trangsuc/laptrinhweb_thi_website_trangsuc/vendor/laravel/framework/src/Illuminate/Database/Eloquent/Builder.php(902): Illuminate/Database/Query/Builder->get(Array)
#7 E:/website_trangsuc/laptrinhweb_thi_website_trangsuc/vendor/laravel/framework/src/Illuminate/Database/Eloquent/Builder.php(884): Illuminate/Database/Eloquent/Builder->getModels(Array)
#8 E:/website_trangsuc/laptrinhweb_thi_website_trangsuc/vendor/laravel/framework/src/Illuminate/Database/Concerns/BuildsQueries.php(366): Illuminate/Database/Eloquent/Builder->get(Array)
#9 E:/website_trangsuc/laptrinhweb_thi_website_trangsuc/app/Http/Controllers/AuthController.php(107): Illuminate/Database/Eloquent/Builder->first()
#10 E:/website_trangsuc/laptrinhweb_thi_website_trangsuc/vendor/laravel/framework/src/Illuminate/Routing/ControllerDispatcher.php(46): App/Http/Controllers/AuthController->register(Object(Illuminate/Http/Request))
#11 E:/website_trangsuc/laptrinhweb_thi_website_trangsuc/vendor/laravel/framework/src/Illuminate/Routing/Route.php(265): Illuminate/Routing/ControllerDispatcher->dispatch(Object(Illuminate/Routing/Route), Object(App/Http/Controllers/AuthController), 'register')
#12 E:/website_trangsuc/laptrinhweb_thi_website_trangsuc/vendor/laravel/framework/src/Illuminate/Routing/Route.php(211): Illuminate/Routing/Route->runController()
#13 E:/website_trangsuc/laptrinhweb_thi_website_trangsuc/vendor/laravel/framework/src/Illuminate/Routing/Router.php(822): Illuminate/Routing/Route->run()
#14 E:/website_trangsuc/laptrinhweb_thi_website_trangsuc/vendor/laravel/framework/src/Illuminate/Pipeline/Pipeline.php(180): Illuminate/Routing/Router->Illuminate/Routing/{closure}(Object(Illuminate/Http/Request))
#15 E:/website_trangsuc/laptrinhweb_thi_website_trangsuc/vendor/laravel/framework/src/Illuminate/Routing/Middleware/SubstituteBindings.php(50): Illuminate/Pipeline/Pipeline->Illuminate/Pipeline/{closure}(Object(Illuminate/Http/Request))
#16 E:/website_trangsuc/laptrinhweb_thi_website_trangsuc/vendor/laravel/framework/src/Illuminate/Pipeline/Pipeline.php(219): Illuminate/Routing/Middleware/SubstituteBindings->handle(Object(Illuminate/Http/Request), Object(Closure))
#17 E:/website_trangsuc/laptrinhweb_thi_website_trangsuc/vendor/laravel/framework/src/Illuminate/Foundation/Http/Middleware/VerifyCsrfToken.php(87): Illuminate/Pipeline/Pipeline->Illuminate/Pipeline/{closure}(Object(Illuminate/Http/Request))
#18 E:/website_trangsuc/laptrinhweb_thi_website_trangsuc/vendor/laravel/framework/src/Illuminate/Pipeline/Pipeline.php(219): Illuminate/Foundation/Http/Middleware/VerifyCsrfToken->handle(Object(Illuminate/Http/Request), Object(Closure))
#19 E:/website_trangsuc/laptrinhweb_thi_website_trangsuc/vendor/laravel/framework/src/Illuminate/View/Middleware/ShareErrorsFromSession.php(48): Illuminate/Pipeline/Pipeline->Illuminate/Pipeline/{closure}(Object(Illuminate/Http/Request))
#20 E:/website_trangsuc/laptrinhweb_thi_website_trangsuc/vendor/laravel/framework/src/Illuminate/Pipeline/Pipeline.php(219): Illuminate/View/Middleware/ShareErrorsFromSession->handle(Object(Illuminate/Http/Request), Object(Closure))
#21 E:/website_trangsuc/laptrinhweb_thi_website_trangsuc/vendor/laravel/framework/src/Illuminate/Session/Middleware/StartSession.php(120): Illuminate/Pipeline/Pipeline->Illuminate/Pipeline/{closure}(Object(Illuminate/Http/Request))
#22 E:/website_trangsuc/laptrinhweb_thi_website_trangsuc/vendor/laravel/framework/src/Illuminate/Session/Middleware/StartSession.php(63): Illuminate/Session/Middleware/StartSession->handleStatefulRequest(Object(Illuminate/Http/Request), Object(Illuminate/Session/Store), Object(Closure))
#23 E:/website_trangsuc/laptrinhweb_thi_website_trangsuc/vendor/laravel/framework/src/Illuminate/Pipeline/Pipeline.php(219): Illuminate/Session/Middleware/StartSession->handle(Object(Illuminate/Http/Request), Object(Closure))
#24 E:/website_trangsuc/laptrinhweb_thi_website_trangsuc/vendor/laravel/framework/src/Illuminate/Cookie/Middleware/AddQueuedCookiesToResponse.php(36): Illuminate/Pipeline/Pipeline->Illuminate/Pipeline/{closure}(Object(Illuminate/Http/Request))
#25 E:/website_trangsuc/laptrinhweb_thi_website_trangsuc/vendor/laravel/framework/src/Illuminate/Pipeline/Pipeline.php(219): Illuminate/Cookie/Middleware/AddQueuedCookiesToResponse->handle(Object(Illuminate/Http/Request), Object(Closure))
#26 E:/website_trangsuc/laptrinhweb_thi_website_trangsuc/vendor/laravel/framework/src/Illuminate/Cookie/Middleware/EncryptCookies.php(74): Illuminate/Pipeline/Pipeline->Illuminate/Pipeline/{closure}(Object(Illuminate/Http/Request))
#27 E:/website_trangsuc/laptrinhweb_thi_website_trangsuc/vendor/laravel/framework/src/Illuminate/Pipeline/Pipeline.php(219): Illuminate/Cookie/Middleware/EncryptCookies->handle(Object(Illuminate/Http/Request), Object(Closure))
#28 E:/website_trangsuc/laptrinhweb_thi_website_trangsuc/vendor/laravel/framework/src/Illuminate/Pipeline/Pipeline.php(137): Illuminate/Pipeline/Pipeline->Illuminate/Pipeline/{closure}(Object(Illuminate/Http/Request))
#29 E:/website_trangsuc/laptrinhweb_thi_website_trangsuc/vendor/laravel/framework/src/Illuminate/Routing/Router.php(821): Illuminate/Pipeline/Pipeline->then(Object(Closure))
#30 E:/website_trangsuc/laptrinhweb_thi_website_trangsuc/vendor/laravel/framework/src/Illuminate/Routing/Router.php(800): Illuminate/Routing/Router->runRouteWithinStack(Object(Illuminate/Routing/Route), Object(Illuminate/Http/Request))
#31 E:/website_trangsuc/laptrinhweb_thi_website_trangsuc/vendor/laravel/framework/src/Illuminate/Routing/Router.php(764): Illuminate/Routing/Router->runRoute(Object(Illuminate/Http/Request), Object(Illuminate/Routing/Route))
#32 E:/website_trangsuc/laptrinhweb_thi_website_trangsuc/vendor/laravel/framework/src/Illuminate/Routing/Router.php(753): Illuminate/Routing/Router->dispatchToRoute(Object(Illuminate/Http/Request))
#33 E:/website_trangsuc/laptrinhweb_thi_website_trangsuc/vendor/laravel/framework/src/Illuminate/Foundation/Http/Kernel.php(200): Illuminate/Routing/Router->dispatch(Object(Illuminate/Http/Request))
#34 E:/website_trangsuc/laptrinhweb_thi_website_trangsuc/vendor/laravel/framework/src/Illuminate/Pipeline/Pipeline.php(180): Illuminate/Foundation/Http/Kernel->Illuminate/Foundation/Http/{closure}(Object(Illuminate/Http/Request))
#35 E:/website_trangsuc/laptrinhweb_thi_website_trangsuc/vendor/laravel/framework/src/Illuminate/Foundation/Http/Middleware/TransformsRequest.php(21): Illuminate/Pipeline/Pipeline->Illuminate/Pipeline/{closure}(Object(Illuminate/Http/Request))
#36 E:/website_trangsuc/laptrinhweb_thi_website_trangsuc/vendor/laravel/framework/src/Illuminate/Foundation/Http/Middleware/ConvertEmptyStringsToNull.php(31): Illuminate/Foundation/Http/Middleware/TransformsRequest->handle(Object(Illuminate/Http/Request), Object(Closure))
#37 E:/website_trangsuc/laptrinhweb_thi_website_trangsuc/vendor/laravel/framework/src/Illuminate/Pipeline/Pipeline.php(219): Illuminate/Foundation/Http/Middleware/ConvertEmptyStringsToNull->handle(Object(Illuminate/Http/Request), Object(Closure))
#38 E:/website_trangsuc/laptrinhweb_thi_website_trangsuc/vendor/laravel/framework/src/Illuminate/Foundation/Http/Middleware/TransformsRequest.php(21): Illuminate/Pipeline/Pipeline->Illuminate/Pipeline/{closure}(Object(Illuminate/Http/Request))
#39 E:/website_trangsuc/laptrinhweb_thi_website_trangsuc/vendor/laravel/framework/src/Illuminate/Foundation/Http/Middleware/TrimStrings.php(51): Illuminate/Foundation/Http/Middleware/TransformsRequest->handle(Object(Illuminate/Http/Request), Object(Closure))
#40 E:/website_trangsuc/laptrinhweb_thi_website_trangsuc/vendor/laravel/framework/src/Illuminate/Pipeline/Pipeline.php(219): Illuminate/Foundation/Http/Middleware/TrimStrings->handle(Object(Illuminate/Http/Request), Object(Closure))
#41 E:/website_trangsuc/laptrinhweb_thi_website_trangsuc/vendor/laravel/framework/src/Illuminate/Http/Middleware/ValidatePostSize.php(27): Illuminate/Pipeline/Pipeline->Illuminate/Pipeline/{closure}(Object(Illuminate/Http/Request))
#42 E:/website_trangsuc/laptrinhweb_thi_website_trangsuc/vendor/laravel/framework/src/Illuminate/Pipeline/Pipeline.php(219): Illuminate/Http/Middleware/ValidatePostSize->handle(Object(Illuminate/Http/Request), Object(Closure))
#43 E:/website_trangsuc/laptrinhweb_thi_website_trangsuc/vendor/laravel/framework/src/Illuminate/Foundation/Http/Middleware/PreventRequestsDuringMaintenance.php(109): Illuminate/Pipeline/Pipeline->Illuminate/Pipeline/{closure}(Object(Illuminate/Http/Request))
#44 E:/website_trangsuc/laptrinhweb_thi_website_trangsuc/vendor/laravel/framework/src/Illuminate/Pipeline/Pipeline.php(219): Illuminate/Foundation/Http/Middleware/PreventRequestsDuringMaintenance->handle(Object(Illuminate/Http/Request), Object(Closure))
#45 E:/website_trangsuc/laptrinhweb_thi_website_trangsuc/vendor/laravel/framework/src/Illuminate/Http/Middleware/HandleCors.php(61): Illuminate/Pipeline/Pipeline->Illuminate/Pipeline/{closure}(Object(Illuminate/Http/Request))
#46 E:/website_trangsuc/laptrinhweb_thi_website_trangsuc/vendor/laravel/framework/src/Illuminate/Pipeline/Pipeline.php(219): Illuminate/Http/Middleware/HandleCors->handle(Object(Illuminate/Http/Request), Object(Closure))
#47 E:/website_trangsuc/laptrinhweb_thi_website_trangsuc/vendor/laravel/framework/src/Illuminate/Http/Middleware/TrustProxies.php(58): Illuminate/Pipeline/Pipeline->Illuminate/Pipeline/{closure}(Object(Illuminate/Http/Request))
#48 E:/website_trangsuc/laptrinhweb_thi_website_trangsuc/vendor/laravel/framework/src/Illuminate/Pipeline/Pipeline.php(219): Illuminate/Http/Middleware/TrustProxies->handle(Object(Illuminate/Http/Request), Object(Closure))
#49 E:/website_trangsuc/laptrinhweb_thi_website_trangsuc/vendor/laravel/framework/src/Illuminate/Foundation/Http/Middleware/InvokeDeferredCallbacks.php(22): Illuminate/Pipeline/Pipeline->Illuminate/Pipeline/{closure}(Object(Illuminate/Http/Request))
#50 E:/website_trangsuc/laptrinhweb_thi_website_trangsuc/vendor/laravel/framework/src/Illuminate/Pipeline/Pipeline.php(219): Illuminate/Foundation/Http/Middleware/InvokeDeferredCallbacks->handle(Object(Illuminate/Http/Request), Object(Closure))
#51 E:/website_trangsuc/laptrinhweb_thi_website_trangsuc/vendor/laravel/framework/src/Illuminate/Http/Middleware/ValidatePathEncoding.php(26): Illuminate/Pipeline/Pipeline->Illuminate/Pipeline/{closure}(Object(Illuminate/Http/Request))
#52 E:/website_trangsuc/laptrinhweb_thi_website_trangsuc/vendor/laravel/framework/src/Illuminate/Pipeline/Pipeline.php(219): Illuminate/Http/Middleware/ValidatePathEncoding->handle(Object(Illuminate/Http/Request), Object(Closure))
#53 E:/website_trangsuc/laptrinhweb_thi_website_trangsuc/vendor/laravel/framework/src/Illuminate/Pipeline/Pipeline.php(137): Illuminate/Pipeline/Pipeline->Illuminate/Pipeline/{closure}(Object(Illuminate/Http/Request))
#54 E:/website_trangsuc/laptrinhweb_thi_website_trangsuc/vendor/laravel/framework/src/Illuminate/Foundation/Http/Kernel.php(175): Illuminate/Pipeline/Pipeline->then(Object(Closure))
#55 E:/website_trangsuc/laptrinhweb_thi_website_trangsuc/vendor/laravel/framework/src/Illuminate/Foundation/Http/Kernel.php(144): Illuminate/Foundation/Http/Kernel->sendRequestThroughRouter(Object(Illuminate/Http/Request))
#56 E:/website_trangsuc/laptrinhweb_thi_website_trangsuc/vendor/laravel/framework/src/Illuminate/Foundation/Application.php(1220): Illuminate/Foundation/Http/Kernel->handle(Object(Illuminate/Http/Request))
#57 E:/website_trangsuc/laptrinhweb_thi_website_trangsuc/public/index.php(20): Illuminate/Foundation/Application->handleRequest(Object(Illuminate/Http/Request))
#58 E:/website_trangsuc/laptrinhweb_thi_website_trangsuc/vendor/laravel/framework/src/Illuminate/Foundation/resources/server.php(23): require_once('E://website_tran...')
#59 {main}

[previous exception] [object] (PDOException(code: 42S02): SQLSTATE[42S02]: Base table or view not found: 1146 Table 'webshop_trangsuc.tai_khoans' doesn't exist at E:/website_trangsuc/laptrinhweb_thi_website_trangsuc/vendor/laravel/framework/src/Illuminate/Database/Connection.php:420)
[stacktrace]
#0 E:/website_trangsuc/laptrinhweb_thi_website_trangsuc/vendor/laravel/framework/src/Illuminate/Database/Connection.php(420): PDO->prepare('select * from `...')
#1 E:/website_trangsuc/laptrinhweb_thi_website_trangsuc/vendor/laravel/framework/src/Illuminate/Database/Connection.php(827): Illuminate/Database/Connection->Illuminate/Database/{closure}('select * from `...', Array)
#2 E:/website_trangsuc/laptrinhweb_thi_website_trangsuc/vendor/laravel/framework/src/Illuminate/Database/Connection.php(794): Illuminate/Database/Connection->runQueryCallback('select * from `...', Array, Object(Closure))
#3 E:/website_trangsuc/laptrinhweb_thi_website_trangsuc/vendor/laravel/framework/src/Illuminate/Database/Connection.php(411): Illuminate/Database/Connection->run('select * from `...', Array, Object(Closure))
#4 E:/website_trangsuc/laptrinhweb_thi_website_trangsuc/vendor/laravel/framework/src/Illuminate/Database/Query/Builder.php(3505): Illuminate/Database/Connection->select('select * from `...', Array, true)
#5 E:/website_trangsuc/laptrinhweb_thi_website_trangsuc/vendor/laravel/framework/src/Illuminate/Database/Query/Builder.php(3490): Illuminate/Database/Query/Builder->runSelect()
#6 E:/website_trangsuc/laptrinhweb_thi_website_trangsuc/vendor/laravel/framework/src/Illuminate/Database/Query/Builder.php(4080): Illuminate/Database/Query/Builder->Illuminate/Database/Query/{closure}()
#7 E:/website_trangsuc/laptrinhweb_thi_website_trangsuc/vendor/laravel/framework/src/Illuminate/Database/Query/Builder.php(3489): Illuminate/Database/Query/Builder->onceWithColumns(Array, Object(Closure))
#8 E:/website_trangsuc/laptrinhweb_thi_website_trangsuc/vendor/laravel/framework/src/Illuminate/Database/Eloquent/Builder.php(902): Illuminate/Database/Query/Builder->get(Array)
#9 E:/website_trangsuc/laptrinhweb_thi_website_trangsuc/vendor/laravel/framework/src/Illuminate/Database/Eloquent/Builder.php(884): Illuminate/Database/Eloquent/Builder->getModels(Array)
#10 E:/website_trangsuc/laptrinhweb_thi_website_trangsuc/vendor/laravel/framework/src/Illuminate/Database/Concerns/BuildsQueries.php(366): Illuminate/Database/Eloquent/Builder->get(Array)
#11 E:/website_trangsuc/laptrinhweb_thi_website_trangsuc/app/Http/Controllers/AuthController.php(107): Illuminate/Database/Eloquent/Builder->first()
#12 E:/website_trangsuc/laptrinhweb_thi_website_trangsuc/vendor/laravel/framework/src/Illuminate/Routing/ControllerDispatcher.php(46): App/Http/Controllers/AuthController->register(Object(Illuminate/Http/Request))
#13 E:/website_trangsuc/laptrinhweb_thi_website_trangsuc/vendor/laravel/framework/src/Illuminate/Routing/Route.php(265): Illuminate/Routing/ControllerDispatcher->dispatch(Object(Illuminate/Routing/Route), Object(App/Http/Controllers/AuthController), 'register')
#14 E:/website_trangsuc/laptrinhweb_thi_website_trangsuc/vendor/laravel/framework/src/Illuminate/Routing/Route.php(211): Illuminate/Routing/Route->runController()
#15 E:/website_trangsuc/laptrinhweb_thi_website_trangsuc/vendor/laravel/framework/src/Illuminate/Routing/Router.php(822): Illuminate/Routing/Route->run()
#16 E:/website_trangsuc/laptrinhweb_thi_website_trangsuc/vendor/laravel/framework/src/Illuminate/Pipeline/Pipeline.php(180): Illuminate/Routing/Router->Illuminate/Routing/{closure}(Object(Illuminate/Http/Request))
#17 E:/website_trangsuc/laptrinhweb_thi_website_trangsuc/vendor/laravel/framework/src/Illuminate/Routing/Middleware/SubstituteBindings.php(50): Illuminate/Pipeline/Pipeline->Illuminate/Pipeline/{closure}(Object(Illuminate/Http/Request))
#18 E:/website_trangsuc/laptrinhweb_thi_website_trangsuc/vendor/laravel/framework/src/Illuminate/Pipeline/Pipeline.php(219): Illuminate/Routing/Middleware/SubstituteBindings->handle(Object(Illuminate/Http/Request), Object(Closure))
#19 E:/website_trangsuc/laptrinhweb_thi_website_trangsuc/vendor/laravel/framework/src/Illuminate/Foundation/Http/Middleware/VerifyCsrfToken.php(87): Illuminate/Pipeline/Pipeline->Illuminate/Pipeline/{closure}(Object(Illuminate/Http/Request))
#20 E:/website_trangsuc/laptrinhweb_thi_website_trangsuc/vendor/laravel/framework/src/Illuminate/Pipeline/Pipeline.php(219): Illuminate/Foundation/Http/Middleware/VerifyCsrfToken->handle(Object(Illuminate/Http/Request), Object(Closure))
#21 E:/website_trangsuc/laptrinhweb_thi_website_trangsuc/vendor/laravel/framework/src/Illuminate/View/Middleware/ShareErrorsFromSession.php(48): Illuminate/Pipeline/Pipeline->Illuminate/Pipeline/{closure}(Object(Illuminate/Http/Request))
#22 E:/website_trangsuc/laptrinhweb_thi_website_trangsuc/vendor/laravel/framework/src/Illuminate/Pipeline/Pipeline.php(219): Illuminate/View/Middleware/ShareErrorsFromSession->handle(Object(Illuminate/Http/Request), Object(Closure))
#23 E:/website_trangsuc/laptrinhweb_thi_website_trangsuc/vendor/laravel/framework/src/Illuminate/Session/Middleware/StartSession.php(120): Illuminate/Pipeline/Pipeline->Illuminate/Pipeline/{closure}(Object(Illuminate/Http/Request))
#24 E:/website_trangsuc/laptrinhweb_thi_website_trangsuc/vendor/laravel/framework/src/Illuminate/Session/Middleware/StartSession.php(63): Illuminate/Session/Middleware/StartSession->handleStatefulRequest(Object(Illuminate/Http/Request), Object(Illuminate/Session/Store), Object(Closure))
#25 E:/website_trangsuc/laptrinhweb_thi_website_trangsuc/vendor/laravel/framework/src/Illuminate/Pipeline/Pipeline.php(219): Illuminate/Session/Middleware/StartSession->handle(Object(Illuminate/Http/Request), Object(Closure))
#26 E:/website_trangsuc/laptrinhweb_thi_website_trangsuc/vendor/laravel/framework/src/Illuminate/Cookie/Middleware/AddQueuedCookiesToResponse.php(36): Illuminate/Pipeline/Pipeline->Illuminate/Pipeline/{closure}(Object(Illuminate/Http/Request))
#27 E:/website_trangsuc/laptrinhweb_thi_website_trangsuc/vendor/laravel/framework/src/Illuminate/Pipeline/Pipeline.php(219): Illuminate/Cookie/Middleware/AddQueuedCookiesToResponse->handle(Object(Illuminate/Http/Request), Object(Closure))
#28 E:/website_trangsuc/laptrinhweb_thi_website_trangsuc/vendor/laravel/framework/src/Illuminate/Cookie/Middleware/EncryptCookies.php(74): Illuminate/Pipeline/Pipeline->Illuminate/Pipeline/{closure}(Object(Illuminate/Http/Request))
#29 E:/website_trangsuc/laptrinhweb_thi_website_trangsuc/vendor/laravel/framework/src/Illuminate/Pipeline/Pipeline.php(219): Illuminate/Cookie/Middleware/EncryptCookies->handle(Object(Illuminate/Http/Request), Object(Closure))
#30 E:/website_trangsuc/laptrinhweb_thi_website_trangsuc/vendor/laravel/framework/src/Illuminate/Pipeline/Pipeline.php(137): Illuminate/Pipeline/Pipeline->Illuminate/Pipeline/{closure}(Object(Illuminate/Http/Request))
#31 E:/website_trangsuc/laptrinhweb_thi_website_trangsuc/vendor/laravel/framework/src/Illuminate/Routing/Router.php(821): Illuminate/Pipeline/Pipeline->then(Object(Closure))
#32 E:/website_trangsuc/laptrinhweb_thi_website_trangsuc/vendor/laravel/framework/src/Illuminate/Routing/Router.php(800): Illuminate/Routing/Router->runRouteWithinStack(Object(Illuminate/Routing/Route), Object(Illuminate/Http/Request))
#33 E:/website_trangsuc/laptrinhweb_thi_website_trangsuc/vendor/laravel/framework/src/Illuminate/Routing/Router.php(764): Illuminate/Routing/Router->runRoute(Object(Illuminate/Http/Request), Object(Illuminate/Routing/Route))
#34 E:/website_trangsuc/laptrinhweb_thi_website_trangsuc/vendor/laravel/framework/src/Illuminate/Routing/Router.php(753): Illuminate/Routing/Router->dispatchToRoute(Object(Illuminate/Http/Request))
#35 E:/website_trangsuc/laptrinhweb_thi_website_trangsuc/vendor/laravel/framework/src/Illuminate/Foundation/Http/Kernel.php(200): Illuminate/Routing/Router->dispatch(Object(Illuminate/Http/Request))
#36 E:/website_trangsuc/laptrinhweb_thi_website_trangsuc/vendor/laravel/framework/src/Illuminate/Pipeline/Pipeline.php(180): Illuminate/Foundation/Http/Kernel->Illuminate/Foundation/Http/{closure}(Object(Illuminate/Http/Request))
#37 E:/website_trangsuc/laptrinhweb_thi_website_trangsuc/vendor/laravel/framework/src/Illuminate/Foundation/Http/Middleware/TransformsRequest.php(21): Illuminate/Pipeline/Pipeline->Illuminate/Pipeline/{closure}(Object(Illuminate/Http/Request))
#38 E:/website_trangsuc/laptrinhweb_thi_website_trangsuc/vendor/laravel/framework/src/Illuminate/Foundation/Http/Middleware/ConvertEmptyStringsToNull.php(31): Illuminate/Foundation/Http/Middleware/TransformsRequest->handle(Object(Illuminate/Http/Request), Object(Closure))
#39 E:/website_trangsuc/laptrinhweb_thi_website_trangsuc/vendor/laravel/framework/src/Illuminate/Pipeline/Pipeline.php(219): Illuminate/Foundation/Http/Middleware/ConvertEmptyStringsToNull->handle(Object(Illuminate/Http/Request), Object(Closure))
#40 E:/website_trangsuc/laptrinhweb_thi_website_trangsuc/vendor/laravel/framework/src/Illuminate/Foundation/Http/Middleware/TransformsRequest.php(21): Illuminate/Pipeline/Pipeline->Illuminate/Pipeline/{closure}(Object(Illuminate/Http/Request))
#41 E:/website_trangsuc/laptrinhweb_thi_website_trangsuc/vendor/laravel/framework/src/Illuminate/Foundation/Http/Middleware/TrimStrings.php(51): Illuminate/Foundation/Http/Middleware/TransformsRequest->handle(Object(Illuminate/Http/Request), Object(Closure))
#42 E:/website_trangsuc/laptrinhweb_thi_website_trangsuc/vendor/laravel/framework/src/Illuminate/Pipeline/Pipeline.php(219): Illuminate/Foundation/Http/Middleware/TrimStrings->handle(Object(Illuminate/Http/Request), Object(Closure))
#43 E:/website_trangsuc/laptrinhweb_thi_website_trangsuc/vendor/laravel/framework/src/Illuminate/Http/Middleware/ValidatePostSize.php(27): Illuminate/Pipeline/Pipeline->Illuminate/Pipeline/{closure}(Object(Illuminate/Http/Request))
#44 E:/website_trangsuc/laptrinhweb_thi_website_trangsuc/vendor/laravel/framework/src/Illuminate/Pipeline/Pipeline.php(219): Illuminate/Http/Middleware/ValidatePostSize->handle(Object(Illuminate/Http/Request), Object(Closure))
#45 E:/website_trangsuc/laptrinhweb_thi_website_trangsuc/vendor/laravel/framework/src/Illuminate/Foundation/Http/Middleware/PreventRequestsDuringMaintenance.php(109): Illuminate/Pipeline/Pipeline->Illuminate/Pipeline/{closure}(Object(Illuminate/Http/Request))
#46 E:/website_trangsuc/laptrinhweb_thi_website_trangsuc/vendor/laravel/framework/src/Illuminate/Pipeline/Pipeline.php(219): Illuminate/Foundation/Http/Middleware/PreventRequestsDuringMaintenance->handle(Object(Illuminate/Http/Request), Object(Closure))
#47 E:/website_trangsuc/laptrinhweb_thi_website_trangsuc/vendor/laravel/framework/src/Illuminate/Http/Middleware/HandleCors.php(61): Illuminate/Pipeline/Pipeline->Illuminate/Pipeline/{closure}(Object(Illuminate/Http/Request))
#48 E:/website_trangsuc/laptrinhweb_thi_website_trangsuc/vendor/laravel/framework/src/Illuminate/Pipeline/Pipeline.php(219): Illuminate/Http/Middleware/HandleCors->handle(Object(Illuminate/Http/Request), Object(Closure))
#49 E:/website_trangsuc/laptrinhweb_thi_website_trangsuc/vendor/laravel/framework/src/Illuminate/Http/Middleware/TrustProxies.php(58): Illuminate/Pipeline/Pipeline->Illuminate/Pipeline/{closure}(Object(Illuminate/Http/Request))
#50 E:/website_trangsuc/laptrinhweb_thi_website_trangsuc/vendor/laravel/framework/src/Illuminate/Pipeline/Pipeline.php(219): Illuminate/Http/Middleware/TrustProxies->handle(Object(Illuminate/Http/Request), Object(Closure))
#51 E:/website_trangsuc/laptrinhweb_thi_website_trangsuc/vendor/laravel/framework/src/Illuminate/Foundation/Http/Middleware/InvokeDeferredCallbacks.php(22): Illuminate/Pipeline/Pipeline->Illuminate/Pipeline/{closure}(Object(Illuminate/Http/Request))
#52 E:/website_trangsuc/laptrinhweb_thi_website_trangsuc/vendor/laravel/framework/src/Illuminate/Pipeline/Pipeline.php(219): Illuminate/Foundation/Http/Middleware/InvokeDeferredCallbacks->handle(Object(Illuminate/Http/Request), Object(Closure))
#53 E:/website_trangsuc/laptrinhweb_thi_website_trangsuc/vendor/laravel/framework/src/Illuminate/Http/Middleware/ValidatePathEncoding.php(26): Illuminate/Pipeline/Pipeline->Illuminate/Pipeline/{closure}(Object(Illuminate/Http/Request))
#54 E:/website_trangsuc/laptrinhweb_thi_website_trangsuc/vendor/laravel/framework/src/Illuminate/Pipeline/Pipeline.php(219): Illuminate/Http/Middleware/ValidatePathEncoding->handle(Object(Illuminate/Http/Request), Object(Closure))
#55 E:/website_trangsuc/laptrinhweb_thi_website_trangsuc/vendor/laravel/framework/src/Illuminate/Pipeline/Pipeline.php(137): Illuminate/Pipeline/Pipeline->Illuminate/Pipeline/{closure}(Object(Illuminate/Http/Request))
#56 E:/website_trangsuc/laptrinhweb_thi_website_trangsuc/vendor/laravel/framework/src/Illuminate/Foundation/Http/Kernel.php(175): Illuminate/Pipeline/Pipeline->then(Object(Closure))
#57 E:/website_trangsuc/laptrinhweb_thi_website_trangsuc/vendor/laravel/framework/src/Illuminate/Foundation/Http/Kernel.php(144): Illuminate/Foundation/Http/Kernel->sendRequestThroughRouter(Object(Illuminate/Http/Request))
#58 E:/website_trangsuc/laptrinhweb_thi_website_trangsuc/vendor/laravel/framework/src/Illuminate/Foundation/Application.php(1220): Illuminate/Foundation/Http/Kernel->handle(Object(Illuminate/Http/Request))
#59 E:/website_trangsuc/laptrinhweb_thi_website_trangsuc/public/index.php(20): Illuminate/Foundation/Application->handleRequest(Object(Illuminate/Http/Request))
#60 E:/website_trangsuc/laptrinhweb_thi_website_trangsuc/vendor/laravel/framework/src/Illuminate/Foundation/resources/server.php(23): require_once('E://website_tran...')
#61 {main}
"} 
[2026-05-28 07:42:44] local.ERROR: Undefined variable $user (View: E:\website_trangsuc\laptrinhweb_thi_website_trangsuc\resources\views\admin\customers.blade.php) {"userId":"TK037","exception":"[object] (Illuminate\\View\\ViewException(code: 0): Undefined variable $user (View: E:\\website_trangsuc\\laptrinhweb_thi_website_trangsuc\\resources\\views\\admin\\customers.blade.php) at E:/website_trangsuc/laptrinhweb_thi_website_trangsuc/storage/framework/views/b4bc1f3211d9f4a8083d47781d725cdf.php:26)
[stacktrace]
#0 E:/website_trangsuc/laptrinhweb_thi_website_trangsuc/vendor/laravel/framework/src/Illuminate/View/Engines/PhpEngine.php(59): Illuminate/View/Engines/CompilerEngine->handleViewException(Object(ErrorException), 1)
#1 E:/website_trangsuc/laptrinhweb_thi_website_trangsuc/vendor/laravel/framework/src/Illuminate/View/Engines/CompilerEngine.php(76): Illuminate/View/Engines/PhpEngine->evaluatePath('E://website_tran...', Array)
#2 E:/website_trangsuc/laptrinhweb_thi_website_trangsuc/vendor/laravel/framework/src/Illuminate/View/View.php(208): Illuminate/View/Engines/CompilerEngine->get('E://website_tran...', Array)
#3 E:/website_trangsuc/laptrinhweb_thi_website_trangsuc/vendor/laravel/framework/src/Illuminate/View/View.php(191): Illuminate/View/View->getContents()
#4 E:/website_trangsuc/laptrinhweb_thi_website_trangsuc/vendor/laravel/framework/src/Illuminate/View/View.php(160): Illuminate/View/View->renderContents()
#5 E:/website_trangsuc/laptrinhweb_thi_website_trangsuc/vendor/laravel/framework/src/Illuminate/Http/Response.php(78): Illuminate/View/View->render()
#6 E:/website_trangsuc/laptrinhweb_thi_website_trangsuc/vendor/laravel/framework/src/Illuminate/Http/Response.php(34): Illuminate/Http/Response->setContent(Object(Illuminate/View/View))
#7 E:/website_trangsuc/laptrinhweb_thi_website_trangsuc/vendor/laravel/framework/src/Illuminate/Routing/Router.php(939): Illuminate/Http/Response->__construct(Object(Illuminate/View/View), 200, Array)
#8 E:/website_trangsuc/laptrinhweb_thi_website_trangsuc/vendor/laravel/framework/src/Illuminate/Routing/Router.php(906): Illuminate/Routing/Router::toResponse(Object(Illuminate/Http/Request), Object(Illuminate/View/View))
#9 E:/website_trangsuc/laptrinhweb_thi_website_trangsuc/vendor/laravel/framework/src/Illuminate/Routing/Router.php(821): Illuminate/Routing/Router->prepareResponse(Object(Illuminate/Http/Request), Object(Illuminate/View/View))
#10 E:/website_trangsuc/laptrinhweb_thi_website_trangsuc/vendor/laravel/framework/src/Illuminate/Pipeline/Pipeline.php(180): Illuminate/Routing/Router->Illuminate/Routing/{closure}(Object(Illuminate/Http/Request))
#11 E:/website_trangsuc/laptrinhweb_thi_website_trangsuc/vendor/laravel/framework/src/Illuminate/Routing/Middleware/SubstituteBindings.php(50): Illuminate/Pipeline/Pipeline->Illuminate/Pipeline/{closure}(Object(Illuminate/Http/Request))
#12 E:/website_trangsuc/laptrinhweb_thi_website_trangsuc/vendor/laravel/framework/src/Illuminate/Pipeline/Pipeline.php(219): Illuminate/Routing/Middleware/SubstituteBindings->handle(Object(Illuminate/Http/Request), Object(Closure))
#13 E:/website_trangsuc/laptrinhweb_thi_website_trangsuc/vendor/laravel/framework/src/Illuminate/Auth/Middleware/Authenticate.php(63): Illuminate/Pipeline/Pipeline->Illuminate/Pipeline/{closure}(Object(Illuminate/Http/Request))
#14 E:/website_trangsuc/laptrinhweb_thi_website_trangsuc/vendor/laravel/framework/src/Illuminate/Pipeline/Pipeline.php(219): Illuminate/Auth/Middleware/Authenticate->handle(Object(Illuminate/Http/Request), Object(Closure))
#15 E:/website_trangsuc/laptrinhweb_thi_website_trangsuc/vendor/laravel/framework/src/Illuminate/Foundation/Http/Middleware/VerifyCsrfToken.php(87): Illuminate/Pipeline/Pipeline->Illuminate/Pipeline/{closure}(Object(Illuminate/Http/Request))
#16 E:/website_trangsuc/laptrinhweb_thi_website_trangsuc/vendor/laravel/framework/src/Illuminate/Pipeline/Pipeline.php(219): Illuminate/Foundation/Http/Middleware/VerifyCsrfToken->handle(Object(Illuminate/Http/Request), Object(Closure))
#17 E:/website_trangsuc/laptrinhweb_thi_website_trangsuc/vendor/laravel/framework/src/Illuminate/View/Middleware/ShareErrorsFromSession.php(48): Illuminate/Pipeline/Pipeline->Illuminate/Pipeline/{closure}(Object(Illuminate/Http/Request))
#18 E:/website_trangsuc/laptrinhweb_thi_website_trangsuc/vendor/laravel/framework/src/Illuminate/Pipeline/Pipeline.php(219): Illuminate/View/Middleware/ShareErrorsFromSession->handle(Object(Illuminate/Http/Request), Object(Closure))
#19 E:/website_trangsuc/laptrinhweb_thi_website_trangsuc/vendor/laravel/framework/src/Illuminate/Session/Middleware/StartSession.php(120): Illuminate/Pipeline/Pipeline->Illuminate/Pipeline/{closure}(Object(Illuminate/Http/Request))
#20 E:/website_trangsuc/laptrinhweb_thi_website_trangsuc/vendor/laravel/framework/src/Illuminate/Session/Middleware/StartSession.php(63): Illuminate/Session/Middleware/StartSession->handleStatefulRequest(Object(Illuminate/Http/Request), Object(Illuminate/Session/Store), Object(Closure))
#21 E:/website_trangsuc/laptrinhweb_thi_website_trangsuc/vendor/laravel/framework/src/Illuminate/Pipeline/Pipeline.php(219): Illuminate/Session/Middleware/StartSession->handle(Object(Illuminate/Http/Request), Object(Closure))
#22 E:/website_trangsuc/laptrinhweb_thi_website_trangsuc/vendor/laravel/framework/src/Illuminate/Cookie/Middleware/AddQueuedCookiesToResponse.php(36): Illuminate/Pipeline/Pipeline->Illuminate/Pipeline/{closure}(Object(Illuminate/Http/Request))
#23 E:/website_trangsuc/laptrinhweb_thi_website_trangsuc/vendor/laravel/framework/src/Illuminate/Pipeline/Pipeline.php(219): Illuminate/Cookie/Middleware/AddQueuedCookiesToResponse->handle(Object(Illuminate/Http/Request), Object(Closure))
#24 E:/website_trangsuc/laptrinhweb_thi_website_trangsuc/vendor/laravel/framework/src/Illuminate/Cookie/Middleware/EncryptCookies.php(74): Illuminate/Pipeline/Pipeline->Illuminate/Pipeline/{closure}(Object(Illuminate/Http/Request))
#25 E:/website_trangsuc/laptrinhweb_thi_website_trangsuc/vendor/laravel/framework/src/Illuminate/Pipeline/Pipeline.php(219): Illuminate/Cookie/Middleware/EncryptCookies->handle(Object(Illuminate/Http/Request), Object(Closure))
#26 E:/website_trangsuc/laptrinhweb_thi_website_trangsuc/vendor/laravel/framework/src/Illuminate/Pipeline/Pipeline.php(137): Illuminate/Pipeline/Pipeline->Illuminate/Pipeline/{closure}(Object(Illuminate/Http/Request))
#27 E:/website_trangsuc/laptrinhweb_thi_website_trangsuc/vendor/laravel/framework/src/Illuminate/Routing/Router.php(821): Illuminate/Pipeline/Pipeline->then(Object(Closure))
#28 E:/website_trangsuc/laptrinhweb_thi_website_trangsuc/vendor/laravel/framework/src/Illuminate/Routing/Router.php(800): Illuminate/Routing/Router->runRouteWithinStack(Object(Illuminate/Routing/Route), Object(Illuminate/Http/Request))
#29 E:/website_trangsuc/laptrinhweb_thi_website_trangsuc/vendor/laravel/framework/src/Illuminate/Routing/Router.php(764): Illuminate/Routing/Router->runRoute(Object(Illuminate/Http/Request), Object(Illuminate/Routing/Route))
#30 E:/website_trangsuc/laptrinhweb_thi_website_trangsuc/vendor/laravel/framework/src/Illuminate/Routing/Router.php(753): Illuminate/Routing/Router->dispatchToRoute(Object(Illuminate/Http/Request))
#31 E:/website_trangsuc/laptrinhweb_thi_website_trangsuc/vendor/laravel/framework/src/Illuminate/Foundation/Http/Kernel.php(200): Illuminate/Routing/Router->dispatch(Object(Illuminate/Http/Request))
#32 E:/website_trangsuc/laptrinhweb_thi_website_trangsuc/vendor/laravel/framework/src/Illuminate/Pipeline/Pipeline.php(180): Illuminate/Foundation/Http/Kernel->Illuminate/Foundation/Http/{closure}(Object(Illuminate/Http/Request))
#33 E:/website_trangsuc/laptrinhweb_thi_website_trangsuc/vendor/laravel/framework/src/Illuminate/Foundation/Http/Middleware/TransformsRequest.php(21): Illuminate/Pipeline/Pipeline->Illuminate/Pipeline/{closure}(Object(Illuminate/Http/Request))
#34 E:/website_trangsuc/laptrinhweb_thi_website_trangsuc/vendor/laravel/framework/src/Illuminate/Foundation/Http/Middleware/ConvertEmptyStringsToNull.php(31): Illuminate/Foundation/Http/Middleware/TransformsRequest->handle(Object(Illuminate/Http/Request), Object(Closure))
#35 E:/website_trangsuc/laptrinhweb_thi_website_trangsuc/vendor/laravel/framework/src/Illuminate/Pipeline/Pipeline.php(219): Illuminate/Foundation/Http/Middleware/ConvertEmptyStringsToNull->handle(Object(Illuminate/Http/Request), Object(Closure))
#36 E:/website_trangsuc/laptrinhweb_thi_website_trangsuc/vendor/laravel/framework/src/Illuminate/Foundation/Http/Middleware/TransformsRequest.php(21): Illuminate/Pipeline/Pipeline->Illuminate/Pipeline/{closure}(Object(Illuminate/Http/Request))
#37 E:/website_trangsuc/laptrinhweb_thi_website_trangsuc/vendor/laravel/framework/src/Illuminate/Foundation/Http/Middleware/TrimStrings.php(51): Illuminate/Foundation/Http/Middleware/TransformsRequest->handle(Object(Illuminate/Http/Request), Object(Closure))
#38 E:/website_trangsuc/laptrinhweb_thi_website_trangsuc/vendor/laravel/framework/src/Illuminate/Pipeline/Pipeline.php(219): Illuminate/Foundation/Http/Middleware/TrimStrings->handle(Object(Illuminate/Http/Request), Object(Closure))
#39 E:/website_trangsuc/laptrinhweb_thi_website_trangsuc/vendor/laravel/framework/src/Illuminate/Http/Middleware/ValidatePostSize.php(27): Illuminate/Pipeline/Pipeline->Illuminate/Pipeline/{closure}(Object(Illuminate/Http/Request))
#40 E:/website_trangsuc/laptrinhweb_thi_website_trangsuc/vendor/laravel/framework/src/Illuminate/Pipeline/Pipeline.php(219): Illuminate/Http/Middleware/ValidatePostSize->handle(Object(Illuminate/Http/Request), Object(Closure))
#41 E:/website_trangsuc/laptrinhweb_thi_website_trangsuc/vendor/laravel/framework/src/Illuminate/Foundation/Http/Middleware/PreventRequestsDuringMaintenance.php(109): Illuminate/Pipeline/Pipeline->Illuminate/Pipeline/{closure}(Object(Illuminate/Http/Request))
#42 E:/website_trangsuc/laptrinhweb_thi_website_trangsuc/vendor/laravel/framework/src/Illuminate/Pipeline/Pipeline.php(219): Illuminate/Foundation/Http/Middleware/PreventRequestsDuringMaintenance->handle(Object(Illuminate/Http/Request), Object(Closure))
#43 E:/website_trangsuc/laptrinhweb_thi_website_trangsuc/vendor/laravel/framework/src/Illuminate/Http/Middleware/HandleCors.php(61): Illuminate/Pipeline/Pipeline->Illuminate/Pipeline/{closure}(Object(Illuminate/Http/Request))
#44 E:/website_trangsuc/laptrinhweb_thi_website_trangsuc/vendor/laravel/framework/src/Illuminate/Pipeline/Pipeline.php(219): Illuminate/Http/Middleware/HandleCors->handle(Object(Illuminate/Http/Request), Object(Closure))
#45 E:/website_trangsuc/laptrinhweb_thi_website_trangsuc/vendor/laravel/framework/src/Illuminate/Http/Middleware/TrustProxies.php(58): Illuminate/Pipeline/Pipeline->Illuminate/Pipeline/{closure}(Object(Illuminate/Http/Request))
#46 E:/website_trangsuc/laptrinhweb_thi_website_trangsuc/vendor/laravel/framework/src/Illuminate/Pipeline/Pipeline.php(219): Illuminate/Http/Middleware/TrustProxies->handle(Object(Illuminate/Http/Request), Object(Closure))
#47 E:/website_trangsuc/laptrinhweb_thi_website_trangsuc/vendor/laravel/framework/src/Illuminate/Foundation/Http/Middleware/InvokeDeferredCallbacks.php(22): Illuminate/Pipeline/Pipeline->Illuminate/Pipeline/{closure}(Object(Illuminate/Http/Request))
#48 E:/website_trangsuc/laptrinhweb_thi_website_trangsuc/vendor/laravel/framework/src/Illuminate/Pipeline/Pipeline.php(219): Illuminate/Foundation/Http/Middleware/InvokeDeferredCallbacks->handle(Object(Illuminate/Http/Request), Object(Closure))
#49 E:/website_trangsuc/laptrinhweb_thi_website_trangsuc/vendor/laravel/framework/src/Illuminate/Http/Middleware/ValidatePathEncoding.php(26): Illuminate/Pipeline/Pipeline->Illuminate/Pipeline/{closure}(Object(Illuminate/Http/Request))
#50 E:/website_trangsuc/laptrinhweb_thi_website_trangsuc/vendor/laravel/framework/src/Illuminate/Pipeline/Pipeline.php(219): Illuminate/Http/Middleware/ValidatePathEncoding->handle(Object(Illuminate/Http/Request), Object(Closure))
#51 E:/website_trangsuc/laptrinhweb_thi_website_trangsuc/vendor/laravel/framework/src/Illuminate/Pipeline/Pipeline.php(137): Illuminate/Pipeline/Pipeline->Illuminate/Pipeline/{closure}(Object(Illuminate/Http/Request))
#52 E:/website_trangsuc/laptrinhweb_thi_website_trangsuc/vendor/laravel/framework/src/Illuminate/Foundation/Http/Kernel.php(175): Illuminate/Pipeline/Pipeline->then(Object(Closure))
#53 E:/website_trangsuc/laptrinhweb_thi_website_trangsuc/vendor/laravel/framework/src/Illuminate/Foundation/Http/Kernel.php(144): Illuminate/Foundation/Http/Kernel->sendRequestThroughRouter(Object(Illuminate/Http/Request))
#54 E:/website_trangsuc/laptrinhweb_thi_website_trangsuc/vendor/laravel/framework/src/Illuminate/Foundation/Application.php(1220): Illuminate/Foundation/Http/Kernel->handle(Object(Illuminate/Http/Request))
#55 E:/website_trangsuc/laptrinhweb_thi_website_trangsuc/public/index.php(20): Illuminate/Foundation/Application->handleRequest(Object(Illuminate/Http/Request))
#56 E:/website_trangsuc/laptrinhweb_thi_website_trangsuc/vendor/laravel/framework/src/Illuminate/Foundation/resources/server.php(23): require_once('E://website_tran...')
#57 {main}

[previous exception] [object] (ErrorException(code: 0): Undefined variable $user at E:/website_trangsuc/laptrinhweb_thi_website_trangsuc/storage/framework/views/b4bc1f3211d9f4a8083d47781d725cdf.php:26)
[stacktrace]
#0 E:/website_trangsuc/laptrinhweb_thi_website_trangsuc/vendor/laravel/framework/src/Illuminate/Foundation/Bootstrap/HandleExceptions.php(258): Illuminate/Foundation/Bootstrap/HandleExceptions->handleError(2, 'Undefined varia...', 'E://website_tran...', 26)
#1 E:/website_trangsuc/laptrinhweb_thi_website_trangsuc/storage/framework/views/b4bc1f3211d9f4a8083d47781d725cdf.php(26): Illuminate/Foundation/Bootstrap/HandleExceptions->Illuminate/Foundation/Bootstrap/{closure}(2, 'Undefined varia...', 'E://website_tran...', 26)
#2 E:/website_trangsuc/laptrinhweb_thi_website_trangsuc/vendor/laravel/framework/src/Illuminate/Filesystem/Filesystem.php(123): require('E://website_tran...')
#3 E:/website_trangsuc/laptrinhweb_thi_website_trangsuc/vendor/laravel/framework/src/Illuminate/Filesystem/Filesystem.php(124): Illuminate/Filesystem/Filesystem::Illuminate/Filesystem/{closure}()
#4 E:/website_trangsuc/laptrinhweb_thi_website_trangsuc/vendor/laravel/framework/src/Illuminate/View/Engines/PhpEngine.php(57): Illuminate/Filesystem/Filesystem->getRequire('E://website_tran...', Array)
#5 E:/website_trangsuc/laptrinhweb_thi_website_trangsuc/vendor/laravel/framework/src/Illuminate/View/Engines/CompilerEngine.php(76): Illuminate/View/Engines/PhpEngine->evaluatePath('E://website_tran...', Array)
#6 E:/website_trangsuc/laptrinhweb_thi_website_trangsuc/vendor/laravel/framework/src/Illuminate/View/View.php(208): Illuminate/View/Engines/CompilerEngine->get('E://website_tran...', Array)
#7 E:/website_trangsuc/laptrinhweb_thi_website_trangsuc/vendor/laravel/framework/src/Illuminate/View/View.php(191): Illuminate/View/View->getContents()
#8 E:/website_trangsuc/laptrinhweb_thi_website_trangsuc/vendor/laravel/framework/src/Illuminate/View/View.php(160): Illuminate/View/View->renderContents()
#9 E:/website_trangsuc/laptrinhweb_thi_website_trangsuc/vendor/laravel/framework/src/Illuminate/Http/Response.php(78): Illuminate/View/View->render()
#10 E:/website_trangsuc/laptrinhweb_thi_website_trangsuc/vendor/laravel/framework/src/Illuminate/Http/Response.php(34): Illuminate/Http/Response->setContent(Object(Illuminate/View/View))
#11 E:/website_trangsuc/laptrinhweb_thi_website_trangsuc/vendor/laravel/framework/src/Illuminate/Routing/Router.php(939): Illuminate/Http/Response->__construct(Object(Illuminate/View/View), 200, Array)
#12 E:/website_trangsuc/laptrinhweb_thi_website_trangsuc/vendor/laravel/framework/src/Illuminate/Routing/Router.php(906): Illuminate/Routing/Router::toResponse(Object(Illuminate/Http/Request), Object(Illuminate/View/View))
#13 E:/website_trangsuc/laptrinhweb_thi_website_trangsuc/vendor/laravel/framework/src/Illuminate/Routing/Router.php(821): Illuminate/Routing/Router->prepareResponse(Object(Illuminate/Http/Request), Object(Illuminate/View/View))
#14 E:/website_trangsuc/laptrinhweb_thi_website_trangsuc/vendor/laravel/framework/src/Illuminate/Pipeline/Pipeline.php(180): Illuminate/Routing/Router->Illuminate/Routing/{closure}(Object(Illuminate/Http/Request))
#15 E:/website_trangsuc/laptrinhweb_thi_website_trangsuc/vendor/laravel/framework/src/Illuminate/Routing/Middleware/SubstituteBindings.php(50): Illuminate/Pipeline/Pipeline->Illuminate/Pipeline/{closure}(Object(Illuminate/Http/Request))
#16 E:/website_trangsuc/laptrinhweb_thi_website_trangsuc/vendor/laravel/framework/src/Illuminate/Pipeline/Pipeline.php(219): Illuminate/Routing/Middleware/SubstituteBindings->handle(Object(Illuminate/Http/Request), Object(Closure))
#17 E:/website_trangsuc/laptrinhweb_thi_website_trangsuc/vendor/laravel/framework/src/Illuminate/Auth/Middleware/Authenticate.php(63): Illuminate/Pipeline/Pipeline->Illuminate/Pipeline/{closure}(Object(Illuminate/Http/Request))
#18 E:/website_trangsuc/laptrinhweb_thi_website_trangsuc/vendor/laravel/framework/src/Illuminate/Pipeline/Pipeline.php(219): Illuminate/Auth/Middleware/Authenticate->handle(Object(Illuminate/Http/Request), Object(Closure))
#19 E:/website_trangsuc/laptrinhweb_thi_website_trangsuc/vendor/laravel/framework/src/Illuminate/Foundation/Http/Middleware/VerifyCsrfToken.php(87): Illuminate/Pipeline/Pipeline->Illuminate/Pipeline/{closure}(Object(Illuminate/Http/Request))
#20 E:/website_trangsuc/laptrinhweb_thi_website_trangsuc/vendor/laravel/framework/src/Illuminate/Pipeline/Pipeline.php(219): Illuminate/Foundation/Http/Middleware/VerifyCsrfToken->handle(Object(Illuminate/Http/Request), Object(Closure))
#21 E:/website_trangsuc/laptrinhweb_thi_website_trangsuc/vendor/laravel/framework/src/Illuminate/View/Middleware/ShareErrorsFromSession.php(48): Illuminate/Pipeline/Pipeline->Illuminate/Pipeline/{closure}(Object(Illuminate/Http/Request))
#22 E:/website_trangsuc/laptrinhweb_thi_website_trangsuc/vendor/laravel/framework/src/Illuminate/Pipeline/Pipeline.php(219): Illuminate/View/Middleware/ShareErrorsFromSession->handle(Object(Illuminate/Http/Request), Object(Closure))
#23 E:/website_trangsuc/laptrinhweb_thi_website_trangsuc/vendor/laravel/framework/src/Illuminate/Session/Middleware/StartSession.php(120): Illuminate/Pipeline/Pipeline->Illuminate/Pipeline/{closure}(Object(Illuminate/Http/Request))
#24 E:/website_trangsuc/laptrinhweb_thi_website_trangsuc/vendor/laravel/framework/src/Illuminate/Session/Middleware/StartSession.php(63): Illuminate/Session/Middleware/StartSession->handleStatefulRequest(Object(Illuminate/Http/Request), Object(Illuminate/Session/Store), Object(Closure))
#25 E:/website_trangsuc/laptrinhweb_thi_website_trangsuc/vendor/laravel/framework/src/Illuminate/Pipeline/Pipeline.php(219): Illuminate/Session/Middleware/StartSession->handle(Object(Illuminate/Http/Request), Object(Closure))
#26 E:/website_trangsuc/laptrinhweb_thi_website_trangsuc/vendor/laravel/framework/src/Illuminate/Cookie/Middleware/AddQueuedCookiesToResponse.php(36): Illuminate/Pipeline/Pipeline->Illuminate/Pipeline/{closure}(Object(Illuminate/Http/Request))
#27 E:/website_trangsuc/laptrinhweb_thi_website_trangsuc/vendor/laravel/framework/src/Illuminate/Pipeline/Pipeline.php(219): Illuminate/Cookie/Middleware/AddQueuedCookiesToResponse->handle(Object(Illuminate/Http/Request), Object(Closure))
#28 E:/website_trangsuc/laptrinhweb_thi_website_trangsuc/vendor/laravel/framework/src/Illuminate/Cookie/Middleware/EncryptCookies.php(74): Illuminate/Pipeline/Pipeline->Illuminate/Pipeline/{closure}(Object(Illuminate/Http/Request))
#29 E:/website_trangsuc/laptrinhweb_thi_website_trangsuc/vendor/laravel/framework/src/Illuminate/Pipeline/Pipeline.php(219): Illuminate/Cookie/Middleware/EncryptCookies->handle(Object(Illuminate/Http/Request), Object(Closure))
#30 E:/website_trangsuc/laptrinhweb_thi_website_trangsuc/vendor/laravel/framework/src/Illuminate/Pipeline/Pipeline.php(137): Illuminate/Pipeline/Pipeline->Illuminate/Pipeline/{closure}(Object(Illuminate/Http/Request))
#31 E:/website_trangsuc/laptrinhweb_thi_website_trangsuc/vendor/laravel/framework/src/Illuminate/Routing/Router.php(821): Illuminate/Pipeline/Pipeline->then(Object(Closure))
#32 E:/website_trangsuc/laptrinhweb_thi_website_trangsuc/vendor/laravel/framework/src/Illuminate/Routing/Router.php(800): Illuminate/Routing/Router->runRouteWithinStack(Object(Illuminate/Routing/Route), Object(Illuminate/Http/Request))
#33 E:/website_trangsuc/laptrinhweb_thi_website_trangsuc/vendor/laravel/framework/src/Illuminate/Routing/Router.php(764): Illuminate/Routing/Router->runRoute(Object(Illuminate/Http/Request), Object(Illuminate/Routing/Route))
#34 E:/website_trangsuc/laptrinhweb_thi_website_trangsuc/vendor/laravel/framework/src/Illuminate/Routing/Router.php(753): Illuminate/Routing/Router->dispatchToRoute(Object(Illuminate/Http/Request))
#35 E:/website_trangsuc/laptrinhweb_thi_website_trangsuc/vendor/laravel/framework/src/Illuminate/Foundation/Http/Kernel.php(200): Illuminate/Routing/Router->dispatch(Object(Illuminate/Http/Request))
#36 E:/website_trangsuc/laptrinhweb_thi_website_trangsuc/vendor/laravel/framework/src/Illuminate/Pipeline/Pipeline.php(180): Illuminate/Foundation/Http/Kernel->Illuminate/Foundation/Http/{closure}(Object(Illuminate/Http/Request))
#37 E:/website_trangsuc/laptrinhweb_thi_website_trangsuc/vendor/laravel/framework/src/Illuminate/Foundation/Http/Middleware/TransformsRequest.php(21): Illuminate/Pipeline/Pipeline->Illuminate/Pipeline/{closure}(Object(Illuminate/Http/Request))
#38 E:/website_trangsuc/laptrinhweb_thi_website_trangsuc/vendor/laravel/framework/src/Illuminate/Foundation/Http/Middleware/ConvertEmptyStringsToNull.php(31): Illuminate/Foundation/Http/Middleware/TransformsRequest->handle(Object(Illuminate/Http/Request), Object(Closure))
#39 E:/website_trangsuc/laptrinhweb_thi_website_trangsuc/vendor/laravel/framework/src/Illuminate/Pipeline/Pipeline.php(219): Illuminate/Foundation/Http/Middleware/ConvertEmptyStringsToNull->handle(Object(Illuminate/Http/Request), Object(Closure))
#40 E:/website_trangsuc/laptrinhweb_thi_website_trangsuc/vendor/laravel/framework/src/Illuminate/Foundation/Http/Middleware/TransformsRequest.php(21): Illuminate/Pipeline/Pipeline->Illuminate/Pipeline/{closure}(Object(Illuminate/Http/Request))
#41 E:/website_trangsuc/laptrinhweb_thi_website_trangsuc/vendor/laravel/framework/src/Illuminate/Foundation/Http/Middleware/TrimStrings.php(51): Illuminate/Foundation/Http/Middleware/TransformsRequest->handle(Object(Illuminate/Http/Request), Object(Closure))
#42 E:/website_trangsuc/laptrinhweb_thi_website_trangsuc/vendor/laravel/framework/src/Illuminate/Pipeline/Pipeline.php(219): Illuminate/Foundation/Http/Middleware/TrimStrings->handle(Object(Illuminate/Http/Request), Object(Closure))
#43 E:/website_trangsuc/laptrinhweb_thi_website_trangsuc/vendor/laravel/framework/src/Illuminate/Http/Middleware/ValidatePostSize.php(27): Illuminate/Pipeline/Pipeline->Illuminate/Pipeline/{closure}(Object(Illuminate/Http/Request))
#44 E:/website_trangsuc/laptrinhweb_thi_website_trangsuc/vendor/laravel/framework/src/Illuminate/Pipeline/Pipeline.php(219): Illuminate/Http/Middleware/ValidatePostSize->handle(Object(Illuminate/Http/Request), Object(Closure))
#45 E:/website_trangsuc/laptrinhweb_thi_website_trangsuc/vendor/laravel/framework/src/Illuminate/Foundation/Http/Middleware/PreventRequestsDuringMaintenance.php(109): Illuminate/Pipeline/Pipeline->Illuminate/Pipeline/{closure}(Object(Illuminate/Http/Request))
#46 E:/website_trangsuc/laptrinhweb_thi_website_trangsuc/vendor/laravel/framework/src/Illuminate/Pipeline/Pipeline.php(219): Illuminate/Foundation/Http/Middleware/PreventRequestsDuringMaintenance->handle(Object(Illuminate/Http/Request), Object(Closure))
#47 E:/website_trangsuc/laptrinhweb_thi_website_trangsuc/vendor/laravel/framework/src/Illuminate/Http/Middleware/HandleCors.php(61): Illuminate/Pipeline/Pipeline->Illuminate/Pipeline/{closure}(Object(Illuminate/Http/Request))
#48 E:/website_trangsuc/laptrinhweb_thi_website_trangsuc/vendor/laravel/framework/src/Illuminate/Pipeline/Pipeline.php(219): Illuminate/Http/Middleware/HandleCors->handle(Object(Illuminate/Http/Request), Object(Closure))
#49 E:/website_trangsuc/laptrinhweb_thi_website_trangsuc/vendor/laravel/framework/src/Illuminate/Http/Middleware/TrustProxies.php(58): Illuminate/Pipeline/Pipeline->Illuminate/Pipeline/{closure}(Object(Illuminate/Http/Request))
#50 E:/website_trangsuc/laptrinhweb_thi_website_trangsuc/vendor/laravel/framework/src/Illuminate/Pipeline/Pipeline.php(219): Illuminate/Http/Middleware/TrustProxies->handle(Object(Illuminate/Http/Request), Object(Closure))
#51 E:/website_trangsuc/laptrinhweb_thi_website_trangsuc/vendor/laravel/framework/src/Illuminate/Foundation/Http/Middleware/InvokeDeferredCallbacks.php(22): Illuminate/Pipeline/Pipeline->Illuminate/Pipeline/{closure}(Object(Illuminate/Http/Request))
#52 E:/website_trangsuc/laptrinhweb_thi_website_trangsuc/vendor/laravel/framework/src/Illuminate/Pipeline/Pipeline.php(219): Illuminate/Foundation/Http/Middleware/InvokeDeferredCallbacks->handle(Object(Illuminate/Http/Request), Object(Closure))
#53 E:/website_trangsuc/laptrinhweb_thi_website_trangsuc/vendor/laravel/framework/src/Illuminate/Http/Middleware/ValidatePathEncoding.php(26): Illuminate/Pipeline/Pipeline->Illuminate/Pipeline/{closure}(Object(Illuminate/Http/Request))
#54 E:/website_trangsuc/laptrinhweb_thi_website_trangsuc/vendor/laravel/framework/src/Illuminate/Pipeline/Pipeline.php(219): Illuminate/Http/Middleware/ValidatePathEncoding->handle(Object(Illuminate/Http/Request), Object(Closure))
#55 E:/website_trangsuc/laptrinhweb_thi_website_trangsuc/vendor/laravel/framework/src/Illuminate/Pipeline/Pipeline.php(137): Illuminate/Pipeline/Pipeline->Illuminate/Pipeline/{closure}(Object(Illuminate/Http/Request))
#56 E:/website_trangsuc/laptrinhweb_thi_website_trangsuc/vendor/laravel/framework/src/Illuminate/Foundation/Http/Kernel.php(175): Illuminate/Pipeline/Pipeline->then(Object(Closure))
#57 E:/website_trangsuc/laptrinhweb_thi_website_trangsuc/vendor/laravel/framework/src/Illuminate/Foundation/Http/Kernel.php(144): Illuminate/Foundation/Http/Kernel->sendRequestThroughRouter(Object(Illuminate/Http/Request))
#58 E:/website_trangsuc/laptrinhweb_thi_website_trangsuc/vendor/laravel/framework/src/Illuminate/Foundation/Application.php(1220): Illuminate/Foundation/Http/Kernel->handle(Object(Illuminate/Http/Request))
#59 E:/website_trangsuc/laptrinhweb_thi_website_trangsuc/public/index.php(20): Illuminate/Foundation/Application->handleRequest(Object(Illuminate/Http/Request))
#60 E:/website_trangsuc/laptrinhweb_thi_website_trangsuc/vendor/laravel/framework/src/Illuminate/Foundation/resources/server.php(23): require_once('E://website_tran...')
#61 {main}
"} 
[2026-05-28 07:43:48] local.ERROR: Undefined variable $user (View: E:\website_trangsuc\laptrinhweb_thi_website_trangsuc\resources\views\admin\customers.blade.php) {"userId":"TK037","exception":"[object] (Illuminate\\View\\ViewException(code: 0): Undefined variable $user (View: E:\\website_trangsuc\\laptrinhweb_thi_website_trangsuc\\resources\\views\\admin\\customers.blade.php) at E:/website_trangsuc/laptrinhweb_thi_website_trangsuc/storage/framework/views/b4bc1f3211d9f4a8083d47781d725cdf.php:26)
[stacktrace]
#0 E:/website_trangsuc/laptrinhweb_thi_website_trangsuc/vendor/laravel/framework/src/Illuminate/View/Engines/PhpEngine.php(59): Illuminate/View/Engines/CompilerEngine->handleViewException(Object(ErrorException), 1)
#1 E:/website_trangsuc/laptrinhweb_thi_website_trangsuc/vendor/laravel/framework/src/Illuminate/View/Engines/CompilerEngine.php(76): Illuminate/View/Engines/PhpEngine->evaluatePath('E://website_tran...', Array)
#2 E:/website_trangsuc/laptrinhweb_thi_website_trangsuc/vendor/laravel/framework/src/Illuminate/View/View.php(208): Illuminate/View/Engines/CompilerEngine->get('E://website_tran...', Array)
#3 E:/website_trangsuc/laptrinhweb_thi_website_trangsuc/vendor/laravel/framework/src/Illuminate/View/View.php(191): Illuminate/View/View->getContents()
#4 E:/website_trangsuc/laptrinhweb_thi_website_trangsuc/vendor/laravel/framework/src/Illuminate/View/View.php(160): Illuminate/View/View->renderContents()
#5 E:/website_trangsuc/laptrinhweb_thi_website_trangsuc/vendor/laravel/framework/src/Illuminate/Http/Response.php(78): Illuminate/View/View->render()
#6 E:/website_trangsuc/laptrinhweb_thi_website_trangsuc/vendor/laravel/framework/src/Illuminate/Http/Response.php(34): Illuminate/Http/Response->setContent(Object(Illuminate/View/View))
#7 E:/website_trangsuc/laptrinhweb_thi_website_trangsuc/vendor/laravel/framework/src/Illuminate/Routing/Router.php(939): Illuminate/Http/Response->__construct(Object(Illuminate/View/View), 200, Array)
#8 E:/website_trangsuc/laptrinhweb_thi_website_trangsuc/vendor/laravel/framework/src/Illuminate/Routing/Router.php(906): Illuminate/Routing/Router::toResponse(Object(Illuminate/Http/Request), Object(Illuminate/View/View))
#9 E:/website_trangsuc/laptrinhweb_thi_website_trangsuc/vendor/laravel/framework/src/Illuminate/Routing/Router.php(821): Illuminate/Routing/Router->prepareResponse(Object(Illuminate/Http/Request), Object(Illuminate/View/View))
#10 E:/website_trangsuc/laptrinhweb_thi_website_trangsuc/vendor/laravel/framework/src/Illuminate/Pipeline/Pipeline.php(180): Illuminate/Routing/Router->Illuminate/Routing/{closure}(Object(Illuminate/Http/Request))
#11 E:/website_trangsuc/laptrinhweb_thi_website_trangsuc/vendor/laravel/framework/src/Illuminate/Routing/Middleware/SubstituteBindings.php(50): Illuminate/Pipeline/Pipeline->Illuminate/Pipeline/{closure}(Object(Illuminate/Http/Request))
#12 E:/website_trangsuc/laptrinhweb_thi_website_trangsuc/vendor/laravel/framework/src/Illuminate/Pipeline/Pipeline.php(219): Illuminate/Routing/Middleware/SubstituteBindings->handle(Object(Illuminate/Http/Request), Object(Closure))
#13 E:/website_trangsuc/laptrinhweb_thi_website_trangsuc/vendor/laravel/framework/src/Illuminate/Auth/Middleware/Authenticate.php(63): Illuminate/Pipeline/Pipeline->Illuminate/Pipeline/{closure}(Object(Illuminate/Http/Request))
#14 E:/website_trangsuc/laptrinhweb_thi_website_trangsuc/vendor/laravel/framework/src/Illuminate/Pipeline/Pipeline.php(219): Illuminate/Auth/Middleware/Authenticate->handle(Object(Illuminate/Http/Request), Object(Closure))
#15 E:/website_trangsuc/laptrinhweb_thi_website_trangsuc/vendor/laravel/framework/src/Illuminate/Foundation/Http/Middleware/VerifyCsrfToken.php(87): Illuminate/Pipeline/Pipeline->Illuminate/Pipeline/{closure}(Object(Illuminate/Http/Request))
#16 E:/website_trangsuc/laptrinhweb_thi_website_trangsuc/vendor/laravel/framework/src/Illuminate/Pipeline/Pipeline.php(219): Illuminate/Foundation/Http/Middleware/VerifyCsrfToken->handle(Object(Illuminate/Http/Request), Object(Closure))
#17 E:/website_trangsuc/laptrinhweb_thi_website_trangsuc/vendor/laravel/framework/src/Illuminate/View/Middleware/ShareErrorsFromSession.php(48): Illuminate/Pipeline/Pipeline->Illuminate/Pipeline/{closure}(Object(Illuminate/Http/Request))
#18 E:/website_trangsuc/laptrinhweb_thi_website_trangsuc/vendor/laravel/framework/src/Illuminate/Pipeline/Pipeline.php(219): Illuminate/View/Middleware/ShareErrorsFromSession->handle(Object(Illuminate/Http/Request), Object(Closure))
#19 E:/website_trangsuc/laptrinhweb_thi_website_trangsuc/vendor/laravel/framework/src/Illuminate/Session/Middleware/StartSession.php(120): Illuminate/Pipeline/Pipeline->Illuminate/Pipeline/{closure}(Object(Illuminate/Http/Request))
#20 E:/website_trangsuc/laptrinhweb_thi_website_trangsuc/vendor/laravel/framework/src/Illuminate/Session/Middleware/StartSession.php(63): Illuminate/Session/Middleware/StartSession->handleStatefulRequest(Object(Illuminate/Http/Request), Object(Illuminate/Session/Store), Object(Closure))
#21 E:/website_trangsuc/laptrinhweb_thi_website_trangsuc/vendor/laravel/framework/src/Illuminate/Pipeline/Pipeline.php(219): Illuminate/Session/Middleware/StartSession->handle(Object(Illuminate/Http/Request), Object(Closure))
#22 E:/website_trangsuc/laptrinhweb_thi_website_trangsuc/vendor/laravel/framework/src/Illuminate/Cookie/Middleware/AddQueuedCookiesToResponse.php(36): Illuminate/Pipeline/Pipeline->Illuminate/Pipeline/{closure}(Object(Illuminate/Http/Request))
#23 E:/website_trangsuc/laptrinhweb_thi_website_trangsuc/vendor/laravel/framework/src/Illuminate/Pipeline/Pipeline.php(219): Illuminate/Cookie/Middleware/AddQueuedCookiesToResponse->handle(Object(Illuminate/Http/Request), Object(Closure))
#24 E:/website_trangsuc/laptrinhweb_thi_website_trangsuc/vendor/laravel/framework/src/Illuminate/Cookie/Middleware/EncryptCookies.php(74): Illuminate/Pipeline/Pipeline->Illuminate/Pipeline/{closure}(Object(Illuminate/Http/Request))
#25 E:/website_trangsuc/laptrinhweb_thi_website_trangsuc/vendor/laravel/framework/src/Illuminate/Pipeline/Pipeline.php(219): Illuminate/Cookie/Middleware/EncryptCookies->handle(Object(Illuminate/Http/Request), Object(Closure))
#26 E:/website_trangsuc/laptrinhweb_thi_website_trangsuc/vendor/laravel/framework/src/Illuminate/Pipeline/Pipeline.php(137): Illuminate/Pipeline/Pipeline->Illuminate/Pipeline/{closure}(Object(Illuminate/Http/Request))
#27 E:/website_trangsuc/laptrinhweb_thi_website_trangsuc/vendor/laravel/framework/src/Illuminate/Routing/Router.php(821): Illuminate/Pipeline/Pipeline->then(Object(Closure))
#28 E:/website_trangsuc/laptrinhweb_thi_website_trangsuc/vendor/laravel/framework/src/Illuminate/Routing/Router.php(800): Illuminate/Routing/Router->runRouteWithinStack(Object(Illuminate/Routing/Route), Object(Illuminate/Http/Request))
#29 E:/website_trangsuc/laptrinhweb_thi_website_trangsuc/vendor/laravel/framework/src/Illuminate/Routing/Router.php(764): Illuminate/Routing/Router->runRoute(Object(Illuminate/Http/Request), Object(Illuminate/Routing/Route))
#30 E:/website_trangsuc/laptrinhweb_thi_website_trangsuc/vendor/laravel/framework/src/Illuminate/Routing/Router.php(753): Illuminate/Routing/Router->dispatchToRoute(Object(Illuminate/Http/Request))
#31 E:/website_trangsuc/laptrinhweb_thi_website_trangsuc/vendor/laravel/framework/src/Illuminate/Foundation/Http/Kernel.php(200): Illuminate/Routing/Router->dispatch(Object(Illuminate/Http/Request))
#32 E:/website_trangsuc/laptrinhweb_thi_website_trangsuc/vendor/laravel/framework/src/Illuminate/Pipeline/Pipeline.php(180): Illuminate/Foundation/Http/Kernel->Illuminate/Foundation/Http/{closure}(Object(Illuminate/Http/Request))
#33 E:/website_trangsuc/laptrinhweb_thi_website_trangsuc/vendor/laravel/framework/src/Illuminate/Foundation/Http/Middleware/TransformsRequest.php(21): Illuminate/Pipeline/Pipeline->Illuminate/Pipeline/{closure}(Object(Illuminate/Http/Request))
#34 E:/website_trangsuc/laptrinhweb_thi_website_trangsuc/vendor/laravel/framework/src/Illuminate/Foundation/Http/Middleware/ConvertEmptyStringsToNull.php(31): Illuminate/Foundation/Http/Middleware/TransformsRequest->handle(Object(Illuminate/Http/Request), Object(Closure))
#35 E:/website_trangsuc/laptrinhweb_thi_website_trangsuc/vendor/laravel/framework/src/Illuminate/Pipeline/Pipeline.php(219): Illuminate/Foundation/Http/Middleware/ConvertEmptyStringsToNull->handle(Object(Illuminate/Http/Request), Object(Closure))
#36 E:/website_trangsuc/laptrinhweb_thi_website_trangsuc/vendor/laravel/framework/src/Illuminate/Foundation/Http/Middleware/TransformsRequest.php(21): Illuminate/Pipeline/Pipeline->Illuminate/Pipeline/{closure}(Object(Illuminate/Http/Request))
#37 E:/website_trangsuc/laptrinhweb_thi_website_trangsuc/vendor/laravel/framework/src/Illuminate/Foundation/Http/Middleware/TrimStrings.php(51): Illuminate/Foundation/Http/Middleware/TransformsRequest->handle(Object(Illuminate/Http/Request), Object(Closure))
#38 E:/website_trangsuc/laptrinhweb_thi_website_trangsuc/vendor/laravel/framework/src/Illuminate/Pipeline/Pipeline.php(219): Illuminate/Foundation/Http/Middleware/TrimStrings->handle(Object(Illuminate/Http/Request), Object(Closure))
#39 E:/website_trangsuc/laptrinhweb_thi_website_trangsuc/vendor/laravel/framework/src/Illuminate/Http/Middleware/ValidatePostSize.php(27): Illuminate/Pipeline/Pipeline->Illuminate/Pipeline/{closure}(Object(Illuminate/Http/Request))
#40 E:/website_trangsuc/laptrinhweb_thi_website_trangsuc/vendor/laravel/framework/src/Illuminate/Pipeline/Pipeline.php(219): Illuminate/Http/Middleware/ValidatePostSize->handle(Object(Illuminate/Http/Request), Object(Closure))
#41 E:/website_trangsuc/laptrinhweb_thi_website_trangsuc/vendor/laravel/framework/src/Illuminate/Foundation/Http/Middleware/PreventRequestsDuringMaintenance.php(109): Illuminate/Pipeline/Pipeline->Illuminate/Pipeline/{closure}(Object(Illuminate/Http/Request))
#42 E:/website_trangsuc/laptrinhweb_thi_website_trangsuc/vendor/laravel/framework/src/Illuminate/Pipeline/Pipeline.php(219): Illuminate/Foundation/Http/Middleware/PreventRequestsDuringMaintenance->handle(Object(Illuminate/Http/Request), Object(Closure))
#43 E:/website_trangsuc/laptrinhweb_thi_website_trangsuc/vendor/laravel/framework/src/Illuminate/Http/Middleware/HandleCors.php(61): Illuminate/Pipeline/Pipeline->Illuminate/Pipeline/{closure}(Object(Illuminate/Http/Request))
#44 E:/website_trangsuc/laptrinhweb_thi_website_trangsuc/vendor/laravel/framework/src/Illuminate/Pipeline/Pipeline.php(219): Illuminate/Http/Middleware/HandleCors->handle(Object(Illuminate/Http/Request), Object(Closure))
#45 E:/website_trangsuc/laptrinhweb_thi_website_trangsuc/vendor/laravel/framework/src/Illuminate/Http/Middleware/TrustProxies.php(58): Illuminate/Pipeline/Pipeline->Illuminate/Pipeline/{closure}(Object(Illuminate/Http/Request))
#46 E:/website_trangsuc/laptrinhweb_thi_website_trangsuc/vendor/laravel/framework/src/Illuminate/Pipeline/Pipeline.php(219): Illuminate/Http/Middleware/TrustProxies->handle(Object(Illuminate/Http/Request), Object(Closure))
#47 E:/website_trangsuc/laptrinhweb_thi_website_trangsuc/vendor/laravel/framework/src/Illuminate/Foundation/Http/Middleware/InvokeDeferredCallbacks.php(22): Illuminate/Pipeline/Pipeline->Illuminate/Pipeline/{closure}(Object(Illuminate/Http/Request))
#48 E:/website_trangsuc/laptrinhweb_thi_website_trangsuc/vendor/laravel/framework/src/Illuminate/Pipeline/Pipeline.php(219): Illuminate/Foundation/Http/Middleware/InvokeDeferredCallbacks->handle(Object(Illuminate/Http/Request), Object(Closure))
#49 E:/website_trangsuc/laptrinhweb_thi_website_trangsuc/vendor/laravel/framework/src/Illuminate/Http/Middleware/ValidatePathEncoding.php(26): Illuminate/Pipeline/Pipeline->Illuminate/Pipeline/{closure}(Object(Illuminate/Http/Request))
#50 E:/website_trangsuc/laptrinhweb_thi_website_trangsuc/vendor/laravel/framework/src/Illuminate/Pipeline/Pipeline.php(219): Illuminate/Http/Middleware/ValidatePathEncoding->handle(Object(Illuminate/Http/Request), Object(Closure))
#51 E:/website_trangsuc/laptrinhweb_thi_website_trangsuc/vendor/laravel/framework/src/Illuminate/Pipeline/Pipeline.php(137): Illuminate/Pipeline/Pipeline->Illuminate/Pipeline/{closure}(Object(Illuminate/Http/Request))
#52 E:/website_trangsuc/laptrinhweb_thi_website_trangsuc/vendor/laravel/framework/src/Illuminate/Foundation/Http/Kernel.php(175): Illuminate/Pipeline/Pipeline->then(Object(Closure))
#53 E:/website_trangsuc/laptrinhweb_thi_website_trangsuc/vendor/laravel/framework/src/Illuminate/Foundation/Http/Kernel.php(144): Illuminate/Foundation/Http/Kernel->sendRequestThroughRouter(Object(Illuminate/Http/Request))
#54 E:/website_trangsuc/laptrinhweb_thi_website_trangsuc/vendor/laravel/framework/src/Illuminate/Foundation/Application.php(1220): Illuminate/Foundation/Http/Kernel->handle(Object(Illuminate/Http/Request))
#55 E:/website_trangsuc/laptrinhweb_thi_website_trangsuc/public/index.php(20): Illuminate/Foundation/Application->handleRequest(Object(Illuminate/Http/Request))
#56 E:/website_trangsuc/laptrinhweb_thi_website_trangsuc/vendor/laravel/framework/src/Illuminate/Foundation/resources/server.php(23): require_once('E://website_tran...')
#57 {main}

[previous exception] [object] (ErrorException(code: 0): Undefined variable $user at E:/website_trangsuc/laptrinhweb_thi_website_trangsuc/storage/framework/views/b4bc1f3211d9f4a8083d47781d725cdf.php:26)
[stacktrace]
#0 E:/website_trangsuc/laptrinhweb_thi_website_trangsuc/vendor/laravel/framework/src/Illuminate/Foundation/Bootstrap/HandleExceptions.php(258): Illuminate/Foundation/Bootstrap/HandleExceptions->handleError(2, 'Undefined varia...', 'E://website_tran...', 26)
#1 E:/website_trangsuc/laptrinhweb_thi_website_trangsuc/storage/framework/views/b4bc1f3211d9f4a8083d47781d725cdf.php(26): Illuminate/Foundation/Bootstrap/HandleExceptions->Illuminate/Foundation/Bootstrap/{closure}(2, 'Undefined varia...', 'E://website_tran...', 26)
#2 E:/website_trangsuc/laptrinhweb_thi_website_trangsuc/vendor/laravel/framework/src/Illuminate/Filesystem/Filesystem.php(123): require('E://website_tran...')
#3 E:/website_trangsuc/laptrinhweb_thi_website_trangsuc/vendor/laravel/framework/src/Illuminate/Filesystem/Filesystem.php(124): Illuminate/Filesystem/Filesystem::Illuminate/Filesystem/{closure}()
#4 E:/website_trangsuc/laptrinhweb_thi_website_trangsuc/vendor/laravel/framework/src/Illuminate/View/Engines/PhpEngine.php(57): Illuminate/Filesystem/Filesystem->getRequire('E://website_tran...', Array)
#5 E:/website_trangsuc/laptrinhweb_thi_website_trangsuc/vendor/laravel/framework/src/Illuminate/View/Engines/CompilerEngine.php(76): Illuminate/View/Engines/PhpEngine->evaluatePath('E://website_tran...', Array)
#6 E:/website_trangsuc/laptrinhweb_thi_website_trangsuc/vendor/laravel/framework/src/Illuminate/View/View.php(208): Illuminate/View/Engines/CompilerEngine->get('E://website_tran...', Array)
#7 E:/website_trangsuc/laptrinhweb_thi_website_trangsuc/vendor/laravel/framework/src/Illuminate/View/View.php(191): Illuminate/View/View->getContents()
#8 E:/website_trangsuc/laptrinhweb_thi_website_trangsuc/vendor/laravel/framework/src/Illuminate/View/View.php(160): Illuminate/View/View->renderContents()
#9 E:/website_trangsuc/laptrinhweb_thi_website_trangsuc/vendor/laravel/framework/src/Illuminate/Http/Response.php(78): Illuminate/View/View->render()
#10 E:/website_trangsuc/laptrinhweb_thi_website_trangsuc/vendor/laravel/framework/src/Illuminate/Http/Response.php(34): Illuminate/Http/Response->setContent(Object(Illuminate/View/View))
#11 E:/website_trangsuc/laptrinhweb_thi_website_trangsuc/vendor/laravel/framework/src/Illuminate/Routing/Router.php(939): Illuminate/Http/Response->__construct(Object(Illuminate/View/View), 200, Array)
#12 E:/website_trangsuc/laptrinhweb_thi_website_trangsuc/vendor/laravel/framework/src/Illuminate/Routing/Router.php(906): Illuminate/Routing/Router::toResponse(Object(Illuminate/Http/Request), Object(Illuminate/View/View))
#13 E:/website_trangsuc/laptrinhweb_thi_website_trangsuc/vendor/laravel/framework/src/Illuminate/Routing/Router.php(821): Illuminate/Routing/Router->prepareResponse(Object(Illuminate/Http/Request), Object(Illuminate/View/View))
#14 E:/website_trangsuc/laptrinhweb_thi_website_trangsuc/vendor/laravel/framework/src/Illuminate/Pipeline/Pipeline.php(180): Illuminate/Routing/Router->Illuminate/Routing/{closure}(Object(Illuminate/Http/Request))
#15 E:/website_trangsuc/laptrinhweb_thi_website_trangsuc/vendor/laravel/framework/src/Illuminate/Routing/Middleware/SubstituteBindings.php(50): Illuminate/Pipeline/Pipeline->Illuminate/Pipeline/{closure}(Object(Illuminate/Http/Request))
#16 E:/website_trangsuc/laptrinhweb_thi_website_trangsuc/vendor/laravel/framework/src/Illuminate/Pipeline/Pipeline.php(219): Illuminate/Routing/Middleware/SubstituteBindings->handle(Object(Illuminate/Http/Request), Object(Closure))
#17 E:/website_trangsuc/laptrinhweb_thi_website_trangsuc/vendor/laravel/framework/src/Illuminate/Auth/Middleware/Authenticate.php(63): Illuminate/Pipeline/Pipeline->Illuminate/Pipeline/{closure}(Object(Illuminate/Http/Request))
#18 E:/website_trangsuc/laptrinhweb_thi_website_trangsuc/vendor/laravel/framework/src/Illuminate/Pipeline/Pipeline.php(219): Illuminate/Auth/Middleware/Authenticate->handle(Object(Illuminate/Http/Request), Object(Closure))
#19 E:/website_trangsuc/laptrinhweb_thi_website_trangsuc/vendor/laravel/framework/src/Illuminate/Foundation/Http/Middleware/VerifyCsrfToken.php(87): Illuminate/Pipeline/Pipeline->Illuminate/Pipeline/{closure}(Object(Illuminate/Http/Request))
#20 E:/website_trangsuc/laptrinhweb_thi_website_trangsuc/vendor/laravel/framework/src/Illuminate/Pipeline/Pipeline.php(219): Illuminate/Foundation/Http/Middleware/VerifyCsrfToken->handle(Object(Illuminate/Http/Request), Object(Closure))
#21 E:/website_trangsuc/laptrinhweb_thi_website_trangsuc/vendor/laravel/framework/src/Illuminate/View/Middleware/ShareErrorsFromSession.php(48): Illuminate/Pipeline/Pipeline->Illuminate/Pipeline/{closure}(Object(Illuminate/Http/Request))
#22 E:/website_trangsuc/laptrinhweb_thi_website_trangsuc/vendor/laravel/framework/src/Illuminate/Pipeline/Pipeline.php(219): Illuminate/View/Middleware/ShareErrorsFromSession->handle(Object(Illuminate/Http/Request), Object(Closure))
#23 E:/website_trangsuc/laptrinhweb_thi_website_trangsuc/vendor/laravel/framework/src/Illuminate/Session/Middleware/StartSession.php(120): Illuminate/Pipeline/Pipeline->Illuminate/Pipeline/{closure}(Object(Illuminate/Http/Request))
#24 E:/website_trangsuc/laptrinhweb_thi_website_trangsuc/vendor/laravel/framework/src/Illuminate/Session/Middleware/StartSession.php(63): Illuminate/Session/Middleware/StartSession->handleStatefulRequest(Object(Illuminate/Http/Request), Object(Illuminate/Session/Store), Object(Closure))
#25 E:/website_trangsuc/laptrinhweb_thi_website_trangsuc/vendor/laravel/framework/src/Illuminate/Pipeline/Pipeline.php(219): Illuminate/Session/Middleware/StartSession->handle(Object(Illuminate/Http/Request), Object(Closure))
#26 E:/website_trangsuc/laptrinhweb_thi_website_trangsuc/vendor/laravel/framework/src/Illuminate/Cookie/Middleware/AddQueuedCookiesToResponse.php(36): Illuminate/Pipeline/Pipeline->Illuminate/Pipeline/{closure}(Object(Illuminate/Http/Request))
#27 E:/website_trangsuc/laptrinhweb_thi_website_trangsuc/vendor/laravel/framework/src/Illuminate/Pipeline/Pipeline.php(219): Illuminate/Cookie/Middleware/AddQueuedCookiesToResponse->handle(Object(Illuminate/Http/Request), Object(Closure))
#28 E:/website_trangsuc/laptrinhweb_thi_website_trangsuc/vendor/laravel/framework/src/Illuminate/Cookie/Middleware/EncryptCookies.php(74): Illuminate/Pipeline/Pipeline->Illuminate/Pipeline/{closure}(Object(Illuminate/Http/Request))
#29 E:/website_trangsuc/laptrinhweb_thi_website_trangsuc/vendor/laravel/framework/src/Illuminate/Pipeline/Pipeline.php(219): Illuminate/Cookie/Middleware/EncryptCookies->handle(Object(Illuminate/Http/Request), Object(Closure))
#30 E:/website_trangsuc/laptrinhweb_thi_website_trangsuc/vendor/laravel/framework/src/Illuminate/Pipeline/Pipeline.php(137): Illuminate/Pipeline/Pipeline->Illuminate/Pipeline/{closure}(Object(Illuminate/Http/Request))
#31 E:/website_trangsuc/laptrinhweb_thi_website_trangsuc/vendor/laravel/framework/src/Illuminate/Routing/Router.php(821): Illuminate/Pipeline/Pipeline->then(Object(Closure))
#32 E:/website_trangsuc/laptrinhweb_thi_website_trangsuc/vendor/laravel/framework/src/Illuminate/Routing/Router.php(800): Illuminate/Routing/Router->runRouteWithinStack(Object(Illuminate/Routing/Route), Object(Illuminate/Http/Request))
#33 E:/website_trangsuc/laptrinhweb_thi_website_trangsuc/vendor/laravel/framework/src/Illuminate/Routing/Router.php(764): Illuminate/Routing/Router->runRoute(Object(Illuminate/Http/Request), Object(Illuminate/Routing/Route))
#34 E:/website_trangsuc/laptrinhweb_thi_website_trangsuc/vendor/laravel/framework/src/Illuminate/Routing/Router.php(753): Illuminate/Routing/Router->dispatchToRoute(Object(Illuminate/Http/Request))
#35 E:/website_trangsuc/laptrinhweb_thi_website_trangsuc/vendor/laravel/framework/src/Illuminate/Foundation/Http/Kernel.php(200): Illuminate/Routing/Router->dispatch(Object(Illuminate/Http/Request))
#36 E:/website_trangsuc/laptrinhweb_thi_website_trangsuc/vendor/laravel/framework/src/Illuminate/Pipeline/Pipeline.php(180): Illuminate/Foundation/Http/Kernel->Illuminate/Foundation/Http/{closure}(Object(Illuminate/Http/Request))
#37 E:/website_trangsuc/laptrinhweb_thi_website_trangsuc/vendor/laravel/framework/src/Illuminate/Foundation/Http/Middleware/TransformsRequest.php(21): Illuminate/Pipeline/Pipeline->Illuminate/Pipeline/{closure}(Object(Illuminate/Http/Request))
#38 E:/website_trangsuc/laptrinhweb_thi_website_trangsuc/vendor/laravel/framework/src/Illuminate/Foundation/Http/Middleware/ConvertEmptyStringsToNull.php(31): Illuminate/Foundation/Http/Middleware/TransformsRequest->handle(Object(Illuminate/Http/Request), Object(Closure))
#39 E:/website_trangsuc/laptrinhweb_thi_website_trangsuc/vendor/laravel/framework/src/Illuminate/Pipeline/Pipeline.php(219): Illuminate/Foundation/Http/Middleware/ConvertEmptyStringsToNull->handle(Object(Illuminate/Http/Request), Object(Closure))
#40 E:/website_trangsuc/laptrinhweb_thi_website_trangsuc/vendor/laravel/framework/src/Illuminate/Foundation/Http/Middleware/TransformsRequest.php(21): Illuminate/Pipeline/Pipeline->Illuminate/Pipeline/{closure}(Object(Illuminate/Http/Request))
#41 E:/website_trangsuc/laptrinhweb_thi_website_trangsuc/vendor/laravel/framework/src/Illuminate/Foundation/Http/Middleware/TrimStrings.php(51): Illuminate/Foundation/Http/Middleware/TransformsRequest->handle(Object(Illuminate/Http/Request), Object(Closure))
#42 E:/website_trangsuc/laptrinhweb_thi_website_trangsuc/vendor/laravel/framework/src/Illuminate/Pipeline/Pipeline.php(219): Illuminate/Foundation/Http/Middleware/TrimStrings->handle(Object(Illuminate/Http/Request), Object(Closure))
#43 E:/website_trangsuc/laptrinhweb_thi_website_trangsuc/vendor/laravel/framework/src/Illuminate/Http/Middleware/ValidatePostSize.php(27): Illuminate/Pipeline/Pipeline->Illuminate/Pipeline/{closure}(Object(Illuminate/Http/Request))
#44 E:/website_trangsuc/laptrinhweb_thi_website_trangsuc/vendor/laravel/framework/src/Illuminate/Pipeline/Pipeline.php(219): Illuminate/Http/Middleware/ValidatePostSize->handle(Object(Illuminate/Http/Request), Object(Closure))
#45 E:/website_trangsuc/laptrinhweb_thi_website_trangsuc/vendor/laravel/framework/src/Illuminate/Foundation/Http/Middleware/PreventRequestsDuringMaintenance.php(109): Illuminate/Pipeline/Pipeline->Illuminate/Pipeline/{closure}(Object(Illuminate/Http/Request))
#46 E:/website_trangsuc/laptrinhweb_thi_website_trangsuc/vendor/laravel/framework/src/Illuminate/Pipeline/Pipeline.php(219): Illuminate/Foundation/Http/Middleware/PreventRequestsDuringMaintenance->handle(Object(Illuminate/Http/Request), Object(Closure))
#47 E:/website_trangsuc/laptrinhweb_thi_website_trangsuc/vendor/laravel/framework/src/Illuminate/Http/Middleware/HandleCors.php(61): Illuminate/Pipeline/Pipeline->Illuminate/Pipeline/{closure}(Object(Illuminate/Http/Request))
#48 E:/website_trangsuc/laptrinhweb_thi_website_trangsuc/vendor/laravel/framework/src/Illuminate/Pipeline/Pipeline.php(219): Illuminate/Http/Middleware/HandleCors->handle(Object(Illuminate/Http/Request), Object(Closure))
#49 E:/website_trangsuc/laptrinhweb_thi_website_trangsuc/vendor/laravel/framework/src/Illuminate/Http/Middleware/TrustProxies.php(58): Illuminate/Pipeline/Pipeline->Illuminate/Pipeline/{closure}(Object(Illuminate/Http/Request))
#50 E:/website_trangsuc/laptrinhweb_thi_website_trangsuc/vendor/laravel/framework/src/Illuminate/Pipeline/Pipeline.php(219): Illuminate/Http/Middleware/TrustProxies->handle(Object(Illuminate/Http/Request), Object(Closure))
#51 E:/website_trangsuc/laptrinhweb_thi_website_trangsuc/vendor/laravel/framework/src/Illuminate/Foundation/Http/Middleware/InvokeDeferredCallbacks.php(22): Illuminate/Pipeline/Pipeline->Illuminate/Pipeline/{closure}(Object(Illuminate/Http/Request))
#52 E:/website_trangsuc/laptrinhweb_thi_website_trangsuc/vendor/laravel/framework/src/Illuminate/Pipeline/Pipeline.php(219): Illuminate/Foundation/Http/Middleware/InvokeDeferredCallbacks->handle(Object(Illuminate/Http/Request), Object(Closure))
#53 E:/website_trangsuc/laptrinhweb_thi_website_trangsuc/vendor/laravel/framework/src/Illuminate/Http/Middleware/ValidatePathEncoding.php(26): Illuminate/Pipeline/Pipeline->Illuminate/Pipeline/{closure}(Object(Illuminate/Http/Request))
#54 E:/website_trangsuc/laptrinhweb_thi_website_trangsuc/vendor/laravel/framework/src/Illuminate/Pipeline/Pipeline.php(219): Illuminate/Http/Middleware/ValidatePathEncoding->handle(Object(Illuminate/Http/Request), Object(Closure))
#55 E:/website_trangsuc/laptrinhweb_thi_website_trangsuc/vendor/laravel/framework/src/Illuminate/Pipeline/Pipeline.php(137): Illuminate/Pipeline/Pipeline->Illuminate/Pipeline/{closure}(Object(Illuminate/Http/Request))
#56 E:/website_trangsuc/laptrinhweb_thi_website_trangsuc/vendor/laravel/framework/src/Illuminate/Foundation/Http/Kernel.php(175): Illuminate/Pipeline/Pipeline->then(Object(Closure))
#57 E:/website_trangsuc/laptrinhweb_thi_website_trangsuc/vendor/laravel/framework/src/Illuminate/Foundation/Http/Kernel.php(144): Illuminate/Foundation/Http/Kernel->sendRequestThroughRouter(Object(Illuminate/Http/Request))
#58 E:/website_trangsuc/laptrinhweb_thi_website_trangsuc/vendor/laravel/framework/src/Illuminate/Foundation/Application.php(1220): Illuminate/Foundation/Http/Kernel->handle(Object(Illuminate/Http/Request))
#59 E:/website_trangsuc/laptrinhweb_thi_website_trangsuc/public/index.php(20): Illuminate/Foundation/Application->handleRequest(Object(Illuminate/Http/Request))
#60 E:/website_trangsuc/laptrinhweb_thi_website_trangsuc/vendor/laravel/framework/src/Illuminate/Foundation/resources/server.php(23): require_once('E://website_tran...')
#61 {main}
"} 
[2026-05-28 09:27:39] local.ERROR: View [admin.customers] not found. {"userId":"TK037","exception":"[object] (InvalidArgumentException(code: 0): View [admin.customers] not found. at E:/website_trangsuc/laptrinhweb_thi_website_trangsuc/vendor/laravel/framework/src/Illuminate/View/FileViewFinder.php:138)
[stacktrace]
#0 E:/website_trangsuc/laptrinhweb_thi_website_trangsuc/vendor/laravel/framework/src/Illuminate/View/FileViewFinder.php(78): Illuminate/View/FileViewFinder->findInPaths('admin.customers', Array)
#1 E:/website_trangsuc/laptrinhweb_thi_website_trangsuc/vendor/laravel/framework/src/Illuminate/View/Factory.php(150): Illuminate/View/FileViewFinder->find('admin.customers')
#2 E:/website_trangsuc/laptrinhweb_thi_website_trangsuc/vendor/laravel/framework/src/Illuminate/Foundation/helpers.php(1100): Illuminate/View/Factory->make('admin.customers', Array, Array)
#3 E:/website_trangsuc/laptrinhweb_thi_website_trangsuc/app/Http/Controllers/AuthController.php(472): view('admin.customers', Array)
#4 E:/website_trangsuc/laptrinhweb_thi_website_trangsuc/vendor/laravel/framework/src/Illuminate/Routing/ControllerDispatcher.php(46): App/Http/Controllers/AuthController->listUsers(Object(Illuminate/Http/Request))
#5 E:/website_trangsuc/laptrinhweb_thi_website_trangsuc/vendor/laravel/framework/src/Illuminate/Routing/Route.php(265): Illuminate/Routing/ControllerDispatcher->dispatch(Object(Illuminate/Routing/Route), Object(App/Http/Controllers/AuthController), 'listUsers')
#6 E:/website_trangsuc/laptrinhweb_thi_website_trangsuc/vendor/laravel/framework/src/Illuminate/Routing/Route.php(211): Illuminate/Routing/Route->runController()
#7 E:/website_trangsuc/laptrinhweb_thi_website_trangsuc/vendor/laravel/framework/src/Illuminate/Routing/Router.php(822): Illuminate/Routing/Route->run()
#8 E:/website_trangsuc/laptrinhweb_thi_website_trangsuc/vendor/laravel/framework/src/Illuminate/Pipeline/Pipeline.php(180): Illuminate/Routing/Router->Illuminate/Routing/{closure}(Object(Illuminate/Http/Request))
#9 E:/website_trangsuc/laptrinhweb_thi_website_trangsuc/vendor/laravel/framework/src/Illuminate/Routing/Middleware/SubstituteBindings.php(50): Illuminate/Pipeline/Pipeline->Illuminate/Pipeline/{closure}(Object(Illuminate/Http/Request))
#10 E:/website_trangsuc/laptrinhweb_thi_website_trangsuc/vendor/laravel/framework/src/Illuminate/Pipeline/Pipeline.php(219): Illuminate/Routing/Middleware/SubstituteBindings->handle(Object(Illuminate/Http/Request), Object(Closure))
#11 E:/website_trangsuc/laptrinhweb_thi_website_trangsuc/vendor/laravel/framework/src/Illuminate/Auth/Middleware/Authenticate.php(63): Illuminate/Pipeline/Pipeline->Illuminate/Pipeline/{closure}(Object(Illuminate/Http/Request))
#12 E:/website_trangsuc/laptrinhweb_thi_website_trangsuc/vendor/laravel/framework/src/Illuminate/Pipeline/Pipeline.php(219): Illuminate/Auth/Middleware/Authenticate->handle(Object(Illuminate/Http/Request), Object(Closure))
#13 E:/website_trangsuc/laptrinhweb_thi_website_trangsuc/vendor/laravel/framework/src/Illuminate/Foundation/Http/Middleware/VerifyCsrfToken.php(87): Illuminate/Pipeline/Pipeline->Illuminate/Pipeline/{closure}(Object(Illuminate/Http/Request))
#14 E:/website_trangsuc/laptrinhweb_thi_website_trangsuc/vendor/laravel/framework/src/Illuminate/Pipeline/Pipeline.php(219): Illuminate/Foundation/Http/Middleware/VerifyCsrfToken->handle(Object(Illuminate/Http/Request), Object(Closure))
#15 E:/website_trangsuc/laptrinhweb_thi_website_trangsuc/vendor/laravel/framework/src/Illuminate/View/Middleware/ShareErrorsFromSession.php(48): Illuminate/Pipeline/Pipeline->Illuminate/Pipeline/{closure}(Object(Illuminate/Http/Request))
#16 E:/website_trangsuc/laptrinhweb_thi_website_trangsuc/vendor/laravel/framework/src/Illuminate/Pipeline/Pipeline.php(219): Illuminate/View/Middleware/ShareErrorsFromSession->handle(Object(Illuminate/Http/Request), Object(Closure))
#17 E:/website_trangsuc/laptrinhweb_thi_website_trangsuc/vendor/laravel/framework/src/Illuminate/Session/Middleware/StartSession.php(120): Illuminate/Pipeline/Pipeline->Illuminate/Pipeline/{closure}(Object(Illuminate/Http/Request))
#18 E:/website_trangsuc/laptrinhweb_thi_website_trangsuc/vendor/laravel/framework/src/Illuminate/Session/Middleware/StartSession.php(63): Illuminate/Session/Middleware/StartSession->handleStatefulRequest(Object(Illuminate/Http/Request), Object(Illuminate/Session/Store), Object(Closure))
#19 E:/website_trangsuc/laptrinhweb_thi_website_trangsuc/vendor/laravel/framework/src/Illuminate/Pipeline/Pipeline.php(219): Illuminate/Session/Middleware/StartSession->handle(Object(Illuminate/Http/Request), Object(Closure))
#20 E:/website_trangsuc/laptrinhweb_thi_website_trangsuc/vendor/laravel/framework/src/Illuminate/Cookie/Middleware/AddQueuedCookiesToResponse.php(36): Illuminate/Pipeline/Pipeline->Illuminate/Pipeline/{closure}(Object(Illuminate/Http/Request))
#21 E:/website_trangsuc/laptrinhweb_thi_website_trangsuc/vendor/laravel/framework/src/Illuminate/Pipeline/Pipeline.php(219): Illuminate/Cookie/Middleware/AddQueuedCookiesToResponse->handle(Object(Illuminate/Http/Request), Object(Closure))
#22 E:/website_trangsuc/laptrinhweb_thi_website_trangsuc/vendor/laravel/framework/src/Illuminate/Cookie/Middleware/EncryptCookies.php(74): Illuminate/Pipeline/Pipeline->Illuminate/Pipeline/{closure}(Object(Illuminate/Http/Request))
#23 E:/website_trangsuc/laptrinhweb_thi_website_trangsuc/vendor/laravel/framework/src/Illuminate/Pipeline/Pipeline.php(219): Illuminate/Cookie/Middleware/EncryptCookies->handle(Object(Illuminate/Http/Request), Object(Closure))
#24 E:/website_trangsuc/laptrinhweb_thi_website_trangsuc/vendor/laravel/framework/src/Illuminate/Pipeline/Pipeline.php(137): Illuminate/Pipeline/Pipeline->Illuminate/Pipeline/{closure}(Object(Illuminate/Http/Request))
#25 E:/website_trangsuc/laptrinhweb_thi_website_trangsuc/vendor/laravel/framework/src/Illuminate/Routing/Router.php(821): Illuminate/Pipeline/Pipeline->then(Object(Closure))
#26 E:/website_trangsuc/laptrinhweb_thi_website_trangsuc/vendor/laravel/framework/src/Illuminate/Routing/Router.php(800): Illuminate/Routing/Router->runRouteWithinStack(Object(Illuminate/Routing/Route), Object(Illuminate/Http/Request))
#27 E:/website_trangsuc/laptrinhweb_thi_website_trangsuc/vendor/laravel/framework/src/Illuminate/Routing/Router.php(764): Illuminate/Routing/Router->runRoute(Object(Illuminate/Http/Request), Object(Illuminate/Routing/Route))
#28 E:/website_trangsuc/laptrinhweb_thi_website_trangsuc/vendor/laravel/framework/src/Illuminate/Routing/Router.php(753): Illuminate/Routing/Router->dispatchToRoute(Object(Illuminate/Http/Request))
#29 E:/website_trangsuc/laptrinhweb_thi_website_trangsuc/vendor/laravel/framework/src/Illuminate/Foundation/Http/Kernel.php(200): Illuminate/Routing/Router->dispatch(Object(Illuminate/Http/Request))
#30 E:/website_trangsuc/laptrinhweb_thi_website_trangsuc/vendor/laravel/framework/src/Illuminate/Pipeline/Pipeline.php(180): Illuminate/Foundation/Http/Kernel->Illuminate/Foundation/Http/{closure}(Object(Illuminate/Http/Request))
#31 E:/website_trangsuc/laptrinhweb_thi_website_trangsuc/vendor/laravel/framework/src/Illuminate/Foundation/Http/Middleware/TransformsRequest.php(21): Illuminate/Pipeline/Pipeline->Illuminate/Pipeline/{closure}(Object(Illuminate/Http/Request))
#32 E:/website_trangsuc/laptrinhweb_thi_website_trangsuc/vendor/laravel/framework/src/Illuminate/Foundation/Http/Middleware/ConvertEmptyStringsToNull.php(31): Illuminate/Foundation/Http/Middleware/TransformsRequest->handle(Object(Illuminate/Http/Request), Object(Closure))
#33 E:/website_trangsuc/laptrinhweb_thi_website_trangsuc/vendor/laravel/framework/src/Illuminate/Pipeline/Pipeline.php(219): Illuminate/Foundation/Http/Middleware/ConvertEmptyStringsToNull->handle(Object(Illuminate/Http/Request), Object(Closure))
#34 E:/website_trangsuc/laptrinhweb_thi_website_trangsuc/vendor/laravel/framework/src/Illuminate/Foundation/Http/Middleware/TransformsRequest.php(21): Illuminate/Pipeline/Pipeline->Illuminate/Pipeline/{closure}(Object(Illuminate/Http/Request))
#35 E:/website_trangsuc/laptrinhweb_thi_website_trangsuc/vendor/laravel/framework/src/Illuminate/Foundation/Http/Middleware/TrimStrings.php(51): Illuminate/Foundation/Http/Middleware/TransformsRequest->handle(Object(Illuminate/Http/Request), Object(Closure))
#36 E:/website_trangsuc/laptrinhweb_thi_website_trangsuc/vendor/laravel/framework/src/Illuminate/Pipeline/Pipeline.php(219): Illuminate/Foundation/Http/Middleware/TrimStrings->handle(Object(Illuminate/Http/Request), Object(Closure))
#37 E:/website_trangsuc/laptrinhweb_thi_website_trangsuc/vendor/laravel/framework/src/Illuminate/Http/Middleware/ValidatePostSize.php(27): Illuminate/Pipeline/Pipeline->Illuminate/Pipeline/{closure}(Object(Illuminate/Http/Request))
#38 E:/website_trangsuc/laptrinhweb_thi_website_trangsuc/vendor/laravel/framework/src/Illuminate/Pipeline/Pipeline.php(219): Illuminate/Http/Middleware/ValidatePostSize->handle(Object(Illuminate/Http/Request), Object(Closure))
#39 E:/website_trangsuc/laptrinhweb_thi_website_trangsuc/vendor/laravel/framework/src/Illuminate/Foundation/Http/Middleware/PreventRequestsDuringMaintenance.php(109): Illuminate/Pipeline/Pipeline->Illuminate/Pipeline/{closure}(Object(Illuminate/Http/Request))
#40 E:/website_trangsuc/laptrinhweb_thi_website_trangsuc/vendor/laravel/framework/src/Illuminate/Pipeline/Pipeline.php(219): Illuminate/Foundation/Http/Middleware/PreventRequestsDuringMaintenance->handle(Object(Illuminate/Http/Request), Object(Closure))
#41 E:/website_trangsuc/laptrinhweb_thi_website_trangsuc/vendor/laravel/framework/src/Illuminate/Http/Middleware/HandleCors.php(61): Illuminate/Pipeline/Pipeline->Illuminate/Pipeline/{closure}(Object(Illuminate/Http/Request))
#42 E:/website_trangsuc/laptrinhweb_thi_website_trangsuc/vendor/laravel/framework/src/Illuminate/Pipeline/Pipeline.php(219): Illuminate/Http/Middleware/HandleCors->handle(Object(Illuminate/Http/Request), Object(Closure))
#43 E:/website_trangsuc/laptrinhweb_thi_website_trangsuc/vendor/laravel/framework/src/Illuminate/Http/Middleware/TrustProxies.php(58): Illuminate/Pipeline/Pipeline->Illuminate/Pipeline/{closure}(Object(Illuminate/Http/Request))
#44 E:/website_trangsuc/laptrinhweb_thi_website_trangsuc/vendor/laravel/framework/src/Illuminate/Pipeline/Pipeline.php(219): Illuminate/Http/Middleware/TrustProxies->handle(Object(Illuminate/Http/Request), Object(Closure))
#45 E:/website_trangsuc/laptrinhweb_thi_website_trangsuc/vendor/laravel/framework/src/Illuminate/Foundation/Http/Middleware/InvokeDeferredCallbacks.php(22): Illuminate/Pipeline/Pipeline->Illuminate/Pipeline/{closure}(Object(Illuminate/Http/Request))
#46 E:/website_trangsuc/laptrinhweb_thi_website_trangsuc/vendor/laravel/framework/src/Illuminate/Pipeline/Pipeline.php(219): Illuminate/Foundation/Http/Middleware/InvokeDeferredCallbacks->handle(Object(Illuminate/Http/Request), Object(Closure))
#47 E:/website_trangsuc/laptrinhweb_thi_website_trangsuc/vendor/laravel/framework/src/Illuminate/Http/Middleware/ValidatePathEncoding.php(26): Illuminate/Pipeline/Pipeline->Illuminate/Pipeline/{closure}(Object(Illuminate/Http/Request))
#48 E:/website_trangsuc/laptrinhweb_thi_website_trangsuc/vendor/laravel/framework/src/Illuminate/Pipeline/Pipeline.php(219): Illuminate/Http/Middleware/ValidatePathEncoding->handle(Object(Illuminate/Http/Request), Object(Closure))
#49 E:/website_trangsuc/laptrinhweb_thi_website_trangsuc/vendor/laravel/framework/src/Illuminate/Pipeline/Pipeline.php(137): Illuminate/Pipeline/Pipeline->Illuminate/Pipeline/{closure}(Object(Illuminate/Http/Request))
#50 E:/website_trangsuc/laptrinhweb_thi_website_trangsuc/vendor/laravel/framework/src/Illuminate/Foundation/Http/Kernel.php(175): Illuminate/Pipeline/Pipeline->then(Object(Closure))
#51 E:/website_trangsuc/laptrinhweb_thi_website_trangsuc/vendor/laravel/framework/src/Illuminate/Foundation/Http/Kernel.php(144): Illuminate/Foundation/Http/Kernel->sendRequestThroughRouter(Object(Illuminate/Http/Request))
#52 E:/website_trangsuc/laptrinhweb_thi_website_trangsuc/vendor/laravel/framework/src/Illuminate/Foundation/Application.php(1220): Illuminate/Foundation/Http/Kernel->handle(Object(Illuminate/Http/Request))
#53 E:/website_trangsuc/laptrinhweb_thi_website_trangsuc/public/index.php(20): Illuminate/Foundation/Application->handleRequest(Object(Illuminate/Http/Request))
#54 E:/website_trangsuc/laptrinhweb_thi_website_trangsuc/vendor/laravel/framework/src/Illuminate/Foundation/resources/server.php(23): require_once('E://website_tran...')
#55 {main}
"} 
[2026-05-28 09:27:52] local.ERROR: View [admin.customers] not found. {"userId":"TK037","exception":"[object] (InvalidArgumentException(code: 0): View [admin.customers] not found. at E:/website_trangsuc/laptrinhweb_thi_website_trangsuc/vendor/laravel/framework/src/Illuminate/View/FileViewFinder.php:138)
[stacktrace]
#0 E:/website_trangsuc/laptrinhweb_thi_website_trangsuc/vendor/laravel/framework/src/Illuminate/View/FileViewFinder.php(78): Illuminate/View/FileViewFinder->findInPaths('admin.customers', Array)
#1 E:/website_trangsuc/laptrinhweb_thi_website_trangsuc/vendor/laravel/framework/src/Illuminate/View/Factory.php(150): Illuminate/View/FileViewFinder->find('admin.customers')
#2 E:/website_trangsuc/laptrinhweb_thi_website_trangsuc/vendor/laravel/framework/src/Illuminate/Foundation/helpers.php(1100): Illuminate/View/Factory->make('admin.customers', Array, Array)
#3 E:/website_trangsuc/laptrinhweb_thi_website_trangsuc/app/Http/Controllers/AuthController.php(472): view('admin.customers', Array)
#4 E:/website_trangsuc/laptrinhweb_thi_website_trangsuc/vendor/laravel/framework/src/Illuminate/Routing/ControllerDispatcher.php(46): App/Http/Controllers/AuthController->listUsers(Object(Illuminate/Http/Request))
#5 E:/website_trangsuc/laptrinhweb_thi_website_trangsuc/vendor/laravel/framework/src/Illuminate/Routing/Route.php(265): Illuminate/Routing/ControllerDispatcher->dispatch(Object(Illuminate/Routing/Route), Object(App/Http/Controllers/AuthController), 'listUsers')
#6 E:/website_trangsuc/laptrinhweb_thi_website_trangsuc/vendor/laravel/framework/src/Illuminate/Routing/Route.php(211): Illuminate/Routing/Route->runController()
#7 E:/website_trangsuc/laptrinhweb_thi_website_trangsuc/vendor/laravel/framework/src/Illuminate/Routing/Router.php(822): Illuminate/Routing/Route->run()
#8 E:/website_trangsuc/laptrinhweb_thi_website_trangsuc/vendor/laravel/framework/src/Illuminate/Pipeline/Pipeline.php(180): Illuminate/Routing/Router->Illuminate/Routing/{closure}(Object(Illuminate/Http/Request))
#9 E:/website_trangsuc/laptrinhweb_thi_website_trangsuc/vendor/laravel/framework/src/Illuminate/Routing/Middleware/SubstituteBindings.php(50): Illuminate/Pipeline/Pipeline->Illuminate/Pipeline/{closure}(Object(Illuminate/Http/Request))
#10 E:/website_trangsuc/laptrinhweb_thi_website_trangsuc/vendor/laravel/framework/src/Illuminate/Pipeline/Pipeline.php(219): Illuminate/Routing/Middleware/SubstituteBindings->handle(Object(Illuminate/Http/Request), Object(Closure))
#11 E:/website_trangsuc/laptrinhweb_thi_website_trangsuc/vendor/laravel/framework/src/Illuminate/Auth/Middleware/Authenticate.php(63): Illuminate/Pipeline/Pipeline->Illuminate/Pipeline/{closure}(Object(Illuminate/Http/Request))
#12 E:/website_trangsuc/laptrinhweb_thi_website_trangsuc/vendor/laravel/framework/src/Illuminate/Pipeline/Pipeline.php(219): Illuminate/Auth/Middleware/Authenticate->handle(Object(Illuminate/Http/Request), Object(Closure))
#13 E:/website_trangsuc/laptrinhweb_thi_website_trangsuc/vendor/laravel/framework/src/Illuminate/Foundation/Http/Middleware/VerifyCsrfToken.php(87): Illuminate/Pipeline/Pipeline->Illuminate/Pipeline/{closure}(Object(Illuminate/Http/Request))
#14 E:/website_trangsuc/laptrinhweb_thi_website_trangsuc/vendor/laravel/framework/src/Illuminate/Pipeline/Pipeline.php(219): Illuminate/Foundation/Http/Middleware/VerifyCsrfToken->handle(Object(Illuminate/Http/Request), Object(Closure))
#15 E:/website_trangsuc/laptrinhweb_thi_website_trangsuc/vendor/laravel/framework/src/Illuminate/View/Middleware/ShareErrorsFromSession.php(48): Illuminate/Pipeline/Pipeline->Illuminate/Pipeline/{closure}(Object(Illuminate/Http/Request))
#16 E:/website_trangsuc/laptrinhweb_thi_website_trangsuc/vendor/laravel/framework/src/Illuminate/Pipeline/Pipeline.php(219): Illuminate/View/Middleware/ShareErrorsFromSession->handle(Object(Illuminate/Http/Request), Object(Closure))
#17 E:/website_trangsuc/laptrinhweb_thi_website_trangsuc/vendor/laravel/framework/src/Illuminate/Session/Middleware/StartSession.php(120): Illuminate/Pipeline/Pipeline->Illuminate/Pipeline/{closure}(Object(Illuminate/Http/Request))
#18 E:/website_trangsuc/laptrinhweb_thi_website_trangsuc/vendor/laravel/framework/src/Illuminate/Session/Middleware/StartSession.php(63): Illuminate/Session/Middleware/StartSession->handleStatefulRequest(Object(Illuminate/Http/Request), Object(Illuminate/Session/Store), Object(Closure))
#19 E:/website_trangsuc/laptrinhweb_thi_website_trangsuc/vendor/laravel/framework/src/Illuminate/Pipeline/Pipeline.php(219): Illuminate/Session/Middleware/StartSession->handle(Object(Illuminate/Http/Request), Object(Closure))
#20 E:/website_trangsuc/laptrinhweb_thi_website_trangsuc/vendor/laravel/framework/src/Illuminate/Cookie/Middleware/AddQueuedCookiesToResponse.php(36): Illuminate/Pipeline/Pipeline->Illuminate/Pipeline/{closure}(Object(Illuminate/Http/Request))
#21 E:/website_trangsuc/laptrinhweb_thi_website_trangsuc/vendor/laravel/framework/src/Illuminate/Pipeline/Pipeline.php(219): Illuminate/Cookie/Middleware/AddQueuedCookiesToResponse->handle(Object(Illuminate/Http/Request), Object(Closure))
#22 E:/website_trangsuc/laptrinhweb_thi_website_trangsuc/vendor/laravel/framework/src/Illuminate/Cookie/Middleware/EncryptCookies.php(74): Illuminate/Pipeline/Pipeline->Illuminate/Pipeline/{closure}(Object(Illuminate/Http/Request))
#23 E:/website_trangsuc/laptrinhweb_thi_website_trangsuc/vendor/laravel/framework/src/Illuminate/Pipeline/Pipeline.php(219): Illuminate/Cookie/Middleware/EncryptCookies->handle(Object(Illuminate/Http/Request), Object(Closure))
#24 E:/website_trangsuc/laptrinhweb_thi_website_trangsuc/vendor/laravel/framework/src/Illuminate/Pipeline/Pipeline.php(137): Illuminate/Pipeline/Pipeline->Illuminate/Pipeline/{closure}(Object(Illuminate/Http/Request))
#25 E:/website_trangsuc/laptrinhweb_thi_website_trangsuc/vendor/laravel/framework/src/Illuminate/Routing/Router.php(821): Illuminate/Pipeline/Pipeline->then(Object(Closure))
#26 E:/website_trangsuc/laptrinhweb_thi_website_trangsuc/vendor/laravel/framework/src/Illuminate/Routing/Router.php(800): Illuminate/Routing/Router->runRouteWithinStack(Object(Illuminate/Routing/Route), Object(Illuminate/Http/Request))
#27 E:/website_trangsuc/laptrinhweb_thi_website_trangsuc/vendor/laravel/framework/src/Illuminate/Routing/Router.php(764): Illuminate/Routing/Router->runRoute(Object(Illuminate/Http/Request), Object(Illuminate/Routing/Route))
#28 E:/website_trangsuc/laptrinhweb_thi_website_trangsuc/vendor/laravel/framework/src/Illuminate/Routing/Router.php(753): Illuminate/Routing/Router->dispatchToRoute(Object(Illuminate/Http/Request))
#29 E:/website_trangsuc/laptrinhweb_thi_website_trangsuc/vendor/laravel/framework/src/Illuminate/Foundation/Http/Kernel.php(200): Illuminate/Routing/Router->dispatch(Object(Illuminate/Http/Request))
#30 E:/website_trangsuc/laptrinhweb_thi_website_trangsuc/vendor/laravel/framework/src/Illuminate/Pipeline/Pipeline.php(180): Illuminate/Foundation/Http/Kernel->Illuminate/Foundation/Http/{closure}(Object(Illuminate/Http/Request))
#31 E:/website_trangsuc/laptrinhweb_thi_website_trangsuc/vendor/laravel/framework/src/Illuminate/Foundation/Http/Middleware/TransformsRequest.php(21): Illuminate/Pipeline/Pipeline->Illuminate/Pipeline/{closure}(Object(Illuminate/Http/Request))
#32 E:/website_trangsuc/laptrinhweb_thi_website_trangsuc/vendor/laravel/framework/src/Illuminate/Foundation/Http/Middleware/ConvertEmptyStringsToNull.php(31): Illuminate/Foundation/Http/Middleware/TransformsRequest->handle(Object(Illuminate/Http/Request), Object(Closure))
#33 E:/website_trangsuc/laptrinhweb_thi_website_trangsuc/vendor/laravel/framework/src/Illuminate/Pipeline/Pipeline.php(219): Illuminate/Foundation/Http/Middleware/ConvertEmptyStringsToNull->handle(Object(Illuminate/Http/Request), Object(Closure))
#34 E:/website_trangsuc/laptrinhweb_thi_website_trangsuc/vendor/laravel/framework/src/Illuminate/Foundation/Http/Middleware/TransformsRequest.php(21): Illuminate/Pipeline/Pipeline->Illuminate/Pipeline/{closure}(Object(Illuminate/Http/Request))
#35 E:/website_trangsuc/laptrinhweb_thi_website_trangsuc/vendor/laravel/framework/src/Illuminate/Foundation/Http/Middleware/TrimStrings.php(51): Illuminate/Foundation/Http/Middleware/TransformsRequest->handle(Object(Illuminate/Http/Request), Object(Closure))
#36 E:/website_trangsuc/laptrinhweb_thi_website_trangsuc/vendor/laravel/framework/src/Illuminate/Pipeline/Pipeline.php(219): Illuminate/Foundation/Http/Middleware/TrimStrings->handle(Object(Illuminate/Http/Request), Object(Closure))
#37 E:/website_trangsuc/laptrinhweb_thi_website_trangsuc/vendor/laravel/framework/src/Illuminate/Http/Middleware/ValidatePostSize.php(27): Illuminate/Pipeline/Pipeline->Illuminate/Pipeline/{closure}(Object(Illuminate/Http/Request))
#38 E:/website_trangsuc/laptrinhweb_thi_website_trangsuc/vendor/laravel/framework/src/Illuminate/Pipeline/Pipeline.php(219): Illuminate/Http/Middleware/ValidatePostSize->handle(Object(Illuminate/Http/Request), Object(Closure))
#39 E:/website_trangsuc/laptrinhweb_thi_website_trangsuc/vendor/laravel/framework/src/Illuminate/Foundation/Http/Middleware/PreventRequestsDuringMaintenance.php(109): Illuminate/Pipeline/Pipeline->Illuminate/Pipeline/{closure}(Object(Illuminate/Http/Request))
#40 E:/website_trangsuc/laptrinhweb_thi_website_trangsuc/vendor/laravel/framework/src/Illuminate/Pipeline/Pipeline.php(219): Illuminate/Foundation/Http/Middleware/PreventRequestsDuringMaintenance->handle(Object(Illuminate/Http/Request), Object(Closure))
#41 E:/website_trangsuc/laptrinhweb_thi_website_trangsuc/vendor/laravel/framework/src/Illuminate/Http/Middleware/HandleCors.php(61): Illuminate/Pipeline/Pipeline->Illuminate/Pipeline/{closure}(Object(Illuminate/Http/Request))
#42 E:/website_trangsuc/laptrinhweb_thi_website_trangsuc/vendor/laravel/framework/src/Illuminate/Pipeline/Pipeline.php(219): Illuminate/Http/Middleware/HandleCors->handle(Object(Illuminate/Http/Request), Object(Closure))
#43 E:/website_trangsuc/laptrinhweb_thi_website_trangsuc/vendor/laravel/framework/src/Illuminate/Http/Middleware/TrustProxies.php(58): Illuminate/Pipeline/Pipeline->Illuminate/Pipeline/{closure}(Object(Illuminate/Http/Request))
#44 E:/website_trangsuc/laptrinhweb_thi_website_trangsuc/vendor/laravel/framework/src/Illuminate/Pipeline/Pipeline.php(219): Illuminate/Http/Middleware/TrustProxies->handle(Object(Illuminate/Http/Request), Object(Closure))
#45 E:/website_trangsuc/laptrinhweb_thi_website_trangsuc/vendor/laravel/framework/src/Illuminate/Foundation/Http/Middleware/InvokeDeferredCallbacks.php(22): Illuminate/Pipeline/Pipeline->Illuminate/Pipeline/{closure}(Object(Illuminate/Http/Request))
#46 E:/website_trangsuc/laptrinhweb_thi_website_trangsuc/vendor/laravel/framework/src/Illuminate/Pipeline/Pipeline.php(219): Illuminate/Foundation/Http/Middleware/InvokeDeferredCallbacks->handle(Object(Illuminate/Http/Request), Object(Closure))
#47 E:/website_trangsuc/laptrinhweb_thi_website_trangsuc/vendor/laravel/framework/src/Illuminate/Http/Middleware/ValidatePathEncoding.php(26): Illuminate/Pipeline/Pipeline->Illuminate/Pipeline/{closure}(Object(Illuminate/Http/Request))
#48 E:/website_trangsuc/laptrinhweb_thi_website_trangsuc/vendor/laravel/framework/src/Illuminate/Pipeline/Pipeline.php(219): Illuminate/Http/Middleware/ValidatePathEncoding->handle(Object(Illuminate/Http/Request), Object(Closure))
#49 E:/website_trangsuc/laptrinhweb_thi_website_trangsuc/vendor/laravel/framework/src/Illuminate/Pipeline/Pipeline.php(137): Illuminate/Pipeline/Pipeline->Illuminate/Pipeline/{closure}(Object(Illuminate/Http/Request))
#50 E:/website_trangsuc/laptrinhweb_thi_website_trangsuc/vendor/laravel/framework/src/Illuminate/Foundation/Http/Kernel.php(175): Illuminate/Pipeline/Pipeline->then(Object(Closure))
#51 E:/website_trangsuc/laptrinhweb_thi_website_trangsuc/vendor/laravel/framework/src/Illuminate/Foundation/Http/Kernel.php(144): Illuminate/Foundation/Http/Kernel->sendRequestThroughRouter(Object(Illuminate/Http/Request))
#52 E:/website_trangsuc/laptrinhweb_thi_website_trangsuc/vendor/laravel/framework/src/Illuminate/Foundation/Application.php(1220): Illuminate/Foundation/Http/Kernel->handle(Object(Illuminate/Http/Request))
#53 E:/website_trangsuc/laptrinhweb_thi_website_trangsuc/public/index.php(20): Illuminate/Foundation/Application->handleRequest(Object(Illuminate/Http/Request))
#54 E:/website_trangsuc/laptrinhweb_thi_website_trangsuc/vendor/laravel/framework/src/Illuminate/Foundation/resources/server.php(23): require_once('E://website_tran...')
#55 {main}
"} 
[2026-05-28 09:28:58] local.ERROR: View [admin.customers] not found. {"userId":"TK037","exception":"[object] (InvalidArgumentException(code: 0): View [admin.customers] not found. at E:/website_trangsuc/laptrinhweb_thi_website_trangsuc/vendor/laravel/framework/src/Illuminate/View/FileViewFinder.php:138)
[stacktrace]
#0 E:/website_trangsuc/laptrinhweb_thi_website_trangsuc/vendor/laravel/framework/src/Illuminate/View/FileViewFinder.php(78): Illuminate/View/FileViewFinder->findInPaths('admin.customers', Array)
#1 E:/website_trangsuc/laptrinhweb_thi_website_trangsuc/vendor/laravel/framework/src/Illuminate/View/Factory.php(150): Illuminate/View/FileViewFinder->find('admin.customers')
#2 E:/website_trangsuc/laptrinhweb_thi_website_trangsuc/vendor/laravel/framework/src/Illuminate/Foundation/helpers.php(1100): Illuminate/View/Factory->make('admin.customers', Array, Array)
#3 E:/website_trangsuc/laptrinhweb_thi_website_trangsuc/app/Http/Controllers/AuthController.php(472): view('admin.customers', Array)
#4 E:/website_trangsuc/laptrinhweb_thi_website_trangsuc/vendor/laravel/framework/src/Illuminate/Routing/ControllerDispatcher.php(46): App/Http/Controllers/AuthController->listUsers(Object(Illuminate/Http/Request))
#5 E:/website_trangsuc/laptrinhweb_thi_website_trangsuc/vendor/laravel/framework/src/Illuminate/Routing/Route.php(265): Illuminate/Routing/ControllerDispatcher->dispatch(Object(Illuminate/Routing/Route), Object(App/Http/Controllers/AuthController), 'listUsers')
#6 E:/website_trangsuc/laptrinhweb_thi_website_trangsuc/vendor/laravel/framework/src/Illuminate/Routing/Route.php(211): Illuminate/Routing/Route->runController()
#7 E:/website_trangsuc/laptrinhweb_thi_website_trangsuc/vendor/laravel/framework/src/Illuminate/Routing/Router.php(822): Illuminate/Routing/Route->run()
#8 E:/website_trangsuc/laptrinhweb_thi_website_trangsuc/vendor/laravel/framework/src/Illuminate/Pipeline/Pipeline.php(180): Illuminate/Routing/Router->Illuminate/Routing/{closure}(Object(Illuminate/Http/Request))
#9 E:/website_trangsuc/laptrinhweb_thi_website_trangsuc/vendor/laravel/framework/src/Illuminate/Routing/Middleware/SubstituteBindings.php(50): Illuminate/Pipeline/Pipeline->Illuminate/Pipeline/{closure}(Object(Illuminate/Http/Request))
#10 E:/website_trangsuc/laptrinhweb_thi_website_trangsuc/vendor/laravel/framework/src/Illuminate/Pipeline/Pipeline.php(219): Illuminate/Routing/Middleware/SubstituteBindings->handle(Object(Illuminate/Http/Request), Object(Closure))
#11 E:/website_trangsuc/laptrinhweb_thi_website_trangsuc/vendor/laravel/framework/src/Illuminate/Auth/Middleware/Authenticate.php(63): Illuminate/Pipeline/Pipeline->Illuminate/Pipeline/{closure}(Object(Illuminate/Http/Request))
#12 E:/website_trangsuc/laptrinhweb_thi_website_trangsuc/vendor/laravel/framework/src/Illuminate/Pipeline/Pipeline.php(219): Illuminate/Auth/Middleware/Authenticate->handle(Object(Illuminate/Http/Request), Object(Closure))
#13 E:/website_trangsuc/laptrinhweb_thi_website_trangsuc/vendor/laravel/framework/src/Illuminate/Foundation/Http/Middleware/VerifyCsrfToken.php(87): Illuminate/Pipeline/Pipeline->Illuminate/Pipeline/{closure}(Object(Illuminate/Http/Request))
#14 E:/website_trangsuc/laptrinhweb_thi_website_trangsuc/vendor/laravel/framework/src/Illuminate/Pipeline/Pipeline.php(219): Illuminate/Foundation/Http/Middleware/VerifyCsrfToken->handle(Object(Illuminate/Http/Request), Object(Closure))
#15 E:/website_trangsuc/laptrinhweb_thi_website_trangsuc/vendor/laravel/framework/src/Illuminate/View/Middleware/ShareErrorsFromSession.php(48): Illuminate/Pipeline/Pipeline->Illuminate/Pipeline/{closure}(Object(Illuminate/Http/Request))
#16 E:/website_trangsuc/laptrinhweb_thi_website_trangsuc/vendor/laravel/framework/src/Illuminate/Pipeline/Pipeline.php(219): Illuminate/View/Middleware/ShareErrorsFromSession->handle(Object(Illuminate/Http/Request), Object(Closure))
#17 E:/website_trangsuc/laptrinhweb_thi_website_trangsuc/vendor/laravel/framework/src/Illuminate/Session/Middleware/StartSession.php(120): Illuminate/Pipeline/Pipeline->Illuminate/Pipeline/{closure}(Object(Illuminate/Http/Request))
#18 E:/website_trangsuc/laptrinhweb_thi_website_trangsuc/vendor/laravel/framework/src/Illuminate/Session/Middleware/StartSession.php(63): Illuminate/Session/Middleware/StartSession->handleStatefulRequest(Object(Illuminate/Http/Request), Object(Illuminate/Session/Store), Object(Closure))
#19 E:/website_trangsuc/laptrinhweb_thi_website_trangsuc/vendor/laravel/framework/src/Illuminate/Pipeline/Pipeline.php(219): Illuminate/Session/Middleware/StartSession->handle(Object(Illuminate/Http/Request), Object(Closure))
#20 E:/website_trangsuc/laptrinhweb_thi_website_trangsuc/vendor/laravel/framework/src/Illuminate/Cookie/Middleware/AddQueuedCookiesToResponse.php(36): Illuminate/Pipeline/Pipeline->Illuminate/Pipeline/{closure}(Object(Illuminate/Http/Request))
#21 E:/website_trangsuc/laptrinhweb_thi_website_trangsuc/vendor/laravel/framework/src/Illuminate/Pipeline/Pipeline.php(219): Illuminate/Cookie/Middleware/AddQueuedCookiesToResponse->handle(Object(Illuminate/Http/Request), Object(Closure))
#22 E:/website_trangsuc/laptrinhweb_thi_website_trangsuc/vendor/laravel/framework/src/Illuminate/Cookie/Middleware/EncryptCookies.php(74): Illuminate/Pipeline/Pipeline->Illuminate/Pipeline/{closure}(Object(Illuminate/Http/Request))
#23 E:/website_trangsuc/laptrinhweb_thi_website_trangsuc/vendor/laravel/framework/src/Illuminate/Pipeline/Pipeline.php(219): Illuminate/Cookie/Middleware/EncryptCookies->handle(Object(Illuminate/Http/Request), Object(Closure))
#24 E:/website_trangsuc/laptrinhweb_thi_website_trangsuc/vendor/laravel/framework/src/Illuminate/Pipeline/Pipeline.php(137): Illuminate/Pipeline/Pipeline->Illuminate/Pipeline/{closure}(Object(Illuminate/Http/Request))
#25 E:/website_trangsuc/laptrinhweb_thi_website_trangsuc/vendor/laravel/framework/src/Illuminate/Routing/Router.php(821): Illuminate/Pipeline/Pipeline->then(Object(Closure))
#26 E:/website_trangsuc/laptrinhweb_thi_website_trangsuc/vendor/laravel/framework/src/Illuminate/Routing/Router.php(800): Illuminate/Routing/Router->runRouteWithinStack(Object(Illuminate/Routing/Route), Object(Illuminate/Http/Request))
#27 E:/website_trangsuc/laptrinhweb_thi_website_trangsuc/vendor/laravel/framework/src/Illuminate/Routing/Router.php(764): Illuminate/Routing/Router->runRoute(Object(Illuminate/Http/Request), Object(Illuminate/Routing/Route))
#28 E:/website_trangsuc/laptrinhweb_thi_website_trangsuc/vendor/laravel/framework/src/Illuminate/Routing/Router.php(753): Illuminate/Routing/Router->dispatchToRoute(Object(Illuminate/Http/Request))
#29 E:/website_trangsuc/laptrinhweb_thi_website_trangsuc/vendor/laravel/framework/src/Illuminate/Foundation/Http/Kernel.php(200): Illuminate/Routing/Router->dispatch(Object(Illuminate/Http/Request))
#30 E:/website_trangsuc/laptrinhweb_thi_website_trangsuc/vendor/laravel/framework/src/Illuminate/Pipeline/Pipeline.php(180): Illuminate/Foundation/Http/Kernel->Illuminate/Foundation/Http/{closure}(Object(Illuminate/Http/Request))
#31 E:/website_trangsuc/laptrinhweb_thi_website_trangsuc/vendor/laravel/framework/src/Illuminate/Foundation/Http/Middleware/TransformsRequest.php(21): Illuminate/Pipeline/Pipeline->Illuminate/Pipeline/{closure}(Object(Illuminate/Http/Request))
#32 E:/website_trangsuc/laptrinhweb_thi_website_trangsuc/vendor/laravel/framework/src/Illuminate/Foundation/Http/Middleware/ConvertEmptyStringsToNull.php(31): Illuminate/Foundation/Http/Middleware/TransformsRequest->handle(Object(Illuminate/Http/Request), Object(Closure))
#33 E:/website_trangsuc/laptrinhweb_thi_website_trangsuc/vendor/laravel/framework/src/Illuminate/Pipeline/Pipeline.php(219): Illuminate/Foundation/Http/Middleware/ConvertEmptyStringsToNull->handle(Object(Illuminate/Http/Request), Object(Closure))
#34 E:/website_trangsuc/laptrinhweb_thi_website_trangsuc/vendor/laravel/framework/src/Illuminate/Foundation/Http/Middleware/TransformsRequest.php(21): Illuminate/Pipeline/Pipeline->Illuminate/Pipeline/{closure}(Object(Illuminate/Http/Request))
#35 E:/website_trangsuc/laptrinhweb_thi_website_trangsuc/vendor/laravel/framework/src/Illuminate/Foundation/Http/Middleware/TrimStrings.php(51): Illuminate/Foundation/Http/Middleware/TransformsRequest->handle(Object(Illuminate/Http/Request), Object(Closure))
#36 E:/website_trangsuc/laptrinhweb_thi_website_trangsuc/vendor/laravel/framework/src/Illuminate/Pipeline/Pipeline.php(219): Illuminate/Foundation/Http/Middleware/TrimStrings->handle(Object(Illuminate/Http/Request), Object(Closure))
#37 E:/website_trangsuc/laptrinhweb_thi_website_trangsuc/vendor/laravel/framework/src/Illuminate/Http/Middleware/ValidatePostSize.php(27): Illuminate/Pipeline/Pipeline->Illuminate/Pipeline/{closure}(Object(Illuminate/Http/Request))
#38 E:/website_trangsuc/laptrinhweb_thi_website_trangsuc/vendor/laravel/framework/src/Illuminate/Pipeline/Pipeline.php(219): Illuminate/Http/Middleware/ValidatePostSize->handle(Object(Illuminate/Http/Request), Object(Closure))
#39 E:/website_trangsuc/laptrinhweb_thi_website_trangsuc/vendor/laravel/framework/src/Illuminate/Foundation/Http/Middleware/PreventRequestsDuringMaintenance.php(109): Illuminate/Pipeline/Pipeline->Illuminate/Pipeline/{closure}(Object(Illuminate/Http/Request))
#40 E:/website_trangsuc/laptrinhweb_thi_website_trangsuc/vendor/laravel/framework/src/Illuminate/Pipeline/Pipeline.php(219): Illuminate/Foundation/Http/Middleware/PreventRequestsDuringMaintenance->handle(Object(Illuminate/Http/Request), Object(Closure))
#41 E:/website_trangsuc/laptrinhweb_thi_website_trangsuc/vendor/laravel/framework/src/Illuminate/Http/Middleware/HandleCors.php(61): Illuminate/Pipeline/Pipeline->Illuminate/Pipeline/{closure}(Object(Illuminate/Http/Request))
#42 E:/website_trangsuc/laptrinhweb_thi_website_trangsuc/vendor/laravel/framework/src/Illuminate/Pipeline/Pipeline.php(219): Illuminate/Http/Middleware/HandleCors->handle(Object(Illuminate/Http/Request), Object(Closure))
#43 E:/website_trangsuc/laptrinhweb_thi_website_trangsuc/vendor/laravel/framework/src/Illuminate/Http/Middleware/TrustProxies.php(58): Illuminate/Pipeline/Pipeline->Illuminate/Pipeline/{closure}(Object(Illuminate/Http/Request))
#44 E:/website_trangsuc/laptrinhweb_thi_website_trangsuc/vendor/laravel/framework/src/Illuminate/Pipeline/Pipeline.php(219): Illuminate/Http/Middleware/TrustProxies->handle(Object(Illuminate/Http/Request), Object(Closure))
#45 E:/website_trangsuc/laptrinhweb_thi_website_trangsuc/vendor/laravel/framework/src/Illuminate/Foundation/Http/Middleware/InvokeDeferredCallbacks.php(22): Illuminate/Pipeline/Pipeline->Illuminate/Pipeline/{closure}(Object(Illuminate/Http/Request))
#46 E:/website_trangsuc/laptrinhweb_thi_website_trangsuc/vendor/laravel/framework/src/Illuminate/Pipeline/Pipeline.php(219): Illuminate/Foundation/Http/Middleware/InvokeDeferredCallbacks->handle(Object(Illuminate/Http/Request), Object(Closure))
#47 E:/website_trangsuc/laptrinhweb_thi_website_trangsuc/vendor/laravel/framework/src/Illuminate/Http/Middleware/ValidatePathEncoding.php(26): Illuminate/Pipeline/Pipeline->Illuminate/Pipeline/{closure}(Object(Illuminate/Http/Request))
#48 E:/website_trangsuc/laptrinhweb_thi_website_trangsuc/vendor/laravel/framework/src/Illuminate/Pipeline/Pipeline.php(219): Illuminate/Http/Middleware/ValidatePathEncoding->handle(Object(Illuminate/Http/Request), Object(Closure))
#49 E:/website_trangsuc/laptrinhweb_thi_website_trangsuc/vendor/laravel/framework/src/Illuminate/Pipeline/Pipeline.php(137): Illuminate/Pipeline/Pipeline->Illuminate/Pipeline/{closure}(Object(Illuminate/Http/Request))
#50 E:/website_trangsuc/laptrinhweb_thi_website_trangsuc/vendor/laravel/framework/src/Illuminate/Foundation/Http/Kernel.php(175): Illuminate/Pipeline/Pipeline->then(Object(Closure))
#51 E:/website_trangsuc/laptrinhweb_thi_website_trangsuc/vendor/laravel/framework/src/Illuminate/Foundation/Http/Kernel.php(144): Illuminate/Foundation/Http/Kernel->sendRequestThroughRouter(Object(Illuminate/Http/Request))
#52 E:/website_trangsuc/laptrinhweb_thi_website_trangsuc/vendor/laravel/framework/src/Illuminate/Foundation/Application.php(1220): Illuminate/Foundation/Http/Kernel->handle(Object(Illuminate/Http/Request))
#53 E:/website_trangsuc/laptrinhweb_thi_website_trangsuc/public/index.php(20): Illuminate/Foundation/Application->handleRequest(Object(Illuminate/Http/Request))
#54 E:/website_trangsuc/laptrinhweb_thi_website_trangsuc/vendor/laravel/framework/src/Illuminate/Foundation/resources/server.php(23): require_once('E://website_tran...')
#55 {main}
"} 
[2026-05-28 09:29:17] local.ERROR: View [admin.customers] not found. {"userId":"TK037","exception":"[object] (InvalidArgumentException(code: 0): View [admin.customers] not found. at E:/website_trangsuc/laptrinhweb_thi_website_trangsuc/vendor/laravel/framework/src/Illuminate/View/FileViewFinder.php:138)
[stacktrace]
#0 E:/website_trangsuc/laptrinhweb_thi_website_trangsuc/vendor/laravel/framework/src/Illuminate/View/FileViewFinder.php(78): Illuminate/View/FileViewFinder->findInPaths('admin.customers', Array)
#1 E:/website_trangsuc/laptrinhweb_thi_website_trangsuc/vendor/laravel/framework/src/Illuminate/View/Factory.php(150): Illuminate/View/FileViewFinder->find('admin.customers')
#2 E:/website_trangsuc/laptrinhweb_thi_website_trangsuc/vendor/laravel/framework/src/Illuminate/Foundation/helpers.php(1100): Illuminate/View/Factory->make('admin.customers', Array, Array)
#3 E:/website_trangsuc/laptrinhweb_thi_website_trangsuc/app/Http/Controllers/AuthController.php(472): view('admin.customers', Array)
#4 E:/website_trangsuc/laptrinhweb_thi_website_trangsuc/vendor/laravel/framework/src/Illuminate/Routing/ControllerDispatcher.php(46): App/Http/Controllers/AuthController->listUsers(Object(Illuminate/Http/Request))
#5 E:/website_trangsuc/laptrinhweb_thi_website_trangsuc/vendor/laravel/framework/src/Illuminate/Routing/Route.php(265): Illuminate/Routing/ControllerDispatcher->dispatch(Object(Illuminate/Routing/Route), Object(App/Http/Controllers/AuthController), 'listUsers')
#6 E:/website_trangsuc/laptrinhweb_thi_website_trangsuc/vendor/laravel/framework/src/Illuminate/Routing/Route.php(211): Illuminate/Routing/Route->runController()
#7 E:/website_trangsuc/laptrinhweb_thi_website_trangsuc/vendor/laravel/framework/src/Illuminate/Routing/Router.php(822): Illuminate/Routing/Route->run()
#8 E:/website_trangsuc/laptrinhweb_thi_website_trangsuc/vendor/laravel/framework/src/Illuminate/Pipeline/Pipeline.php(180): Illuminate/Routing/Router->Illuminate/Routing/{closure}(Object(Illuminate/Http/Request))
#9 E:/website_trangsuc/laptrinhweb_thi_website_trangsuc/vendor/laravel/framework/src/Illuminate/Routing/Middleware/SubstituteBindings.php(50): Illuminate/Pipeline/Pipeline->Illuminate/Pipeline/{closure}(Object(Illuminate/Http/Request))
#10 E:/website_trangsuc/laptrinhweb_thi_website_trangsuc/vendor/laravel/framework/src/Illuminate/Pipeline/Pipeline.php(219): Illuminate/Routing/Middleware/SubstituteBindings->handle(Object(Illuminate/Http/Request), Object(Closure))
#11 E:/website_trangsuc/laptrinhweb_thi_website_trangsuc/vendor/laravel/framework/src/Illuminate/Auth/Middleware/Authenticate.php(63): Illuminate/Pipeline/Pipeline->Illuminate/Pipeline/{closure}(Object(Illuminate/Http/Request))
#12 E:/website_trangsuc/laptrinhweb_thi_website_trangsuc/vendor/laravel/framework/src/Illuminate/Pipeline/Pipeline.php(219): Illuminate/Auth/Middleware/Authenticate->handle(Object(Illuminate/Http/Request), Object(Closure))
#13 E:/website_trangsuc/laptrinhweb_thi_website_trangsuc/vendor/laravel/framework/src/Illuminate/Foundation/Http/Middleware/VerifyCsrfToken.php(87): Illuminate/Pipeline/Pipeline->Illuminate/Pipeline/{closure}(Object(Illuminate/Http/Request))
#14 E:/website_trangsuc/laptrinhweb_thi_website_trangsuc/vendor/laravel/framework/src/Illuminate/Pipeline/Pipeline.php(219): Illuminate/Foundation/Http/Middleware/VerifyCsrfToken->handle(Object(Illuminate/Http/Request), Object(Closure))
#15 E:/website_trangsuc/laptrinhweb_thi_website_trangsuc/vendor/laravel/framework/src/Illuminate/View/Middleware/ShareErrorsFromSession.php(48): Illuminate/Pipeline/Pipeline->Illuminate/Pipeline/{closure}(Object(Illuminate/Http/Request))
#16 E:/website_trangsuc/laptrinhweb_thi_website_trangsuc/vendor/laravel/framework/src/Illuminate/Pipeline/Pipeline.php(219): Illuminate/View/Middleware/ShareErrorsFromSession->handle(Object(Illuminate/Http/Request), Object(Closure))
#17 E:/website_trangsuc/laptrinhweb_thi_website_trangsuc/vendor/laravel/framework/src/Illuminate/Session/Middleware/StartSession.php(120): Illuminate/Pipeline/Pipeline->Illuminate/Pipeline/{closure}(Object(Illuminate/Http/Request))
#18 E:/website_trangsuc/laptrinhweb_thi_website_trangsuc/vendor/laravel/framework/src/Illuminate/Session/Middleware/StartSession.php(63): Illuminate/Session/Middleware/StartSession->handleStatefulRequest(Object(Illuminate/Http/Request), Object(Illuminate/Session/Store), Object(Closure))
#19 E:/website_trangsuc/laptrinhweb_thi_website_trangsuc/vendor/laravel/framework/src/Illuminate/Pipeline/Pipeline.php(219): Illuminate/Session/Middleware/StartSession->handle(Object(Illuminate/Http/Request), Object(Closure))
#20 E:/website_trangsuc/laptrinhweb_thi_website_trangsuc/vendor/laravel/framework/src/Illuminate/Cookie/Middleware/AddQueuedCookiesToResponse.php(36): Illuminate/Pipeline/Pipeline->Illuminate/Pipeline/{closure}(Object(Illuminate/Http/Request))
#21 E:/website_trangsuc/laptrinhweb_thi_website_trangsuc/vendor/laravel/framework/src/Illuminate/Pipeline/Pipeline.php(219): Illuminate/Cookie/Middleware/AddQueuedCookiesToResponse->handle(Object(Illuminate/Http/Request), Object(Closure))
#22 E:/website_trangsuc/laptrinhweb_thi_website_trangsuc/vendor/laravel/framework/src/Illuminate/Cookie/Middleware/EncryptCookies.php(74): Illuminate/Pipeline/Pipeline->Illuminate/Pipeline/{closure}(Object(Illuminate/Http/Request))
#23 E:/website_trangsuc/laptrinhweb_thi_website_trangsuc/vendor/laravel/framework/src/Illuminate/Pipeline/Pipeline.php(219): Illuminate/Cookie/Middleware/EncryptCookies->handle(Object(Illuminate/Http/Request), Object(Closure))
#24 E:/website_trangsuc/laptrinhweb_thi_website_trangsuc/vendor/laravel/framework/src/Illuminate/Pipeline/Pipeline.php(137): Illuminate/Pipeline/Pipeline->Illuminate/Pipeline/{closure}(Object(Illuminate/Http/Request))
#25 E:/website_trangsuc/laptrinhweb_thi_website_trangsuc/vendor/laravel/framework/src/Illuminate/Routing/Router.php(821): Illuminate/Pipeline/Pipeline->then(Object(Closure))
#26 E:/website_trangsuc/laptrinhweb_thi_website_trangsuc/vendor/laravel/framework/src/Illuminate/Routing/Router.php(800): Illuminate/Routing/Router->runRouteWithinStack(Object(Illuminate/Routing/Route), Object(Illuminate/Http/Request))
#27 E:/website_trangsuc/laptrinhweb_thi_website_trangsuc/vendor/laravel/framework/src/Illuminate/Routing/Router.php(764): Illuminate/Routing/Router->runRoute(Object(Illuminate/Http/Request), Object(Illuminate/Routing/Route))
#28 E:/website_trangsuc/laptrinhweb_thi_website_trangsuc/vendor/laravel/framework/src/Illuminate/Routing/Router.php(753): Illuminate/Routing/Router->dispatchToRoute(Object(Illuminate/Http/Request))
#29 E:/website_trangsuc/laptrinhweb_thi_website_trangsuc/vendor/laravel/framework/src/Illuminate/Foundation/Http/Kernel.php(200): Illuminate/Routing/Router->dispatch(Object(Illuminate/Http/Request))
#30 E:/website_trangsuc/laptrinhweb_thi_website_trangsuc/vendor/laravel/framework/src/Illuminate/Pipeline/Pipeline.php(180): Illuminate/Foundation/Http/Kernel->Illuminate/Foundation/Http/{closure}(Object(Illuminate/Http/Request))
#31 E:/website_trangsuc/laptrinhweb_thi_website_trangsuc/vendor/laravel/framework/src/Illuminate/Foundation/Http/Middleware/TransformsRequest.php(21): Illuminate/Pipeline/Pipeline->Illuminate/Pipeline/{closure}(Object(Illuminate/Http/Request))
#32 E:/website_trangsuc/laptrinhweb_thi_website_trangsuc/vendor/laravel/framework/src/Illuminate/Foundation/Http/Middleware/ConvertEmptyStringsToNull.php(31): Illuminate/Foundation/Http/Middleware/TransformsRequest->handle(Object(Illuminate/Http/Request), Object(Closure))
#33 E:/website_trangsuc/laptrinhweb_thi_website_trangsuc/vendor/laravel/framework/src/Illuminate/Pipeline/Pipeline.php(219): Illuminate/Foundation/Http/Middleware/ConvertEmptyStringsToNull->handle(Object(Illuminate/Http/Request), Object(Closure))
#34 E:/website_trangsuc/laptrinhweb_thi_website_trangsuc/vendor/laravel/framework/src/Illuminate/Foundation/Http/Middleware/TransformsRequest.php(21): Illuminate/Pipeline/Pipeline->Illuminate/Pipeline/{closure}(Object(Illuminate/Http/Request))
#35 E:/website_trangsuc/laptrinhweb_thi_website_trangsuc/vendor/laravel/framework/src/Illuminate/Foundation/Http/Middleware/TrimStrings.php(51): Illuminate/Foundation/Http/Middleware/TransformsRequest->handle(Object(Illuminate/Http/Request), Object(Closure))
#36 E:/website_trangsuc/laptrinhweb_thi_website_trangsuc/vendor/laravel/framework/src/Illuminate/Pipeline/Pipeline.php(219): Illuminate/Foundation/Http/Middleware/TrimStrings->handle(Object(Illuminate/Http/Request), Object(Closure))
#37 E:/website_trangsuc/laptrinhweb_thi_website_trangsuc/vendor/laravel/framework/src/Illuminate/Http/Middleware/ValidatePostSize.php(27): Illuminate/Pipeline/Pipeline->Illuminate/Pipeline/{closure}(Object(Illuminate/Http/Request))
#38 E:/website_trangsuc/laptrinhweb_thi_website_trangsuc/vendor/laravel/framework/src/Illuminate/Pipeline/Pipeline.php(219): Illuminate/Http/Middleware/ValidatePostSize->handle(Object(Illuminate/Http/Request), Object(Closure))
#39 E:/website_trangsuc/laptrinhweb_thi_website_trangsuc/vendor/laravel/framework/src/Illuminate/Foundation/Http/Middleware/PreventRequestsDuringMaintenance.php(109): Illuminate/Pipeline/Pipeline->Illuminate/Pipeline/{closure}(Object(Illuminate/Http/Request))
#40 E:/website_trangsuc/laptrinhweb_thi_website_trangsuc/vendor/laravel/framework/src/Illuminate/Pipeline/Pipeline.php(219): Illuminate/Foundation/Http/Middleware/PreventRequestsDuringMaintenance->handle(Object(Illuminate/Http/Request), Object(Closure))
#41 E:/website_trangsuc/laptrinhweb_thi_website_trangsuc/vendor/laravel/framework/src/Illuminate/Http/Middleware/HandleCors.php(61): Illuminate/Pipeline/Pipeline->Illuminate/Pipeline/{closure}(Object(Illuminate/Http/Request))
#42 E:/website_trangsuc/laptrinhweb_thi_website_trangsuc/vendor/laravel/framework/src/Illuminate/Pipeline/Pipeline.php(219): Illuminate/Http/Middleware/HandleCors->handle(Object(Illuminate/Http/Request), Object(Closure))
#43 E:/website_trangsuc/laptrinhweb_thi_website_trangsuc/vendor/laravel/framework/src/Illuminate/Http/Middleware/TrustProxies.php(58): Illuminate/Pipeline/Pipeline->Illuminate/Pipeline/{closure}(Object(Illuminate/Http/Request))
#44 E:/website_trangsuc/laptrinhweb_thi_website_trangsuc/vendor/laravel/framework/src/Illuminate/Pipeline/Pipeline.php(219): Illuminate/Http/Middleware/TrustProxies->handle(Object(Illuminate/Http/Request), Object(Closure))
#45 E:/website_trangsuc/laptrinhweb_thi_website_trangsuc/vendor/laravel/framework/src/Illuminate/Foundation/Http/Middleware/InvokeDeferredCallbacks.php(22): Illuminate/Pipeline/Pipeline->Illuminate/Pipeline/{closure}(Object(Illuminate/Http/Request))
#46 E:/website_trangsuc/laptrinhweb_thi_website_trangsuc/vendor/laravel/framework/src/Illuminate/Pipeline/Pipeline.php(219): Illuminate/Foundation/Http/Middleware/InvokeDeferredCallbacks->handle(Object(Illuminate/Http/Request), Object(Closure))
#47 E:/website_trangsuc/laptrinhweb_thi_website_trangsuc/vendor/laravel/framework/src/Illuminate/Http/Middleware/ValidatePathEncoding.php(26): Illuminate/Pipeline/Pipeline->Illuminate/Pipeline/{closure}(Object(Illuminate/Http/Request))
#48 E:/website_trangsuc/laptrinhweb_thi_website_trangsuc/vendor/laravel/framework/src/Illuminate/Pipeline/Pipeline.php(219): Illuminate/Http/Middleware/ValidatePathEncoding->handle(Object(Illuminate/Http/Request), Object(Closure))
#49 E:/website_trangsuc/laptrinhweb_thi_website_trangsuc/vendor/laravel/framework/src/Illuminate/Pipeline/Pipeline.php(137): Illuminate/Pipeline/Pipeline->Illuminate/Pipeline/{closure}(Object(Illuminate/Http/Request))
#50 E:/website_trangsuc/laptrinhweb_thi_website_trangsuc/vendor/laravel/framework/src/Illuminate/Foundation/Http/Kernel.php(175): Illuminate/Pipeline/Pipeline->then(Object(Closure))
#51 E:/website_trangsuc/laptrinhweb_thi_website_trangsuc/vendor/laravel/framework/src/Illuminate/Foundation/Http/Kernel.php(144): Illuminate/Foundation/Http/Kernel->sendRequestThroughRouter(Object(Illuminate/Http/Request))
#52 E:/website_trangsuc/laptrinhweb_thi_website_trangsuc/vendor/laravel/framework/src/Illuminate/Foundation/Application.php(1220): Illuminate/Foundation/Http/Kernel->handle(Object(Illuminate/Http/Request))
#53 E:/website_trangsuc/laptrinhweb_thi_website_trangsuc/public/index.php(20): Illuminate/Foundation/Application->handleRequest(Object(Illuminate/Http/Request))
#54 E:/website_trangsuc/laptrinhweb_thi_website_trangsuc/vendor/laravel/framework/src/Illuminate/Foundation/resources/server.php(23): require_once('E://website_tran...')
#55 {main}
"} 
[2026-05-28 17:18:14] local.ERROR: Route [login] not defined. {"exception":"[object] (Symfony\\Component\\Routing\\Exception\\RouteNotFoundException(code: 0): Route [login] not defined. at E:/website_trangsuc/laptrinhweb_thi_website_trangsuc/vendor/laravel/framework/src/Illuminate/Routing/UrlGenerator.php:534)
[stacktrace]
#0 E:/website_trangsuc/laptrinhweb_thi_website_trangsuc/vendor/laravel/framework/src/Illuminate/Foundation/helpers.php(870): Illuminate/Routing/UrlGenerator->route('login', Array, true)
#1 E:/website_trangsuc/laptrinhweb_thi_website_trangsuc/vendor/laravel/framework/src/Illuminate/Foundation/Configuration/ApplicationBuilder.php(278): route('login')
#2 [internal function]: Illuminate/Foundation/Configuration/ApplicationBuilder->Illuminate/Foundation/Configuration/{closure}(Object(Illuminate/Http/Request))
#3 E:/website_trangsuc/laptrinhweb_thi_website_trangsuc/vendor/laravel/framework/src/Illuminate/Auth/Middleware/Authenticate.php(117): call_user_func(Object(Closure), Object(Illuminate/Http/Request))
#4 E:/website_trangsuc/laptrinhweb_thi_website_trangsuc/vendor/laravel/framework/src/Illuminate/Auth/Middleware/Authenticate.php(104): Illuminate/Auth/Middleware/Authenticate->redirectTo(Object(Illuminate/Http/Request))
#5 E:/website_trangsuc/laptrinhweb_thi_website_trangsuc/vendor/laravel/framework/src/Illuminate/Auth/Middleware/Authenticate.php(87): Illuminate/Auth/Middleware/Authenticate->unauthenticated(Object(Illuminate/Http/Request), Array)
#6 E:/website_trangsuc/laptrinhweb_thi_website_trangsuc/vendor/laravel/framework/src/Illuminate/Auth/Middleware/Authenticate.php(61): Illuminate/Auth/Middleware/Authenticate->authenticate(Object(Illuminate/Http/Request), Array)
#7 E:/website_trangsuc/laptrinhweb_thi_website_trangsuc/vendor/laravel/framework/src/Illuminate/Pipeline/Pipeline.php(219): Illuminate/Auth/Middleware/Authenticate->handle(Object(Illuminate/Http/Request), Object(Closure))
#8 E:/website_trangsuc/laptrinhweb_thi_website_trangsuc/vendor/laravel/framework/src/Illuminate/Foundation/Http/Middleware/VerifyCsrfToken.php(87): Illuminate/Pipeline/Pipeline->Illuminate/Pipeline/{closure}(Object(Illuminate/Http/Request))
#9 E:/website_trangsuc/laptrinhweb_thi_website_trangsuc/vendor/laravel/framework/src/Illuminate/Pipeline/Pipeline.php(219): Illuminate/Foundation/Http/Middleware/VerifyCsrfToken->handle(Object(Illuminate/Http/Request), Object(Closure))
#10 E:/website_trangsuc/laptrinhweb_thi_website_trangsuc/vendor/laravel/framework/src/Illuminate/View/Middleware/ShareErrorsFromSession.php(48): Illuminate/Pipeline/Pipeline->Illuminate/Pipeline/{closure}(Object(Illuminate/Http/Request))
#11 E:/website_trangsuc/laptrinhweb_thi_website_trangsuc/vendor/laravel/framework/src/Illuminate/Pipeline/Pipeline.php(219): Illuminate/View/Middleware/ShareErrorsFromSession->handle(Object(Illuminate/Http/Request), Object(Closure))
#12 E:/website_trangsuc/laptrinhweb_thi_website_trangsuc/vendor/laravel/framework/src/Illuminate/Session/Middleware/StartSession.php(120): Illuminate/Pipeline/Pipeline->Illuminate/Pipeline/{closure}(Object(Illuminate/Http/Request))
#13 E:/website_trangsuc/laptrinhweb_thi_website_trangsuc/vendor/laravel/framework/src/Illuminate/Session/Middleware/StartSession.php(63): Illuminate/Session/Middleware/StartSession->handleStatefulRequest(Object(Illuminate/Http/Request), Object(Illuminate/Session/Store), Object(Closure))
#14 E:/website_trangsuc/laptrinhweb_thi_website_trangsuc/vendor/laravel/framework/src/Illuminate/Pipeline/Pipeline.php(219): Illuminate/Session/Middleware/StartSession->handle(Object(Illuminate/Http/Request), Object(Closure))
#15 E:/website_trangsuc/laptrinhweb_thi_website_trangsuc/vendor/laravel/framework/src/Illuminate/Cookie/Middleware/AddQueuedCookiesToResponse.php(36): Illuminate/Pipeline/Pipeline->Illuminate/Pipeline/{closure}(Object(Illuminate/Http/Request))
#16 E:/website_trangsuc/laptrinhweb_thi_website_trangsuc/vendor/laravel/framework/src/Illuminate/Pipeline/Pipeline.php(219): Illuminate/Cookie/Middleware/AddQueuedCookiesToResponse->handle(Object(Illuminate/Http/Request), Object(Closure))
#17 E:/website_trangsuc/laptrinhweb_thi_website_trangsuc/vendor/laravel/framework/src/Illuminate/Cookie/Middleware/EncryptCookies.php(74): Illuminate/Pipeline/Pipeline->Illuminate/Pipeline/{closure}(Object(Illuminate/Http/Request))
#18 E:/website_trangsuc/laptrinhweb_thi_website_trangsuc/vendor/laravel/framework/src/Illuminate/Pipeline/Pipeline.php(219): Illuminate/Cookie/Middleware/EncryptCookies->handle(Object(Illuminate/Http/Request), Object(Closure))
#19 E:/website_trangsuc/laptrinhweb_thi_website_trangsuc/vendor/laravel/framework/src/Illuminate/Pipeline/Pipeline.php(137): Illuminate/Pipeline/Pipeline->Illuminate/Pipeline/{closure}(Object(Illuminate/Http/Request))
#20 E:/website_trangsuc/laptrinhweb_thi_website_trangsuc/vendor/laravel/framework/src/Illuminate/Routing/Router.php(821): Illuminate/Pipeline/Pipeline->then(Object(Closure))
#21 E:/website_trangsuc/laptrinhweb_thi_website_trangsuc/vendor/laravel/framework/src/Illuminate/Routing/Router.php(800): Illuminate/Routing/Router->runRouteWithinStack(Object(Illuminate/Routing/Route), Object(Illuminate/Http/Request))
#22 E:/website_trangsuc/laptrinhweb_thi_website_trangsuc/vendor/laravel/framework/src/Illuminate/Routing/Router.php(764): Illuminate/Routing/Router->runRoute(Object(Illuminate/Http/Request), Object(Illuminate/Routing/Route))
#23 E:/website_trangsuc/laptrinhweb_thi_website_trangsuc/vendor/laravel/framework/src/Illuminate/Routing/Router.php(753): Illuminate/Routing/Router->dispatchToRoute(Object(Illuminate/Http/Request))
#24 E:/website_trangsuc/laptrinhweb_thi_website_trangsuc/vendor/laravel/framework/src/Illuminate/Foundation/Http/Kernel.php(200): Illuminate/Routing/Router->dispatch(Object(Illuminate/Http/Request))
#25 E:/website_trangsuc/laptrinhweb_thi_website_trangsuc/vendor/laravel/framework/src/Illuminate/Pipeline/Pipeline.php(180): Illuminate/Foundation/Http/Kernel->Illuminate/Foundation/Http/{closure}(Object(Illuminate/Http/Request))
#26 E:/website_trangsuc/laptrinhweb_thi_website_trangsuc/vendor/laravel/framework/src/Illuminate/Foundation/Http/Middleware/TransformsRequest.php(21): Illuminate/Pipeline/Pipeline->Illuminate/Pipeline/{closure}(Object(Illuminate/Http/Request))
#27 E:/website_trangsuc/laptrinhweb_thi_website_trangsuc/vendor/laravel/framework/src/Illuminate/Foundation/Http/Middleware/ConvertEmptyStringsToNull.php(31): Illuminate/Foundation/Http/Middleware/TransformsRequest->handle(Object(Illuminate/Http/Request), Object(Closure))
#28 E:/website_trangsuc/laptrinhweb_thi_website_trangsuc/vendor/laravel/framework/src/Illuminate/Pipeline/Pipeline.php(219): Illuminate/Foundation/Http/Middleware/ConvertEmptyStringsToNull->handle(Object(Illuminate/Http/Request), Object(Closure))
#29 E:/website_trangsuc/laptrinhweb_thi_website_trangsuc/vendor/laravel/framework/src/Illuminate/Foundation/Http/Middleware/TransformsRequest.php(21): Illuminate/Pipeline/Pipeline->Illuminate/Pipeline/{closure}(Object(Illuminate/Http/Request))
#30 E:/website_trangsuc/laptrinhweb_thi_website_trangsuc/vendor/laravel/framework/src/Illuminate/Foundation/Http/Middleware/TrimStrings.php(51): Illuminate/Foundation/Http/Middleware/TransformsRequest->handle(Object(Illuminate/Http/Request), Object(Closure))
#31 E:/website_trangsuc/laptrinhweb_thi_website_trangsuc/vendor/laravel/framework/src/Illuminate/Pipeline/Pipeline.php(219): Illuminate/Foundation/Http/Middleware/TrimStrings->handle(Object(Illuminate/Http/Request), Object(Closure))
#32 E:/website_trangsuc/laptrinhweb_thi_website_trangsuc/vendor/laravel/framework/src/Illuminate/Http/Middleware/ValidatePostSize.php(27): Illuminate/Pipeline/Pipeline->Illuminate/Pipeline/{closure}(Object(Illuminate/Http/Request))
#33 E:/website_trangsuc/laptrinhweb_thi_website_trangsuc/vendor/laravel/framework/src/Illuminate/Pipeline/Pipeline.php(219): Illuminate/Http/Middleware/ValidatePostSize->handle(Object(Illuminate/Http/Request), Object(Closure))
#34 E:/website_trangsuc/laptrinhweb_thi_website_trangsuc/vendor/laravel/framework/src/Illuminate/Foundation/Http/Middleware/PreventRequestsDuringMaintenance.php(109): Illuminate/Pipeline/Pipeline->Illuminate/Pipeline/{closure}(Object(Illuminate/Http/Request))
#35 E:/website_trangsuc/laptrinhweb_thi_website_trangsuc/vendor/laravel/framework/src/Illuminate/Pipeline/Pipeline.php(219): Illuminate/Foundation/Http/Middleware/PreventRequestsDuringMaintenance->handle(Object(Illuminate/Http/Request), Object(Closure))
#36 E:/website_trangsuc/laptrinhweb_thi_website_trangsuc/vendor/laravel/framework/src/Illuminate/Http/Middleware/HandleCors.php(61): Illuminate/Pipeline/Pipeline->Illuminate/Pipeline/{closure}(Object(Illuminate/Http/Request))
#37 E:/website_trangsuc/laptrinhweb_thi_website_trangsuc/vendor/laravel/framework/src/Illuminate/Pipeline/Pipeline.php(219): Illuminate/Http/Middleware/HandleCors->handle(Object(Illuminate/Http/Request), Object(Closure))
#38 E:/website_trangsuc/laptrinhweb_thi_website_trangsuc/vendor/laravel/framework/src/Illuminate/Http/Middleware/TrustProxies.php(58): Illuminate/Pipeline/Pipeline->Illuminate/Pipeline/{closure}(Object(Illuminate/Http/Request))
#39 E:/website_trangsuc/laptrinhweb_thi_website_trangsuc/vendor/laravel/framework/src/Illuminate/Pipeline/Pipeline.php(219): Illuminate/Http/Middleware/TrustProxies->handle(Object(Illuminate/Http/Request), Object(Closure))
#40 E:/website_trangsuc/laptrinhweb_thi_website_trangsuc/vendor/laravel/framework/src/Illuminate/Foundation/Http/Middleware/InvokeDeferredCallbacks.php(22): Illuminate/Pipeline/Pipeline->Illuminate/Pipeline/{closure}(Object(Illuminate/Http/Request))
#41 E:/website_trangsuc/laptrinhweb_thi_website_trangsuc/vendor/laravel/framework/src/Illuminate/Pipeline/Pipeline.php(219): Illuminate/Foundation/Http/Middleware/InvokeDeferredCallbacks->handle(Object(Illuminate/Http/Request), Object(Closure))
#42 E:/website_trangsuc/laptrinhweb_thi_website_trangsuc/vendor/laravel/framework/src/Illuminate/Http/Middleware/ValidatePathEncoding.php(26): Illuminate/Pipeline/Pipeline->Illuminate/Pipeline/{closure}(Object(Illuminate/Http/Request))
#43 E:/website_trangsuc/laptrinhweb_thi_website_trangsuc/vendor/laravel/framework/src/Illuminate/Pipeline/Pipeline.php(219): Illuminate/Http/Middleware/ValidatePathEncoding->handle(Object(Illuminate/Http/Request), Object(Closure))
#44 E:/website_trangsuc/laptrinhweb_thi_website_trangsuc/vendor/laravel/framework/src/Illuminate/Pipeline/Pipeline.php(137): Illuminate/Pipeline/Pipeline->Illuminate/Pipeline/{closure}(Object(Illuminate/Http/Request))
#45 E:/website_trangsuc/laptrinhweb_thi_website_trangsuc/vendor/laravel/framework/src/Illuminate/Foundation/Http/Kernel.php(175): Illuminate/Pipeline/Pipeline->then(Object(Closure))
#46 E:/website_trangsuc/laptrinhweb_thi_website_trangsuc/vendor/laravel/framework/src/Illuminate/Foundation/Http/Kernel.php(144): Illuminate/Foundation/Http/Kernel->sendRequestThroughRouter(Object(Illuminate/Http/Request))
#47 E:/website_trangsuc/laptrinhweb_thi_website_trangsuc/vendor/laravel/framework/src/Illuminate/Foundation/Application.php(1220): Illuminate/Foundation/Http/Kernel->handle(Object(Illuminate/Http/Request))
#48 E:/website_trangsuc/laptrinhweb_thi_website_trangsuc/public/index.php(20): Illuminate/Foundation/Application->handleRequest(Object(Illuminate/Http/Request))
#49 E:/website_trangsuc/laptrinhweb_thi_website_trangsuc/vendor/laravel/framework/src/Illuminate/Foundation/resources/server.php(23): require_once('E://website_tran...')
#50 {main}
"} 
[2026-05-28 18:14:07] local.ERROR: Route [login] not defined. {"exception":"[object] (Symfony\\Component\\Routing\\Exception\\RouteNotFoundException(code: 0): Route [login] not defined. at E:/website_trangsuc/laptrinhweb_thi_website_trangsuc/vendor/laravel/framework/src/Illuminate/Routing/UrlGenerator.php:534)
[stacktrace]
#0 E:/website_trangsuc/laptrinhweb_thi_website_trangsuc/vendor/laravel/framework/src/Illuminate/Foundation/helpers.php(870): Illuminate/Routing/UrlGenerator->route('login', Array, true)
#1 E:/website_trangsuc/laptrinhweb_thi_website_trangsuc/vendor/laravel/framework/src/Illuminate/Foundation/Configuration/ApplicationBuilder.php(278): route('login')
#2 [internal function]: Illuminate/Foundation/Configuration/ApplicationBuilder->Illuminate/Foundation/Configuration/{closure}(Object(Illuminate/Http/Request))
#3 E:/website_trangsuc/laptrinhweb_thi_website_trangsuc/vendor/laravel/framework/src/Illuminate/Auth/Middleware/Authenticate.php(117): call_user_func(Object(Closure), Object(Illuminate/Http/Request))
#4 E:/website_trangsuc/laptrinhweb_thi_website_trangsuc/vendor/laravel/framework/src/Illuminate/Auth/Middleware/Authenticate.php(104): Illuminate/Auth/Middleware/Authenticate->redirectTo(Object(Illuminate/Http/Request))
#5 E:/website_trangsuc/laptrinhweb_thi_website_trangsuc/vendor/laravel/framework/src/Illuminate/Auth/Middleware/Authenticate.php(87): Illuminate/Auth/Middleware/Authenticate->unauthenticated(Object(Illuminate/Http/Request), Array)
#6 E:/website_trangsuc/laptrinhweb_thi_website_trangsuc/vendor/laravel/framework/src/Illuminate/Auth/Middleware/Authenticate.php(61): Illuminate/Auth/Middleware/Authenticate->authenticate(Object(Illuminate/Http/Request), Array)
#7 E:/website_trangsuc/laptrinhweb_thi_website_trangsuc/vendor/laravel/framework/src/Illuminate/Pipeline/Pipeline.php(219): Illuminate/Auth/Middleware/Authenticate->handle(Object(Illuminate/Http/Request), Object(Closure))
#8 E:/website_trangsuc/laptrinhweb_thi_website_trangsuc/vendor/laravel/framework/src/Illuminate/Foundation/Http/Middleware/VerifyCsrfToken.php(87): Illuminate/Pipeline/Pipeline->Illuminate/Pipeline/{closure}(Object(Illuminate/Http/Request))
#9 E:/website_trangsuc/laptrinhweb_thi_website_trangsuc/vendor/laravel/framework/src/Illuminate/Pipeline/Pipeline.php(219): Illuminate/Foundation/Http/Middleware/VerifyCsrfToken->handle(Object(Illuminate/Http/Request), Object(Closure))
#10 E:/website_trangsuc/laptrinhweb_thi_website_trangsuc/vendor/laravel/framework/src/Illuminate/View/Middleware/ShareErrorsFromSession.php(48): Illuminate/Pipeline/Pipeline->Illuminate/Pipeline/{closure}(Object(Illuminate/Http/Request))
#11 E:/website_trangsuc/laptrinhweb_thi_website_trangsuc/vendor/laravel/framework/src/Illuminate/Pipeline/Pipeline.php(219): Illuminate/View/Middleware/ShareErrorsFromSession->handle(Object(Illuminate/Http/Request), Object(Closure))
#12 E:/website_trangsuc/laptrinhweb_thi_website_trangsuc/vendor/laravel/framework/src/Illuminate/Session/Middleware/StartSession.php(120): Illuminate/Pipeline/Pipeline->Illuminate/Pipeline/{closure}(Object(Illuminate/Http/Request))
#13 E:/website_trangsuc/laptrinhweb_thi_website_trangsuc/vendor/laravel/framework/src/Illuminate/Session/Middleware/StartSession.php(63): Illuminate/Session/Middleware/StartSession->handleStatefulRequest(Object(Illuminate/Http/Request), Object(Illuminate/Session/Store), Object(Closure))
#14 E:/website_trangsuc/laptrinhweb_thi_website_trangsuc/vendor/laravel/framework/src/Illuminate/Pipeline/Pipeline.php(219): Illuminate/Session/Middleware/StartSession->handle(Object(Illuminate/Http/Request), Object(Closure))
#15 E:/website_trangsuc/laptrinhweb_thi_website_trangsuc/vendor/laravel/framework/src/Illuminate/Cookie/Middleware/AddQueuedCookiesToResponse.php(36): Illuminate/Pipeline/Pipeline->Illuminate/Pipeline/{closure}(Object(Illuminate/Http/Request))
#16 E:/website_trangsuc/laptrinhweb_thi_website_trangsuc/vendor/laravel/framework/src/Illuminate/Pipeline/Pipeline.php(219): Illuminate/Cookie/Middleware/AddQueuedCookiesToResponse->handle(Object(Illuminate/Http/Request), Object(Closure))
#17 E:/website_trangsuc/laptrinhweb_thi_website_trangsuc/vendor/laravel/framework/src/Illuminate/Cookie/Middleware/EncryptCookies.php(74): Illuminate/Pipeline/Pipeline->Illuminate/Pipeline/{closure}(Object(Illuminate/Http/Request))
#18 E:/website_trangsuc/laptrinhweb_thi_website_trangsuc/vendor/laravel/framework/src/Illuminate/Pipeline/Pipeline.php(219): Illuminate/Cookie/Middleware/EncryptCookies->handle(Object(Illuminate/Http/Request), Object(Closure))
#19 E:/website_trangsuc/laptrinhweb_thi_website_trangsuc/vendor/laravel/framework/src/Illuminate/Pipeline/Pipeline.php(137): Illuminate/Pipeline/Pipeline->Illuminate/Pipeline/{closure}(Object(Illuminate/Http/Request))
#20 E:/website_trangsuc/laptrinhweb_thi_website_trangsuc/vendor/laravel/framework/src/Illuminate/Routing/Router.php(821): Illuminate/Pipeline/Pipeline->then(Object(Closure))
#21 E:/website_trangsuc/laptrinhweb_thi_website_trangsuc/vendor/laravel/framework/src/Illuminate/Routing/Router.php(800): Illuminate/Routing/Router->runRouteWithinStack(Object(Illuminate/Routing/Route), Object(Illuminate/Http/Request))
#22 E:/website_trangsuc/laptrinhweb_thi_website_trangsuc/vendor/laravel/framework/src/Illuminate/Routing/Router.php(764): Illuminate/Routing/Router->runRoute(Object(Illuminate/Http/Request), Object(Illuminate/Routing/Route))
#23 E:/website_trangsuc/laptrinhweb_thi_website_trangsuc/vendor/laravel/framework/src/Illuminate/Routing/Router.php(753): Illuminate/Routing/Router->dispatchToRoute(Object(Illuminate/Http/Request))
#24 E:/website_trangsuc/laptrinhweb_thi_website_trangsuc/vendor/laravel/framework/src/Illuminate/Foundation/Http/Kernel.php(200): Illuminate/Routing/Router->dispatch(Object(Illuminate/Http/Request))
#25 E:/website_trangsuc/laptrinhweb_thi_website_trangsuc/vendor/laravel/framework/src/Illuminate/Pipeline/Pipeline.php(180): Illuminate/Foundation/Http/Kernel->Illuminate/Foundation/Http/{closure}(Object(Illuminate/Http/Request))
#26 E:/website_trangsuc/laptrinhweb_thi_website_trangsuc/vendor/laravel/framework/src/Illuminate/Foundation/Http/Middleware/TransformsRequest.php(21): Illuminate/Pipeline/Pipeline->Illuminate/Pipeline/{closure}(Object(Illuminate/Http/Request))
#27 E:/website_trangsuc/laptrinhweb_thi_website_trangsuc/vendor/laravel/framework/src/Illuminate/Foundation/Http/Middleware/ConvertEmptyStringsToNull.php(31): Illuminate/Foundation/Http/Middleware/TransformsRequest->handle(Object(Illuminate/Http/Request), Object(Closure))
#28 E:/website_trangsuc/laptrinhweb_thi_website_trangsuc/vendor/laravel/framework/src/Illuminate/Pipeline/Pipeline.php(219): Illuminate/Foundation/Http/Middleware/ConvertEmptyStringsToNull->handle(Object(Illuminate/Http/Request), Object(Closure))
#29 E:/website_trangsuc/laptrinhweb_thi_website_trangsuc/vendor/laravel/framework/src/Illuminate/Foundation/Http/Middleware/TransformsRequest.php(21): Illuminate/Pipeline/Pipeline->Illuminate/Pipeline/{closure}(Object(Illuminate/Http/Request))
#30 E:/website_trangsuc/laptrinhweb_thi_website_trangsuc/vendor/laravel/framework/src/Illuminate/Foundation/Http/Middleware/TrimStrings.php(51): Illuminate/Foundation/Http/Middleware/TransformsRequest->handle(Object(Illuminate/Http/Request), Object(Closure))
#31 E:/website_trangsuc/laptrinhweb_thi_website_trangsuc/vendor/laravel/framework/src/Illuminate/Pipeline/Pipeline.php(219): Illuminate/Foundation/Http/Middleware/TrimStrings->handle(Object(Illuminate/Http/Request), Object(Closure))
#32 E:/website_trangsuc/laptrinhweb_thi_website_trangsuc/vendor/laravel/framework/src/Illuminate/Http/Middleware/ValidatePostSize.php(27): Illuminate/Pipeline/Pipeline->Illuminate/Pipeline/{closure}(Object(Illuminate/Http/Request))
#33 E:/website_trangsuc/laptrinhweb_thi_website_trangsuc/vendor/laravel/framework/src/Illuminate/Pipeline/Pipeline.php(219): Illuminate/Http/Middleware/ValidatePostSize->handle(Object(Illuminate/Http/Request), Object(Closure))
#34 E:/website_trangsuc/laptrinhweb_thi_website_trangsuc/vendor/laravel/framework/src/Illuminate/Foundation/Http/Middleware/PreventRequestsDuringMaintenance.php(109): Illuminate/Pipeline/Pipeline->Illuminate/Pipeline/{closure}(Object(Illuminate/Http/Request))
#35 E:/website_trangsuc/laptrinhweb_thi_website_trangsuc/vendor/laravel/framework/src/Illuminate/Pipeline/Pipeline.php(219): Illuminate/Foundation/Http/Middleware/PreventRequestsDuringMaintenance->handle(Object(Illuminate/Http/Request), Object(Closure))
#36 E:/website_trangsuc/laptrinhweb_thi_website_trangsuc/vendor/laravel/framework/src/Illuminate/Http/Middleware/HandleCors.php(61): Illuminate/Pipeline/Pipeline->Illuminate/Pipeline/{closure}(Object(Illuminate/Http/Request))
#37 E:/website_trangsuc/laptrinhweb_thi_website_trangsuc/vendor/laravel/framework/src/Illuminate/Pipeline/Pipeline.php(219): Illuminate/Http/Middleware/HandleCors->handle(Object(Illuminate/Http/Request), Object(Closure))
#38 E:/website_trangsuc/laptrinhweb_thi_website_trangsuc/vendor/laravel/framework/src/Illuminate/Http/Middleware/TrustProxies.php(58): Illuminate/Pipeline/Pipeline->Illuminate/Pipeline/{closure}(Object(Illuminate/Http/Request))
#39 E:/website_trangsuc/laptrinhweb_thi_website_trangsuc/vendor/laravel/framework/src/Illuminate/Pipeline/Pipeline.php(219): Illuminate/Http/Middleware/TrustProxies->handle(Object(Illuminate/Http/Request), Object(Closure))
#40 E:/website_trangsuc/laptrinhweb_thi_website_trangsuc/vendor/laravel/framework/src/Illuminate/Foundation/Http/Middleware/InvokeDeferredCallbacks.php(22): Illuminate/Pipeline/Pipeline->Illuminate/Pipeline/{closure}(Object(Illuminate/Http/Request))
#41 E:/website_trangsuc/laptrinhweb_thi_website_trangsuc/vendor/laravel/framework/src/Illuminate/Pipeline/Pipeline.php(219): Illuminate/Foundation/Http/Middleware/InvokeDeferredCallbacks->handle(Object(Illuminate/Http/Request), Object(Closure))
#42 E:/website_trangsuc/laptrinhweb_thi_website_trangsuc/vendor/laravel/framework/src/Illuminate/Http/Middleware/ValidatePathEncoding.php(26): Illuminate/Pipeline/Pipeline->Illuminate/Pipeline/{closure}(Object(Illuminate/Http/Request))
#43 E:/website_trangsuc/laptrinhweb_thi_website_trangsuc/vendor/laravel/framework/src/Illuminate/Pipeline/Pipeline.php(219): Illuminate/Http/Middleware/ValidatePathEncoding->handle(Object(Illuminate/Http/Request), Object(Closure))
#44 E:/website_trangsuc/laptrinhweb_thi_website_trangsuc/vendor/laravel/framework/src/Illuminate/Pipeline/Pipeline.php(137): Illuminate/Pipeline/Pipeline->Illuminate/Pipeline/{closure}(Object(Illuminate/Http/Request))
#45 E:/website_trangsuc/laptrinhweb_thi_website_trangsuc/vendor/laravel/framework/src/Illuminate/Foundation/Http/Kernel.php(175): Illuminate/Pipeline/Pipeline->then(Object(Closure))
#46 E:/website_trangsuc/laptrinhweb_thi_website_trangsuc/vendor/laravel/framework/src/Illuminate/Foundation/Http/Kernel.php(144): Illuminate/Foundation/Http/Kernel->sendRequestThroughRouter(Object(Illuminate/Http/Request))
#47 E:/website_trangsuc/laptrinhweb_thi_website_trangsuc/vendor/laravel/framework/src/Illuminate/Foundation/Application.php(1220): Illuminate/Foundation/Http/Kernel->handle(Object(Illuminate/Http/Request))
#48 E:/website_trangsuc/laptrinhweb_thi_website_trangsuc/public/index.php(20): Illuminate/Foundation/Application->handleRequest(Object(Illuminate/Http/Request))
#49 E:/website_trangsuc/laptrinhweb_thi_website_trangsuc/vendor/laravel/framework/src/Illuminate/Foundation/resources/server.php(23): require_once('E://website_tran...')
#50 {main}
"} 
[2026-05-28 18:19:46] local.ERROR: Call to a member function sum() on null (View: E:\website_trangsuc\laptrinhweb_thi_website_trangsuc\resources\views\admin\orders\index.blade.php) {"userId":"TK037","exception":"[object] (Illuminate\\View\\ViewException(code: 0): Call to a member function sum() on null (View: E:\\website_trangsuc\\laptrinhweb_thi_website_trangsuc\\resources\\views\\admin\\orders\\index.blade.php) at E:/website_trangsuc/laptrinhweb_thi_website_trangsuc/storage/framework/views/5e0d2a1bef8ffda802451500d0399c2d.php:123)
[stacktrace]
#0 E:/website_trangsuc/laptrinhweb_thi_website_trangsuc/vendor/laravel/framework/src/Illuminate/View/Engines/PhpEngine.php(59): Illuminate/View/Engines/CompilerEngine->handleViewException(Object(Error), 1)
#1 E:/website_trangsuc/laptrinhweb_thi_website_trangsuc/vendor/laravel/framework/src/Illuminate/View/Engines/CompilerEngine.php(76): Illuminate/View/Engines/PhpEngine->evaluatePath('E://website_tran...', Array)
#2 E:/website_trangsuc/laptrinhweb_thi_website_trangsuc/vendor/laravel/framework/src/Illuminate/View/View.php(208): Illuminate/View/Engines/CompilerEngine->get('E://website_tran...', Array)
#3 E:/website_trangsuc/laptrinhweb_thi_website_trangsuc/vendor/laravel/framework/src/Illuminate/View/View.php(191): Illuminate/View/View->getContents()
#4 E:/website_trangsuc/laptrinhweb_thi_website_trangsuc/vendor/laravel/framework/src/Illuminate/View/View.php(160): Illuminate/View/View->renderContents()
#5 E:/website_trangsuc/laptrinhweb_thi_website_trangsuc/vendor/laravel/framework/src/Illuminate/Http/Response.php(78): Illuminate/View/View->render()
#6 E:/website_trangsuc/laptrinhweb_thi_website_trangsuc/vendor/laravel/framework/src/Illuminate/Http/Response.php(34): Illuminate/Http/Response->setContent(Object(Illuminate/View/View))
#7 E:/website_trangsuc/laptrinhweb_thi_website_trangsuc/vendor/laravel/framework/src/Illuminate/Routing/Router.php(939): Illuminate/Http/Response->__construct(Object(Illuminate/View/View), 200, Array)
#8 E:/website_trangsuc/laptrinhweb_thi_website_trangsuc/vendor/laravel/framework/src/Illuminate/Routing/Router.php(906): Illuminate/Routing/Router::toResponse(Object(Illuminate/Http/Request), Object(Illuminate/View/View))
#9 E:/website_trangsuc/laptrinhweb_thi_website_trangsuc/vendor/laravel/framework/src/Illuminate/Routing/Router.php(821): Illuminate/Routing/Router->prepareResponse(Object(Illuminate/Http/Request), Object(Illuminate/View/View))
#10 E:/website_trangsuc/laptrinhweb_thi_website_trangsuc/vendor/laravel/framework/src/Illuminate/Pipeline/Pipeline.php(180): Illuminate/Routing/Router->Illuminate/Routing/{closure}(Object(Illuminate/Http/Request))
#11 E:/website_trangsuc/laptrinhweb_thi_website_trangsuc/vendor/laravel/framework/src/Illuminate/Routing/Middleware/SubstituteBindings.php(50): Illuminate/Pipeline/Pipeline->Illuminate/Pipeline/{closure}(Object(Illuminate/Http/Request))
#12 E:/website_trangsuc/laptrinhweb_thi_website_trangsuc/vendor/laravel/framework/src/Illuminate/Pipeline/Pipeline.php(219): Illuminate/Routing/Middleware/SubstituteBindings->handle(Object(Illuminate/Http/Request), Object(Closure))
#13 E:/website_trangsuc/laptrinhweb_thi_website_trangsuc/vendor/laravel/framework/src/Illuminate/Foundation/Http/Middleware/VerifyCsrfToken.php(87): Illuminate/Pipeline/Pipeline->Illuminate/Pipeline/{closure}(Object(Illuminate/Http/Request))
#14 E:/website_trangsuc/laptrinhweb_thi_website_trangsuc/vendor/laravel/framework/src/Illuminate/Pipeline/Pipeline.php(219): Illuminate/Foundation/Http/Middleware/VerifyCsrfToken->handle(Object(Illuminate/Http/Request), Object(Closure))
#15 E:/website_trangsuc/laptrinhweb_thi_website_trangsuc/vendor/laravel/framework/src/Illuminate/View/Middleware/ShareErrorsFromSession.php(48): Illuminate/Pipeline/Pipeline->Illuminate/Pipeline/{closure}(Object(Illuminate/Http/Request))
#16 E:/website_trangsuc/laptrinhweb_thi_website_trangsuc/vendor/laravel/framework/src/Illuminate/Pipeline/Pipeline.php(219): Illuminate/View/Middleware/ShareErrorsFromSession->handle(Object(Illuminate/Http/Request), Object(Closure))
#17 E:/website_trangsuc/laptrinhweb_thi_website_trangsuc/vendor/laravel/framework/src/Illuminate/Session/Middleware/StartSession.php(120): Illuminate/Pipeline/Pipeline->Illuminate/Pipeline/{closure}(Object(Illuminate/Http/Request))
#18 E:/website_trangsuc/laptrinhweb_thi_website_trangsuc/vendor/laravel/framework/src/Illuminate/Session/Middleware/StartSession.php(63): Illuminate/Session/Middleware/StartSession->handleStatefulRequest(Object(Illuminate/Http/Request), Object(Illuminate/Session/Store), Object(Closure))
#19 E:/website_trangsuc/laptrinhweb_thi_website_trangsuc/vendor/laravel/framework/src/Illuminate/Pipeline/Pipeline.php(219): Illuminate/Session/Middleware/StartSession->handle(Object(Illuminate/Http/Request), Object(Closure))
#20 E:/website_trangsuc/laptrinhweb_thi_website_trangsuc/vendor/laravel/framework/src/Illuminate/Cookie/Middleware/AddQueuedCookiesToResponse.php(36): Illuminate/Pipeline/Pipeline->Illuminate/Pipeline/{closure}(Object(Illuminate/Http/Request))
#21 E:/website_trangsuc/laptrinhweb_thi_website_trangsuc/vendor/laravel/framework/src/Illuminate/Pipeline/Pipeline.php(219): Illuminate/Cookie/Middleware/AddQueuedCookiesToResponse->handle(Object(Illuminate/Http/Request), Object(Closure))
#22 E:/website_trangsuc/laptrinhweb_thi_website_trangsuc/vendor/laravel/framework/src/Illuminate/Cookie/Middleware/EncryptCookies.php(74): Illuminate/Pipeline/Pipeline->Illuminate/Pipeline/{closure}(Object(Illuminate/Http/Request))
#23 E:/website_trangsuc/laptrinhweb_thi_website_trangsuc/vendor/laravel/framework/src/Illuminate/Pipeline/Pipeline.php(219): Illuminate/Cookie/Middleware/EncryptCookies->handle(Object(Illuminate/Http/Request), Object(Closure))
#24 E:/website_trangsuc/laptrinhweb_thi_website_trangsuc/vendor/laravel/framework/src/Illuminate/Pipeline/Pipeline.php(137): Illuminate/Pipeline/Pipeline->Illuminate/Pipeline/{closure}(Object(Illuminate/Http/Request))
#25 E:/website_trangsuc/laptrinhweb_thi_website_trangsuc/vendor/laravel/framework/src/Illuminate/Routing/Router.php(821): Illuminate/Pipeline/Pipeline->then(Object(Closure))
#26 E:/website_trangsuc/laptrinhweb_thi_website_trangsuc/vendor/laravel/framework/src/Illuminate/Routing/Router.php(800): Illuminate/Routing/Router->runRouteWithinStack(Object(Illuminate/Routing/Route), Object(Illuminate/Http/Request))
#27 E:/website_trangsuc/laptrinhweb_thi_website_trangsuc/vendor/laravel/framework/src/Illuminate/Routing/Router.php(764): Illuminate/Routing/Router->runRoute(Object(Illuminate/Http/Request), Object(Illuminate/Routing/Route))
#28 E:/website_trangsuc/laptrinhweb_thi_website_trangsuc/vendor/laravel/framework/src/Illuminate/Routing/Router.php(753): Illuminate/Routing/Router->dispatchToRoute(Object(Illuminate/Http/Request))
#29 E:/website_trangsuc/laptrinhweb_thi_website_trangsuc/vendor/laravel/framework/src/Illuminate/Foundation/Http/Kernel.php(200): Illuminate/Routing/Router->dispatch(Object(Illuminate/Http/Request))
#30 E:/website_trangsuc/laptrinhweb_thi_website_trangsuc/vendor/laravel/framework/src/Illuminate/Pipeline/Pipeline.php(180): Illuminate/Foundation/Http/Kernel->Illuminate/Foundation/Http/{closure}(Object(Illuminate/Http/Request))
#31 E:/website_trangsuc/laptrinhweb_thi_website_trangsuc/vendor/laravel/framework/src/Illuminate/Foundation/Http/Middleware/TransformsRequest.php(21): Illuminate/Pipeline/Pipeline->Illuminate/Pipeline/{closure}(Object(Illuminate/Http/Request))
#32 E:/website_trangsuc/laptrinhweb_thi_website_trangsuc/vendor/laravel/framework/src/Illuminate/Foundation/Http/Middleware/ConvertEmptyStringsToNull.php(31): Illuminate/Foundation/Http/Middleware/TransformsRequest->handle(Object(Illuminate/Http/Request), Object(Closure))
#33 E:/website_trangsuc/laptrinhweb_thi_website_trangsuc/vendor/laravel/framework/src/Illuminate/Pipeline/Pipeline.php(219): Illuminate/Foundation/Http/Middleware/ConvertEmptyStringsToNull->handle(Object(Illuminate/Http/Request), Object(Closure))
#34 E:/website_trangsuc/laptrinhweb_thi_website_trangsuc/vendor/laravel/framework/src/Illuminate/Foundation/Http/Middleware/TransformsRequest.php(21): Illuminate/Pipeline/Pipeline->Illuminate/Pipeline/{closure}(Object(Illuminate/Http/Request))
#35 E:/website_trangsuc/laptrinhweb_thi_website_trangsuc/vendor/laravel/framework/src/Illuminate/Foundation/Http/Middleware/TrimStrings.php(51): Illuminate/Foundation/Http/Middleware/TransformsRequest->handle(Object(Illuminate/Http/Request), Object(Closure))
#36 E:/website_trangsuc/laptrinhweb_thi_website_trangsuc/vendor/laravel/framework/src/Illuminate/Pipeline/Pipeline.php(219): Illuminate/Foundation/Http/Middleware/TrimStrings->handle(Object(Illuminate/Http/Request), Object(Closure))
#37 E:/website_trangsuc/laptrinhweb_thi_website_trangsuc/vendor/laravel/framework/src/Illuminate/Http/Middleware/ValidatePostSize.php(27): Illuminate/Pipeline/Pipeline->Illuminate/Pipeline/{closure}(Object(Illuminate/Http/Request))
#38 E:/website_trangsuc/laptrinhweb_thi_website_trangsuc/vendor/laravel/framework/src/Illuminate/Pipeline/Pipeline.php(219): Illuminate/Http/Middleware/ValidatePostSize->handle(Object(Illuminate/Http/Request), Object(Closure))
#39 E:/website_trangsuc/laptrinhweb_thi_website_trangsuc/vendor/laravel/framework/src/Illuminate/Foundation/Http/Middleware/PreventRequestsDuringMaintenance.php(109): Illuminate/Pipeline/Pipeline->Illuminate/Pipeline/{closure}(Object(Illuminate/Http/Request))
#40 E:/website_trangsuc/laptrinhweb_thi_website_trangsuc/vendor/laravel/framework/src/Illuminate/Pipeline/Pipeline.php(219): Illuminate/Foundation/Http/Middleware/PreventRequestsDuringMaintenance->handle(Object(Illuminate/Http/Request), Object(Closure))
#41 E:/website_trangsuc/laptrinhweb_thi_website_trangsuc/vendor/laravel/framework/src/Illuminate/Http/Middleware/HandleCors.php(61): Illuminate/Pipeline/Pipeline->Illuminate/Pipeline/{closure}(Object(Illuminate/Http/Request))
#42 E:/website_trangsuc/laptrinhweb_thi_website_trangsuc/vendor/laravel/framework/src/Illuminate/Pipeline/Pipeline.php(219): Illuminate/Http/Middleware/HandleCors->handle(Object(Illuminate/Http/Request), Object(Closure))
#43 E:/website_trangsuc/laptrinhweb_thi_website_trangsuc/vendor/laravel/framework/src/Illuminate/Http/Middleware/TrustProxies.php(58): Illuminate/Pipeline/Pipeline->Illuminate/Pipeline/{closure}(Object(Illuminate/Http/Request))
#44 E:/website_trangsuc/laptrinhweb_thi_website_trangsuc/vendor/laravel/framework/src/Illuminate/Pipeline/Pipeline.php(219): Illuminate/Http/Middleware/TrustProxies->handle(Object(Illuminate/Http/Request), Object(Closure))
#45 E:/website_trangsuc/laptrinhweb_thi_website_trangsuc/vendor/laravel/framework/src/Illuminate/Foundation/Http/Middleware/InvokeDeferredCallbacks.php(22): Illuminate/Pipeline/Pipeline->Illuminate/Pipeline/{closure}(Object(Illuminate/Http/Request))
#46 E:/website_trangsuc/laptrinhweb_thi_website_trangsuc/vendor/laravel/framework/src/Illuminate/Pipeline/Pipeline.php(219): Illuminate/Foundation/Http/Middleware/InvokeDeferredCallbacks->handle(Object(Illuminate/Http/Request), Object(Closure))
#47 E:/website_trangsuc/laptrinhweb_thi_website_trangsuc/vendor/laravel/framework/src/Illuminate/Http/Middleware/ValidatePathEncoding.php(26): Illuminate/Pipeline/Pipeline->Illuminate/Pipeline/{closure}(Object(Illuminate/Http/Request))
#48 E:/website_trangsuc/laptrinhweb_thi_website_trangsuc/vendor/laravel/framework/src/Illuminate/Pipeline/Pipeline.php(219): Illuminate/Http/Middleware/ValidatePathEncoding->handle(Object(Illuminate/Http/Request), Object(Closure))
#49 E:/website_trangsuc/laptrinhweb_thi_website_trangsuc/vendor/laravel/framework/src/Illuminate/Pipeline/Pipeline.php(137): Illuminate/Pipeline/Pipeline->Illuminate/Pipeline/{closure}(Object(Illuminate/Http/Request))
#50 E:/website_trangsuc/laptrinhweb_thi_website_trangsuc/vendor/laravel/framework/src/Illuminate/Foundation/Http/Kernel.php(175): Illuminate/Pipeline/Pipeline->then(Object(Closure))
#51 E:/website_trangsuc/laptrinhweb_thi_website_trangsuc/vendor/laravel/framework/src/Illuminate/Foundation/Http/Kernel.php(144): Illuminate/Foundation/Http/Kernel->sendRequestThroughRouter(Object(Illuminate/Http/Request))
#52 E:/website_trangsuc/laptrinhweb_thi_website_trangsuc/vendor/laravel/framework/src/Illuminate/Foundation/Application.php(1220): Illuminate/Foundation/Http/Kernel->handle(Object(Illuminate/Http/Request))
#53 E:/website_trangsuc/laptrinhweb_thi_website_trangsuc/public/index.php(20): Illuminate/Foundation/Application->handleRequest(Object(Illuminate/Http/Request))
#54 E:/website_trangsuc/laptrinhweb_thi_website_trangsuc/vendor/laravel/framework/src/Illuminate/Foundation/resources/server.php(23): require_once('E://website_tran...')
#55 {main}

[previous exception] [object] (Error(code: 0): Call to a member function sum() on null at E:/website_trangsuc/laptrinhweb_thi_website_trangsuc/storage/framework/views/5e0d2a1bef8ffda802451500d0399c2d.php:123)
[stacktrace]
#0 E:/website_trangsuc/laptrinhweb_thi_website_trangsuc/vendor/laravel/framework/src/Illuminate/Filesystem/Filesystem.php(123): require()
#1 E:/website_trangsuc/laptrinhweb_thi_website_trangsuc/vendor/laravel/framework/src/Illuminate/Filesystem/Filesystem.php(124): Illuminate/Filesystem/Filesystem::Illuminate/Filesystem/{closure}()
#2 E:/website_trangsuc/laptrinhweb_thi_website_trangsuc/vendor/laravel/framework/src/Illuminate/View/Engines/PhpEngine.php(57): Illuminate/Filesystem/Filesystem->getRequire('E://website_tran...', Array)
#3 E:/website_trangsuc/laptrinhweb_thi_website_trangsuc/vendor/laravel/framework/src/Illuminate/View/Engines/CompilerEngine.php(76): Illuminate/View/Engines/PhpEngine->evaluatePath('E://website_tran...', Array)
#4 E:/website_trangsuc/laptrinhweb_thi_website_trangsuc/vendor/laravel/framework/src/Illuminate/View/View.php(208): Illuminate/View/Engines/CompilerEngine->get('E://website_tran...', Array)
#5 E:/website_trangsuc/laptrinhweb_thi_website_trangsuc/vendor/laravel/framework/src/Illuminate/View/View.php(191): Illuminate/View/View->getContents()
#6 E:/website_trangsuc/laptrinhweb_thi_website_trangsuc/vendor/laravel/framework/src/Illuminate/View/View.php(160): Illuminate/View/View->renderContents()
#7 E:/website_trangsuc/laptrinhweb_thi_website_trangsuc/vendor/laravel/framework/src/Illuminate/Http/Response.php(78): Illuminate/View/View->render()
#8 E:/website_trangsuc/laptrinhweb_thi_website_trangsuc/vendor/laravel/framework/src/Illuminate/Http/Response.php(34): Illuminate/Http/Response->setContent(Object(Illuminate/View/View))
#9 E:/website_trangsuc/laptrinhweb_thi_website_trangsuc/vendor/laravel/framework/src/Illuminate/Routing/Router.php(939): Illuminate/Http/Response->__construct(Object(Illuminate/View/View), 200, Array)
#10 E:/website_trangsuc/laptrinhweb_thi_website_trangsuc/vendor/laravel/framework/src/Illuminate/Routing/Router.php(906): Illuminate/Routing/Router::toResponse(Object(Illuminate/Http/Request), Object(Illuminate/View/View))
#11 E:/website_trangsuc/laptrinhweb_thi_website_trangsuc/vendor/laravel/framework/src/Illuminate/Routing/Router.php(821): Illuminate/Routing/Router->prepareResponse(Object(Illuminate/Http/Request), Object(Illuminate/View/View))
#12 E:/website_trangsuc/laptrinhweb_thi_website_trangsuc/vendor/laravel/framework/src/Illuminate/Pipeline/Pipeline.php(180): Illuminate/Routing/Router->Illuminate/Routing/{closure}(Object(Illuminate/Http/Request))
#13 E:/website_trangsuc/laptrinhweb_thi_website_trangsuc/vendor/laravel/framework/src/Illuminate/Routing/Middleware/SubstituteBindings.php(50): Illuminate/Pipeline/Pipeline->Illuminate/Pipeline/{closure}(Object(Illuminate/Http/Request))
#14 E:/website_trangsuc/laptrinhweb_thi_website_trangsuc/vendor/laravel/framework/src/Illuminate/Pipeline/Pipeline.php(219): Illuminate/Routing/Middleware/SubstituteBindings->handle(Object(Illuminate/Http/Request), Object(Closure))
#15 E:/website_trangsuc/laptrinhweb_thi_website_trangsuc/vendor/laravel/framework/src/Illuminate/Foundation/Http/Middleware/VerifyCsrfToken.php(87): Illuminate/Pipeline/Pipeline->Illuminate/Pipeline/{closure}(Object(Illuminate/Http/Request))
#16 E:/website_trangsuc/laptrinhweb_thi_website_trangsuc/vendor/laravel/framework/src/Illuminate/Pipeline/Pipeline.php(219): Illuminate/Foundation/Http/Middleware/VerifyCsrfToken->handle(Object(Illuminate/Http/Request), Object(Closure))
#17 E:/website_trangsuc/laptrinhweb_thi_website_trangsuc/vendor/laravel/framework/src/Illuminate/View/Middleware/ShareErrorsFromSession.php(48): Illuminate/Pipeline/Pipeline->Illuminate/Pipeline/{closure}(Object(Illuminate/Http/Request))
#18 E:/website_trangsuc/laptrinhweb_thi_website_trangsuc/vendor/laravel/framework/src/Illuminate/Pipeline/Pipeline.php(219): Illuminate/View/Middleware/ShareErrorsFromSession->handle(Object(Illuminate/Http/Request), Object(Closure))
#19 E:/website_trangsuc/laptrinhweb_thi_website_trangsuc/vendor/laravel/framework/src/Illuminate/Session/Middleware/StartSession.php(120): Illuminate/Pipeline/Pipeline->Illuminate/Pipeline/{closure}(Object(Illuminate/Http/Request))
#20 E:/website_trangsuc/laptrinhweb_thi_website_trangsuc/vendor/laravel/framework/src/Illuminate/Session/Middleware/StartSession.php(63): Illuminate/Session/Middleware/StartSession->handleStatefulRequest(Object(Illuminate/Http/Request), Object(Illuminate/Session/Store), Object(Closure))
#21 E:/website_trangsuc/laptrinhweb_thi_website_trangsuc/vendor/laravel/framework/src/Illuminate/Pipeline/Pipeline.php(219): Illuminate/Session/Middleware/StartSession->handle(Object(Illuminate/Http/Request), Object(Closure))
#22 E:/website_trangsuc/laptrinhweb_thi_website_trangsuc/vendor/laravel/framework/src/Illuminate/Cookie/Middleware/AddQueuedCookiesToResponse.php(36): Illuminate/Pipeline/Pipeline->Illuminate/Pipeline/{closure}(Object(Illuminate/Http/Request))
#23 E:/website_trangsuc/laptrinhweb_thi_website_trangsuc/vendor/laravel/framework/src/Illuminate/Pipeline/Pipeline.php(219): Illuminate/Cookie/Middleware/AddQueuedCookiesToResponse->handle(Object(Illuminate/Http/Request), Object(Closure))
#24 E:/website_trangsuc/laptrinhweb_thi_website_trangsuc/vendor/laravel/framework/src/Illuminate/Cookie/Middleware/EncryptCookies.php(74): Illuminate/Pipeline/Pipeline->Illuminate/Pipeline/{closure}(Object(Illuminate/Http/Request))
#25 E:/website_trangsuc/laptrinhweb_thi_website_trangsuc/vendor/laravel/framework/src/Illuminate/Pipeline/Pipeline.php(219): Illuminate/Cookie/Middleware/EncryptCookies->handle(Object(Illuminate/Http/Request), Object(Closure))
#26 E:/website_trangsuc/laptrinhweb_thi_website_trangsuc/vendor/laravel/framework/src/Illuminate/Pipeline/Pipeline.php(137): Illuminate/Pipeline/Pipeline->Illuminate/Pipeline/{closure}(Object(Illuminate/Http/Request))
#27 E:/website_trangsuc/laptrinhweb_thi_website_trangsuc/vendor/laravel/framework/src/Illuminate/Routing/Router.php(821): Illuminate/Pipeline/Pipeline->then(Object(Closure))
#28 E:/website_trangsuc/laptrinhweb_thi_website_trangsuc/vendor/laravel/framework/src/Illuminate/Routing/Router.php(800): Illuminate/Routing/Router->runRouteWithinStack(Object(Illuminate/Routing/Route), Object(Illuminate/Http/Request))
#29 E:/website_trangsuc/laptrinhweb_thi_website_trangsuc/vendor/laravel/framework/src/Illuminate/Routing/Router.php(764): Illuminate/Routing/Router->runRoute(Object(Illuminate/Http/Request), Object(Illuminate/Routing/Route))
#30 E:/website_trangsuc/laptrinhweb_thi_website_trangsuc/vendor/laravel/framework/src/Illuminate/Routing/Router.php(753): Illuminate/Routing/Router->dispatchToRoute(Object(Illuminate/Http/Request))
#31 E:/website_trangsuc/laptrinhweb_thi_website_trangsuc/vendor/laravel/framework/src/Illuminate/Foundation/Http/Kernel.php(200): Illuminate/Routing/Router->dispatch(Object(Illuminate/Http/Request))
#32 E:/website_trangsuc/laptrinhweb_thi_website_trangsuc/vendor/laravel/framework/src/Illuminate/Pipeline/Pipeline.php(180): Illuminate/Foundation/Http/Kernel->Illuminate/Foundation/Http/{closure}(Object(Illuminate/Http/Request))
#33 E:/website_trangsuc/laptrinhweb_thi_website_trangsuc/vendor/laravel/framework/src/Illuminate/Foundation/Http/Middleware/TransformsRequest.php(21): Illuminate/Pipeline/Pipeline->Illuminate/Pipeline/{closure}(Object(Illuminate/Http/Request))
#34 E:/website_trangsuc/laptrinhweb_thi_website_trangsuc/vendor/laravel/framework/src/Illuminate/Foundation/Http/Middleware/ConvertEmptyStringsToNull.php(31): Illuminate/Foundation/Http/Middleware/TransformsRequest->handle(Object(Illuminate/Http/Request), Object(Closure))
#35 E:/website_trangsuc/laptrinhweb_thi_website_trangsuc/vendor/laravel/framework/src/Illuminate/Pipeline/Pipeline.php(219): Illuminate/Foundation/Http/Middleware/ConvertEmptyStringsToNull->handle(Object(Illuminate/Http/Request), Object(Closure))
#36 E:/website_trangsuc/laptrinhweb_thi_website_trangsuc/vendor/laravel/framework/src/Illuminate/Foundation/Http/Middleware/TransformsRequest.php(21): Illuminate/Pipeline/Pipeline->Illuminate/Pipeline/{closure}(Object(Illuminate/Http/Request))
#37 E:/website_trangsuc/laptrinhweb_thi_website_trangsuc/vendor/laravel/framework/src/Illuminate/Foundation/Http/Middleware/TrimStrings.php(51): Illuminate/Foundation/Http/Middleware/TransformsRequest->handle(Object(Illuminate/Http/Request), Object(Closure))
#38 E:/website_trangsuc/laptrinhweb_thi_website_trangsuc/vendor/laravel/framework/src/Illuminate/Pipeline/Pipeline.php(219): Illuminate/Foundation/Http/Middleware/TrimStrings->handle(Object(Illuminate/Http/Request), Object(Closure))
#39 E:/website_trangsuc/laptrinhweb_thi_website_trangsuc/vendor/laravel/framework/src/Illuminate/Http/Middleware/ValidatePostSize.php(27): Illuminate/Pipeline/Pipeline->Illuminate/Pipeline/{closure}(Object(Illuminate/Http/Request))
#40 E:/website_trangsuc/laptrinhweb_thi_website_trangsuc/vendor/laravel/framework/src/Illuminate/Pipeline/Pipeline.php(219): Illuminate/Http/Middleware/ValidatePostSize->handle(Object(Illuminate/Http/Request), Object(Closure))
#41 E:/website_trangsuc/laptrinhweb_thi_website_trangsuc/vendor/laravel/framework/src/Illuminate/Foundation/Http/Middleware/PreventRequestsDuringMaintenance.php(109): Illuminate/Pipeline/Pipeline->Illuminate/Pipeline/{closure}(Object(Illuminate/Http/Request))
#42 E:/website_trangsuc/laptrinhweb_thi_website_trangsuc/vendor/laravel/framework/src/Illuminate/Pipeline/Pipeline.php(219): Illuminate/Foundation/Http/Middleware/PreventRequestsDuringMaintenance->handle(Object(Illuminate/Http/Request), Object(Closure))
#43 E:/website_trangsuc/laptrinhweb_thi_website_trangsuc/vendor/laravel/framework/src/Illuminate/Http/Middleware/HandleCors.php(61): Illuminate/Pipeline/Pipeline->Illuminate/Pipeline/{closure}(Object(Illuminate/Http/Request))
#44 E:/website_trangsuc/laptrinhweb_thi_website_trangsuc/vendor/laravel/framework/src/Illuminate/Pipeline/Pipeline.php(219): Illuminate/Http/Middleware/HandleCors->handle(Object(Illuminate/Http/Request), Object(Closure))
#45 E:/website_trangsuc/laptrinhweb_thi_website_trangsuc/vendor/laravel/framework/src/Illuminate/Http/Middleware/TrustProxies.php(58): Illuminate/Pipeline/Pipeline->Illuminate/Pipeline/{closure}(Object(Illuminate/Http/Request))
#46 E:/website_trangsuc/laptrinhweb_thi_website_trangsuc/vendor/laravel/framework/src/Illuminate/Pipeline/Pipeline.php(219): Illuminate/Http/Middleware/TrustProxies->handle(Object(Illuminate/Http/Request), Object(Closure))
#47 E:/website_trangsuc/laptrinhweb_thi_website_trangsuc/vendor/laravel/framework/src/Illuminate/Foundation/Http/Middleware/InvokeDeferredCallbacks.php(22): Illuminate/Pipeline/Pipeline->Illuminate/Pipeline/{closure}(Object(Illuminate/Http/Request))
#48 E:/website_trangsuc/laptrinhweb_thi_website_trangsuc/vendor/laravel/framework/src/Illuminate/Pipeline/Pipeline.php(219): Illuminate/Foundation/Http/Middleware/InvokeDeferredCallbacks->handle(Object(Illuminate/Http/Request), Object(Closure))
#49 E:/website_trangsuc/laptrinhweb_thi_website_trangsuc/vendor/laravel/framework/src/Illuminate/Http/Middleware/ValidatePathEncoding.php(26): Illuminate/Pipeline/Pipeline->Illuminate/Pipeline/{closure}(Object(Illuminate/Http/Request))
#50 E:/website_trangsuc/laptrinhweb_thi_website_trangsuc/vendor/laravel/framework/src/Illuminate/Pipeline/Pipeline.php(219): Illuminate/Http/Middleware/ValidatePathEncoding->handle(Object(Illuminate/Http/Request), Object(Closure))
#51 E:/website_trangsuc/laptrinhweb_thi_website_trangsuc/vendor/laravel/framework/src/Illuminate/Pipeline/Pipeline.php(137): Illuminate/Pipeline/Pipeline->Illuminate/Pipeline/{closure}(Object(Illuminate/Http/Request))
#52 E:/website_trangsuc/laptrinhweb_thi_website_trangsuc/vendor/laravel/framework/src/Illuminate/Foundation/Http/Kernel.php(175): Illuminate/Pipeline/Pipeline->then(Object(Closure))
#53 E:/website_trangsuc/laptrinhweb_thi_website_trangsuc/vendor/laravel/framework/src/Illuminate/Foundation/Http/Kernel.php(144): Illuminate/Foundation/Http/Kernel->sendRequestThroughRouter(Object(Illuminate/Http/Request))
#54 E:/website_trangsuc/laptrinhweb_thi_website_trangsuc/vendor/laravel/framework/src/Illuminate/Foundation/Application.php(1220): Illuminate/Foundation/Http/Kernel->handle(Object(Illuminate/Http/Request))
#55 E:/website_trangsuc/laptrinhweb_thi_website_trangsuc/public/index.php(20): Illuminate/Foundation/Application->handleRequest(Object(Illuminate/Http/Request))
#56 E:/website_trangsuc/laptrinhweb_thi_website_trangsuc/vendor/laravel/framework/src/Illuminate/Foundation/resources/server.php(23): require_once('E://website_tran...')
#57 {main}
"} 
[2026-05-28 18:35:36] local.ERROR: Call to a member function sum() on null (View: E:\website_trangsuc\laptrinhweb_thi_website_trangsuc\resources\views\admin\orders\index.blade.php) {"userId":"TK037","exception":"[object] (Illuminate\\View\\ViewException(code: 0): Call to a member function sum() on null (View: E:\\website_trangsuc\\laptrinhweb_thi_website_trangsuc\\resources\\views\\admin\\orders\\index.blade.php) at E:/website_trangsuc/laptrinhweb_thi_website_trangsuc/storage/framework/views/5e0d2a1bef8ffda802451500d0399c2d.php:123)
[stacktrace]
#0 E:/website_trangsuc/laptrinhweb_thi_website_trangsuc/vendor/laravel/framework/src/Illuminate/View/Engines/PhpEngine.php(59): Illuminate/View/Engines/CompilerEngine->handleViewException(Object(Error), 1)
#1 E:/website_trangsuc/laptrinhweb_thi_website_trangsuc/vendor/laravel/framework/src/Illuminate/View/Engines/CompilerEngine.php(76): Illuminate/View/Engines/PhpEngine->evaluatePath('E://website_tran...', Array)
#2 E:/website_trangsuc/laptrinhweb_thi_website_trangsuc/vendor/laravel/framework/src/Illuminate/View/View.php(208): Illuminate/View/Engines/CompilerEngine->get('E://website_tran...', Array)
#3 E:/website_trangsuc/laptrinhweb_thi_website_trangsuc/vendor/laravel/framework/src/Illuminate/View/View.php(191): Illuminate/View/View->getContents()
#4 E:/website_trangsuc/laptrinhweb_thi_website_trangsuc/vendor/laravel/framework/src/Illuminate/View/View.php(160): Illuminate/View/View->renderContents()
#5 E:/website_trangsuc/laptrinhweb_thi_website_trangsuc/vendor/laravel/framework/src/Illuminate/Http/Response.php(78): Illuminate/View/View->render()
#6 E:/website_trangsuc/laptrinhweb_thi_website_trangsuc/vendor/laravel/framework/src/Illuminate/Http/Response.php(34): Illuminate/Http/Response->setContent(Object(Illuminate/View/View))
#7 E:/website_trangsuc/laptrinhweb_thi_website_trangsuc/vendor/laravel/framework/src/Illuminate/Routing/Router.php(939): Illuminate/Http/Response->__construct(Object(Illuminate/View/View), 200, Array)
#8 E:/website_trangsuc/laptrinhweb_thi_website_trangsuc/vendor/laravel/framework/src/Illuminate/Routing/Router.php(906): Illuminate/Routing/Router::toResponse(Object(Illuminate/Http/Request), Object(Illuminate/View/View))
#9 E:/website_trangsuc/laptrinhweb_thi_website_trangsuc/vendor/laravel/framework/src/Illuminate/Routing/Router.php(821): Illuminate/Routing/Router->prepareResponse(Object(Illuminate/Http/Request), Object(Illuminate/View/View))
#10 E:/website_trangsuc/laptrinhweb_thi_website_trangsuc/vendor/laravel/framework/src/Illuminate/Pipeline/Pipeline.php(180): Illuminate/Routing/Router->Illuminate/Routing/{closure}(Object(Illuminate/Http/Request))
#11 E:/website_trangsuc/laptrinhweb_thi_website_trangsuc/vendor/laravel/framework/src/Illuminate/Routing/Middleware/SubstituteBindings.php(50): Illuminate/Pipeline/Pipeline->Illuminate/Pipeline/{closure}(Object(Illuminate/Http/Request))
#12 E:/website_trangsuc/laptrinhweb_thi_website_trangsuc/vendor/laravel/framework/src/Illuminate/Pipeline/Pipeline.php(219): Illuminate/Routing/Middleware/SubstituteBindings->handle(Object(Illuminate/Http/Request), Object(Closure))
#13 E:/website_trangsuc/laptrinhweb_thi_website_trangsuc/vendor/laravel/framework/src/Illuminate/Foundation/Http/Middleware/VerifyCsrfToken.php(87): Illuminate/Pipeline/Pipeline->Illuminate/Pipeline/{closure}(Object(Illuminate/Http/Request))
#14 E:/website_trangsuc/laptrinhweb_thi_website_trangsuc/vendor/laravel/framework/src/Illuminate/Pipeline/Pipeline.php(219): Illuminate/Foundation/Http/Middleware/VerifyCsrfToken->handle(Object(Illuminate/Http/Request), Object(Closure))
#15 E:/website_trangsuc/laptrinhweb_thi_website_trangsuc/vendor/laravel/framework/src/Illuminate/View/Middleware/ShareErrorsFromSession.php(48): Illuminate/Pipeline/Pipeline->Illuminate/Pipeline/{closure}(Object(Illuminate/Http/Request))
#16 E:/website_trangsuc/laptrinhweb_thi_website_trangsuc/vendor/laravel/framework/src/Illuminate/Pipeline/Pipeline.php(219): Illuminate/View/Middleware/ShareErrorsFromSession->handle(Object(Illuminate/Http/Request), Object(Closure))
#17 E:/website_trangsuc/laptrinhweb_thi_website_trangsuc/vendor/laravel/framework/src/Illuminate/Session/Middleware/StartSession.php(120): Illuminate/Pipeline/Pipeline->Illuminate/Pipeline/{closure}(Object(Illuminate/Http/Request))
#18 E:/website_trangsuc/laptrinhweb_thi_website_trangsuc/vendor/laravel/framework/src/Illuminate/Session/Middleware/StartSession.php(63): Illuminate/Session/Middleware/StartSession->handleStatefulRequest(Object(Illuminate/Http/Request), Object(Illuminate/Session/Store), Object(Closure))
#19 E:/website_trangsuc/laptrinhweb_thi_website_trangsuc/vendor/laravel/framework/src/Illuminate/Pipeline/Pipeline.php(219): Illuminate/Session/Middleware/StartSession->handle(Object(Illuminate/Http/Request), Object(Closure))
#20 E:/website_trangsuc/laptrinhweb_thi_website_trangsuc/vendor/laravel/framework/src/Illuminate/Cookie/Middleware/AddQueuedCookiesToResponse.php(36): Illuminate/Pipeline/Pipeline->Illuminate/Pipeline/{closure}(Object(Illuminate/Http/Request))
#21 E:/website_trangsuc/laptrinhweb_thi_website_trangsuc/vendor/laravel/framework/src/Illuminate/Pipeline/Pipeline.php(219): Illuminate/Cookie/Middleware/AddQueuedCookiesToResponse->handle(Object(Illuminate/Http/Request), Object(Closure))
#22 E:/website_trangsuc/laptrinhweb_thi_website_trangsuc/vendor/laravel/framework/src/Illuminate/Cookie/Middleware/EncryptCookies.php(74): Illuminate/Pipeline/Pipeline->Illuminate/Pipeline/{closure}(Object(Illuminate/Http/Request))
#23 E:/website_trangsuc/laptrinhweb_thi_website_trangsuc/vendor/laravel/framework/src/Illuminate/Pipeline/Pipeline.php(219): Illuminate/Cookie/Middleware/EncryptCookies->handle(Object(Illuminate/Http/Request), Object(Closure))
#24 E:/website_trangsuc/laptrinhweb_thi_website_trangsuc/vendor/laravel/framework/src/Illuminate/Pipeline/Pipeline.php(137): Illuminate/Pipeline/Pipeline->Illuminate/Pipeline/{closure}(Object(Illuminate/Http/Request))
#25 E:/website_trangsuc/laptrinhweb_thi_website_trangsuc/vendor/laravel/framework/src/Illuminate/Routing/Router.php(821): Illuminate/Pipeline/Pipeline->then(Object(Closure))
#26 E:/website_trangsuc/laptrinhweb_thi_website_trangsuc/vendor/laravel/framework/src/Illuminate/Routing/Router.php(800): Illuminate/Routing/Router->runRouteWithinStack(Object(Illuminate/Routing/Route), Object(Illuminate/Http/Request))
#27 E:/website_trangsuc/laptrinhweb_thi_website_trangsuc/vendor/laravel/framework/src/Illuminate/Routing/Router.php(764): Illuminate/Routing/Router->runRoute(Object(Illuminate/Http/Request), Object(Illuminate/Routing/Route))
#28 E:/website_trangsuc/laptrinhweb_thi_website_trangsuc/vendor/laravel/framework/src/Illuminate/Routing/Router.php(753): Illuminate/Routing/Router->dispatchToRoute(Object(Illuminate/Http/Request))
#29 E:/website_trangsuc/laptrinhweb_thi_website_trangsuc/vendor/laravel/framework/src/Illuminate/Foundation/Http/Kernel.php(200): Illuminate/Routing/Router->dispatch(Object(Illuminate/Http/Request))
#30 E:/website_trangsuc/laptrinhweb_thi_website_trangsuc/vendor/laravel/framework/src/Illuminate/Pipeline/Pipeline.php(180): Illuminate/Foundation/Http/Kernel->Illuminate/Foundation/Http/{closure}(Object(Illuminate/Http/Request))
#31 E:/website_trangsuc/laptrinhweb_thi_website_trangsuc/vendor/laravel/framework/src/Illuminate/Foundation/Http/Middleware/TransformsRequest.php(21): Illuminate/Pipeline/Pipeline->Illuminate/Pipeline/{closure}(Object(Illuminate/Http/Request))
#32 E:/website_trangsuc/laptrinhweb_thi_website_trangsuc/vendor/laravel/framework/src/Illuminate/Foundation/Http/Middleware/ConvertEmptyStringsToNull.php(31): Illuminate/Foundation/Http/Middleware/TransformsRequest->handle(Object(Illuminate/Http/Request), Object(Closure))
#33 E:/website_trangsuc/laptrinhweb_thi_website_trangsuc/vendor/laravel/framework/src/Illuminate/Pipeline/Pipeline.php(219): Illuminate/Foundation/Http/Middleware/ConvertEmptyStringsToNull->handle(Object(Illuminate/Http/Request), Object(Closure))
#34 E:/website_trangsuc/laptrinhweb_thi_website_trangsuc/vendor/laravel/framework/src/Illuminate/Foundation/Http/Middleware/TransformsRequest.php(21): Illuminate/Pipeline/Pipeline->Illuminate/Pipeline/{closure}(Object(Illuminate/Http/Request))
#35 E:/website_trangsuc/laptrinhweb_thi_website_trangsuc/vendor/laravel/framework/src/Illuminate/Foundation/Http/Middleware/TrimStrings.php(51): Illuminate/Foundation/Http/Middleware/TransformsRequest->handle(Object(Illuminate/Http/Request), Object(Closure))
#36 E:/website_trangsuc/laptrinhweb_thi_website_trangsuc/vendor/laravel/framework/src/Illuminate/Pipeline/Pipeline.php(219): Illuminate/Foundation/Http/Middleware/TrimStrings->handle(Object(Illuminate/Http/Request), Object(Closure))
#37 E:/website_trangsuc/laptrinhweb_thi_website_trangsuc/vendor/laravel/framework/src/Illuminate/Http/Middleware/ValidatePostSize.php(27): Illuminate/Pipeline/Pipeline->Illuminate/Pipeline/{closure}(Object(Illuminate/Http/Request))
#38 E:/website_trangsuc/laptrinhweb_thi_website_trangsuc/vendor/laravel/framework/src/Illuminate/Pipeline/Pipeline.php(219): Illuminate/Http/Middleware/ValidatePostSize->handle(Object(Illuminate/Http/Request), Object(Closure))
#39 E:/website_trangsuc/laptrinhweb_thi_website_trangsuc/vendor/laravel/framework/src/Illuminate/Foundation/Http/Middleware/PreventRequestsDuringMaintenance.php(109): Illuminate/Pipeline/Pipeline->Illuminate/Pipeline/{closure}(Object(Illuminate/Http/Request))
#40 E:/website_trangsuc/laptrinhweb_thi_website_trangsuc/vendor/laravel/framework/src/Illuminate/Pipeline/Pipeline.php(219): Illuminate/Foundation/Http/Middleware/PreventRequestsDuringMaintenance->handle(Object(Illuminate/Http/Request), Object(Closure))
#41 E:/website_trangsuc/laptrinhweb_thi_website_trangsuc/vendor/laravel/framework/src/Illuminate/Http/Middleware/HandleCors.php(61): Illuminate/Pipeline/Pipeline->Illuminate/Pipeline/{closure}(Object(Illuminate/Http/Request))
#42 E:/website_trangsuc/laptrinhweb_thi_website_trangsuc/vendor/laravel/framework/src/Illuminate/Pipeline/Pipeline.php(219): Illuminate/Http/Middleware/HandleCors->handle(Object(Illuminate/Http/Request), Object(Closure))
#43 E:/website_trangsuc/laptrinhweb_thi_website_trangsuc/vendor/laravel/framework/src/Illuminate/Http/Middleware/TrustProxies.php(58): Illuminate/Pipeline/Pipeline->Illuminate/Pipeline/{closure}(Object(Illuminate/Http/Request))
#44 E:/website_trangsuc/laptrinhweb_thi_website_trangsuc/vendor/laravel/framework/src/Illuminate/Pipeline/Pipeline.php(219): Illuminate/Http/Middleware/TrustProxies->handle(Object(Illuminate/Http/Request), Object(Closure))
#45 E:/website_trangsuc/laptrinhweb_thi_website_trangsuc/vendor/laravel/framework/src/Illuminate/Foundation/Http/Middleware/InvokeDeferredCallbacks.php(22): Illuminate/Pipeline/Pipeline->Illuminate/Pipeline/{closure}(Object(Illuminate/Http/Request))
#46 E:/website_trangsuc/laptrinhweb_thi_website_trangsuc/vendor/laravel/framework/src/Illuminate/Pipeline/Pipeline.php(219): Illuminate/Foundation/Http/Middleware/InvokeDeferredCallbacks->handle(Object(Illuminate/Http/Request), Object(Closure))
#47 E:/website_trangsuc/laptrinhweb_thi_website_trangsuc/vendor/laravel/framework/src/Illuminate/Http/Middleware/ValidatePathEncoding.php(26): Illuminate/Pipeline/Pipeline->Illuminate/Pipeline/{closure}(Object(Illuminate/Http/Request))
#48 E:/website_trangsuc/laptrinhweb_thi_website_trangsuc/vendor/laravel/framework/src/Illuminate/Pipeline/Pipeline.php(219): Illuminate/Http/Middleware/ValidatePathEncoding->handle(Object(Illuminate/Http/Request), Object(Closure))
#49 E:/website_trangsuc/laptrinhweb_thi_website_trangsuc/vendor/laravel/framework/src/Illuminate/Pipeline/Pipeline.php(137): Illuminate/Pipeline/Pipeline->Illuminate/Pipeline/{closure}(Object(Illuminate/Http/Request))
#50 E:/website_trangsuc/laptrinhweb_thi_website_trangsuc/vendor/laravel/framework/src/Illuminate/Foundation/Http/Kernel.php(175): Illuminate/Pipeline/Pipeline->then(Object(Closure))
#51 E:/website_trangsuc/laptrinhweb_thi_website_trangsuc/vendor/laravel/framework/src/Illuminate/Foundation/Http/Kernel.php(144): Illuminate/Foundation/Http/Kernel->sendRequestThroughRouter(Object(Illuminate/Http/Request))
#52 E:/website_trangsuc/laptrinhweb_thi_website_trangsuc/vendor/laravel/framework/src/Illuminate/Foundation/Application.php(1220): Illuminate/Foundation/Http/Kernel->handle(Object(Illuminate/Http/Request))
#53 E:/website_trangsuc/laptrinhweb_thi_website_trangsuc/public/index.php(20): Illuminate/Foundation/Application->handleRequest(Object(Illuminate/Http/Request))
#54 E:/website_trangsuc/laptrinhweb_thi_website_trangsuc/vendor/laravel/framework/src/Illuminate/Foundation/resources/server.php(23): require_once('E://website_tran...')
#55 {main}

[previous exception] [object] (Error(code: 0): Call to a member function sum() on null at E:/website_trangsuc/laptrinhweb_thi_website_trangsuc/storage/framework/views/5e0d2a1bef8ffda802451500d0399c2d.php:123)
[stacktrace]
#0 E:/website_trangsuc/laptrinhweb_thi_website_trangsuc/vendor/laravel/framework/src/Illuminate/Filesystem/Filesystem.php(123): require()
#1 E:/website_trangsuc/laptrinhweb_thi_website_trangsuc/vendor/laravel/framework/src/Illuminate/Filesystem/Filesystem.php(124): Illuminate/Filesystem/Filesystem::Illuminate/Filesystem/{closure}()
#2 E:/website_trangsuc/laptrinhweb_thi_website_trangsuc/vendor/laravel/framework/src/Illuminate/View/Engines/PhpEngine.php(57): Illuminate/Filesystem/Filesystem->getRequire('E://website_tran...', Array)
#3 E:/website_trangsuc/laptrinhweb_thi_website_trangsuc/vendor/laravel/framework/src/Illuminate/View/Engines/CompilerEngine.php(76): Illuminate/View/Engines/PhpEngine->evaluatePath('E://website_tran...', Array)
#4 E:/website_trangsuc/laptrinhweb_thi_website_trangsuc/vendor/laravel/framework/src/Illuminate/View/View.php(208): Illuminate/View/Engines/CompilerEngine->get('E://website_tran...', Array)
#5 E:/website_trangsuc/laptrinhweb_thi_website_trangsuc/vendor/laravel/framework/src/Illuminate/View/View.php(191): Illuminate/View/View->getContents()
#6 E:/website_trangsuc/laptrinhweb_thi_website_trangsuc/vendor/laravel/framework/src/Illuminate/View/View.php(160): Illuminate/View/View->renderContents()
#7 E:/website_trangsuc/laptrinhweb_thi_website_trangsuc/vendor/laravel/framework/src/Illuminate/Http/Response.php(78): Illuminate/View/View->render()
#8 E:/website_trangsuc/laptrinhweb_thi_website_trangsuc/vendor/laravel/framework/src/Illuminate/Http/Response.php(34): Illuminate/Http/Response->setContent(Object(Illuminate/View/View))
#9 E:/website_trangsuc/laptrinhweb_thi_website_trangsuc/vendor/laravel/framework/src/Illuminate/Routing/Router.php(939): Illuminate/Http/Response->__construct(Object(Illuminate/View/View), 200, Array)
#10 E:/website_trangsuc/laptrinhweb_thi_website_trangsuc/vendor/laravel/framework/src/Illuminate/Routing/Router.php(906): Illuminate/Routing/Router::toResponse(Object(Illuminate/Http/Request), Object(Illuminate/View/View))
#11 E:/website_trangsuc/laptrinhweb_thi_website_trangsuc/vendor/laravel/framework/src/Illuminate/Routing/Router.php(821): Illuminate/Routing/Router->prepareResponse(Object(Illuminate/Http/Request), Object(Illuminate/View/View))
#12 E:/website_trangsuc/laptrinhweb_thi_website_trangsuc/vendor/laravel/framework/src/Illuminate/Pipeline/Pipeline.php(180): Illuminate/Routing/Router->Illuminate/Routing/{closure}(Object(Illuminate/Http/Request))
#13 E:/website_trangsuc/laptrinhweb_thi_website_trangsuc/vendor/laravel/framework/src/Illuminate/Routing/Middleware/SubstituteBindings.php(50): Illuminate/Pipeline/Pipeline->Illuminate/Pipeline/{closure}(Object(Illuminate/Http/Request))
#14 E:/website_trangsuc/laptrinhweb_thi_website_trangsuc/vendor/laravel/framework/src/Illuminate/Pipeline/Pipeline.php(219): Illuminate/Routing/Middleware/SubstituteBindings->handle(Object(Illuminate/Http/Request), Object(Closure))
#15 E:/website_trangsuc/laptrinhweb_thi_website_trangsuc/vendor/laravel/framework/src/Illuminate/Foundation/Http/Middleware/VerifyCsrfToken.php(87): Illuminate/Pipeline/Pipeline->Illuminate/Pipeline/{closure}(Object(Illuminate/Http/Request))
#16 E:/website_trangsuc/laptrinhweb_thi_website_trangsuc/vendor/laravel/framework/src/Illuminate/Pipeline/Pipeline.php(219): Illuminate/Foundation/Http/Middleware/VerifyCsrfToken->handle(Object(Illuminate/Http/Request), Object(Closure))
#17 E:/website_trangsuc/laptrinhweb_thi_website_trangsuc/vendor/laravel/framework/src/Illuminate/View/Middleware/ShareErrorsFromSession.php(48): Illuminate/Pipeline/Pipeline->Illuminate/Pipeline/{closure}(Object(Illuminate/Http/Request))
#18 E:/website_trangsuc/laptrinhweb_thi_website_trangsuc/vendor/laravel/framework/src/Illuminate/Pipeline/Pipeline.php(219): Illuminate/View/Middleware/ShareErrorsFromSession->handle(Object(Illuminate/Http/Request), Object(Closure))
#19 E:/website_trangsuc/laptrinhweb_thi_website_trangsuc/vendor/laravel/framework/src/Illuminate/Session/Middleware/StartSession.php(120): Illuminate/Pipeline/Pipeline->Illuminate/Pipeline/{closure}(Object(Illuminate/Http/Request))
#20 E:/website_trangsuc/laptrinhweb_thi_website_trangsuc/vendor/laravel/framework/src/Illuminate/Session/Middleware/StartSession.php(63): Illuminate/Session/Middleware/StartSession->handleStatefulRequest(Object(Illuminate/Http/Request), Object(Illuminate/Session/Store), Object(Closure))
#21 E:/website_trangsuc/laptrinhweb_thi_website_trangsuc/vendor/laravel/framework/src/Illuminate/Pipeline/Pipeline.php(219): Illuminate/Session/Middleware/StartSession->handle(Object(Illuminate/Http/Request), Object(Closure))
#22 E:/website_trangsuc/laptrinhweb_thi_website_trangsuc/vendor/laravel/framework/src/Illuminate/Cookie/Middleware/AddQueuedCookiesToResponse.php(36): Illuminate/Pipeline/Pipeline->Illuminate/Pipeline/{closure}(Object(Illuminate/Http/Request))
#23 E:/website_trangsuc/laptrinhweb_thi_website_trangsuc/vendor/laravel/framework/src/Illuminate/Pipeline/Pipeline.php(219): Illuminate/Cookie/Middleware/AddQueuedCookiesToResponse->handle(Object(Illuminate/Http/Request), Object(Closure))
#24 E:/website_trangsuc/laptrinhweb_thi_website_trangsuc/vendor/laravel/framework/src/Illuminate/Cookie/Middleware/EncryptCookies.php(74): Illuminate/Pipeline/Pipeline->Illuminate/Pipeline/{closure}(Object(Illuminate/Http/Request))
#25 E:/website_trangsuc/laptrinhweb_thi_website_trangsuc/vendor/laravel/framework/src/Illuminate/Pipeline/Pipeline.php(219): Illuminate/Cookie/Middleware/EncryptCookies->handle(Object(Illuminate/Http/Request), Object(Closure))
#26 E:/website_trangsuc/laptrinhweb_thi_website_trangsuc/vendor/laravel/framework/src/Illuminate/Pipeline/Pipeline.php(137): Illuminate/Pipeline/Pipeline->Illuminate/Pipeline/{closure}(Object(Illuminate/Http/Request))
#27 E:/website_trangsuc/laptrinhweb_thi_website_trangsuc/vendor/laravel/framework/src/Illuminate/Routing/Router.php(821): Illuminate/Pipeline/Pipeline->then(Object(Closure))
#28 E:/website_trangsuc/laptrinhweb_thi_website_trangsuc/vendor/laravel/framework/src/Illuminate/Routing/Router.php(800): Illuminate/Routing/Router->runRouteWithinStack(Object(Illuminate/Routing/Route), Object(Illuminate/Http/Request))
#29 E:/website_trangsuc/laptrinhweb_thi_website_trangsuc/vendor/laravel/framework/src/Illuminate/Routing/Router.php(764): Illuminate/Routing/Router->runRoute(Object(Illuminate/Http/Request), Object(Illuminate/Routing/Route))
#30 E:/website_trangsuc/laptrinhweb_thi_website_trangsuc/vendor/laravel/framework/src/Illuminate/Routing/Router.php(753): Illuminate/Routing/Router->dispatchToRoute(Object(Illuminate/Http/Request))
#31 E:/website_trangsuc/laptrinhweb_thi_website_trangsuc/vendor/laravel/framework/src/Illuminate/Foundation/Http/Kernel.php(200): Illuminate/Routing/Router->dispatch(Object(Illuminate/Http/Request))
#32 E:/website_trangsuc/laptrinhweb_thi_website_trangsuc/vendor/laravel/framework/src/Illuminate/Pipeline/Pipeline.php(180): Illuminate/Foundation/Http/Kernel->Illuminate/Foundation/Http/{closure}(Object(Illuminate/Http/Request))
#33 E:/website_trangsuc/laptrinhweb_thi_website_trangsuc/vendor/laravel/framework/src/Illuminate/Foundation/Http/Middleware/TransformsRequest.php(21): Illuminate/Pipeline/Pipeline->Illuminate/Pipeline/{closure}(Object(Illuminate/Http/Request))
#34 E:/website_trangsuc/laptrinhweb_thi_website_trangsuc/vendor/laravel/framework/src/Illuminate/Foundation/Http/Middleware/ConvertEmptyStringsToNull.php(31): Illuminate/Foundation/Http/Middleware/TransformsRequest->handle(Object(Illuminate/Http/Request), Object(Closure))
#35 E:/website_trangsuc/laptrinhweb_thi_website_trangsuc/vendor/laravel/framework/src/Illuminate/Pipeline/Pipeline.php(219): Illuminate/Foundation/Http/Middleware/ConvertEmptyStringsToNull->handle(Object(Illuminate/Http/Request), Object(Closure))
#36 E:/website_trangsuc/laptrinhweb_thi_website_trangsuc/vendor/laravel/framework/src/Illuminate/Foundation/Http/Middleware/TransformsRequest.php(21): Illuminate/Pipeline/Pipeline->Illuminate/Pipeline/{closure}(Object(Illuminate/Http/Request))
#37 E:/website_trangsuc/laptrinhweb_thi_website_trangsuc/vendor/laravel/framework/src/Illuminate/Foundation/Http/Middleware/TrimStrings.php(51): Illuminate/Foundation/Http/Middleware/TransformsRequest->handle(Object(Illuminate/Http/Request), Object(Closure))
#38 E:/website_trangsuc/laptrinhweb_thi_website_trangsuc/vendor/laravel/framework/src/Illuminate/Pipeline/Pipeline.php(219): Illuminate/Foundation/Http/Middleware/TrimStrings->handle(Object(Illuminate/Http/Request), Object(Closure))
#39 E:/website_trangsuc/laptrinhweb_thi_website_trangsuc/vendor/laravel/framework/src/Illuminate/Http/Middleware/ValidatePostSize.php(27): Illuminate/Pipeline/Pipeline->Illuminate/Pipeline/{closure}(Object(Illuminate/Http/Request))
#40 E:/website_trangsuc/laptrinhweb_thi_website_trangsuc/vendor/laravel/framework/src/Illuminate/Pipeline/Pipeline.php(219): Illuminate/Http/Middleware/ValidatePostSize->handle(Object(Illuminate/Http/Request), Object(Closure))
#41 E:/website_trangsuc/laptrinhweb_thi_website_trangsuc/vendor/laravel/framework/src/Illuminate/Foundation/Http/Middleware/PreventRequestsDuringMaintenance.php(109): Illuminate/Pipeline/Pipeline->Illuminate/Pipeline/{closure}(Object(Illuminate/Http/Request))
#42 E:/website_trangsuc/laptrinhweb_thi_website_trangsuc/vendor/laravel/framework/src/Illuminate/Pipeline/Pipeline.php(219): Illuminate/Foundation/Http/Middleware/PreventRequestsDuringMaintenance->handle(Object(Illuminate/Http/Request), Object(Closure))
#43 E:/website_trangsuc/laptrinhweb_thi_website_trangsuc/vendor/laravel/framework/src/Illuminate/Http/Middleware/HandleCors.php(61): Illuminate/Pipeline/Pipeline->Illuminate/Pipeline/{closure}(Object(Illuminate/Http/Request))
#44 E:/website_trangsuc/laptrinhweb_thi_website_trangsuc/vendor/laravel/framework/src/Illuminate/Pipeline/Pipeline.php(219): Illuminate/Http/Middleware/HandleCors->handle(Object(Illuminate/Http/Request), Object(Closure))
#45 E:/website_trangsuc/laptrinhweb_thi_website_trangsuc/vendor/laravel/framework/src/Illuminate/Http/Middleware/TrustProxies.php(58): Illuminate/Pipeline/Pipeline->Illuminate/Pipeline/{closure}(Object(Illuminate/Http/Request))
#46 E:/website_trangsuc/laptrinhweb_thi_website_trangsuc/vendor/laravel/framework/src/Illuminate/Pipeline/Pipeline.php(219): Illuminate/Http/Middleware/TrustProxies->handle(Object(Illuminate/Http/Request), Object(Closure))
#47 E:/website_trangsuc/laptrinhweb_thi_website_trangsuc/vendor/laravel/framework/src/Illuminate/Foundation/Http/Middleware/InvokeDeferredCallbacks.php(22): Illuminate/Pipeline/Pipeline->Illuminate/Pipeline/{closure}(Object(Illuminate/Http/Request))
#48 E:/website_trangsuc/laptrinhweb_thi_website_trangsuc/vendor/laravel/framework/src/Illuminate/Pipeline/Pipeline.php(219): Illuminate/Foundation/Http/Middleware/InvokeDeferredCallbacks->handle(Object(Illuminate/Http/Request), Object(Closure))
#49 E:/website_trangsuc/laptrinhweb_thi_website_trangsuc/vendor/laravel/framework/src/Illuminate/Http/Middleware/ValidatePathEncoding.php(26): Illuminate/Pipeline/Pipeline->Illuminate/Pipeline/{closure}(Object(Illuminate/Http/Request))
#50 E:/website_trangsuc/laptrinhweb_thi_website_trangsuc/vendor/laravel/framework/src/Illuminate/Pipeline/Pipeline.php(219): Illuminate/Http/Middleware/ValidatePathEncoding->handle(Object(Illuminate/Http/Request), Object(Closure))
#51 E:/website_trangsuc/laptrinhweb_thi_website_trangsuc/vendor/laravel/framework/src/Illuminate/Pipeline/Pipeline.php(137): Illuminate/Pipeline/Pipeline->Illuminate/Pipeline/{closure}(Object(Illuminate/Http/Request))
#52 E:/website_trangsuc/laptrinhweb_thi_website_trangsuc/vendor/laravel/framework/src/Illuminate/Foundation/Http/Kernel.php(175): Illuminate/Pipeline/Pipeline->then(Object(Closure))
#53 E:/website_trangsuc/laptrinhweb_thi_website_trangsuc/vendor/laravel/framework/src/Illuminate/Foundation/Http/Kernel.php(144): Illuminate/Foundation/Http/Kernel->sendRequestThroughRouter(Object(Illuminate/Http/Request))
#54 E:/website_trangsuc/laptrinhweb_thi_website_trangsuc/vendor/laravel/framework/src/Illuminate/Foundation/Application.php(1220): Illuminate/Foundation/Http/Kernel->handle(Object(Illuminate/Http/Request))
#55 E:/website_trangsuc/laptrinhweb_thi_website_trangsuc/public/index.php(20): Illuminate/Foundation/Application->handleRequest(Object(Illuminate/Http/Request))
#56 E:/website_trangsuc/laptrinhweb_thi_website_trangsuc/vendor/laravel/framework/src/Illuminate/Foundation/resources/server.php(23): require_once('E://website_tran...')
#57 {main}
"} 
[2026-05-28 18:35:54] local.ERROR: Call to a member function sum() on null (View: E:\website_trangsuc\laptrinhweb_thi_website_trangsuc\resources\views\admin\orders\index.blade.php) {"userId":"TK037","exception":"[object] (Illuminate\\View\\ViewException(code: 0): Call to a member function sum() on null (View: E:\\website_trangsuc\\laptrinhweb_thi_website_trangsuc\\resources\\views\\admin\\orders\\index.blade.php) at E:/website_trangsuc/laptrinhweb_thi_website_trangsuc/storage/framework/views/5e0d2a1bef8ffda802451500d0399c2d.php:123)
[stacktrace]
#0 E:/website_trangsuc/laptrinhweb_thi_website_trangsuc/vendor/laravel/framework/src/Illuminate/View/Engines/PhpEngine.php(59): Illuminate/View/Engines/CompilerEngine->handleViewException(Object(Error), 1)
#1 E:/website_trangsuc/laptrinhweb_thi_website_trangsuc/vendor/laravel/framework/src/Illuminate/View/Engines/CompilerEngine.php(76): Illuminate/View/Engines/PhpEngine->evaluatePath('E://website_tran...', Array)
#2 E:/website_trangsuc/laptrinhweb_thi_website_trangsuc/vendor/laravel/framework/src/Illuminate/View/View.php(208): Illuminate/View/Engines/CompilerEngine->get('E://website_tran...', Array)
#3 E:/website_trangsuc/laptrinhweb_thi_website_trangsuc/vendor/laravel/framework/src/Illuminate/View/View.php(191): Illuminate/View/View->getContents()
#4 E:/website_trangsuc/laptrinhweb_thi_website_trangsuc/vendor/laravel/framework/src/Illuminate/View/View.php(160): Illuminate/View/View->renderContents()
#5 E:/website_trangsuc/laptrinhweb_thi_website_trangsuc/vendor/laravel/framework/src/Illuminate/Http/Response.php(78): Illuminate/View/View->render()
#6 E:/website_trangsuc/laptrinhweb_thi_website_trangsuc/vendor/laravel/framework/src/Illuminate/Http/Response.php(34): Illuminate/Http/Response->setContent(Object(Illuminate/View/View))
#7 E:/website_trangsuc/laptrinhweb_thi_website_trangsuc/vendor/laravel/framework/src/Illuminate/Routing/Router.php(939): Illuminate/Http/Response->__construct(Object(Illuminate/View/View), 200, Array)
#8 E:/website_trangsuc/laptrinhweb_thi_website_trangsuc/vendor/laravel/framework/src/Illuminate/Routing/Router.php(906): Illuminate/Routing/Router::toResponse(Object(Illuminate/Http/Request), Object(Illuminate/View/View))
#9 E:/website_trangsuc/laptrinhweb_thi_website_trangsuc/vendor/laravel/framework/src/Illuminate/Routing/Router.php(821): Illuminate/Routing/Router->prepareResponse(Object(Illuminate/Http/Request), Object(Illuminate/View/View))
#10 E:/website_trangsuc/laptrinhweb_thi_website_trangsuc/vendor/laravel/framework/src/Illuminate/Pipeline/Pipeline.php(180): Illuminate/Routing/Router->Illuminate/Routing/{closure}(Object(Illuminate/Http/Request))
#11 E:/website_trangsuc/laptrinhweb_thi_website_trangsuc/vendor/laravel/framework/src/Illuminate/Routing/Middleware/SubstituteBindings.php(50): Illuminate/Pipeline/Pipeline->Illuminate/Pipeline/{closure}(Object(Illuminate/Http/Request))
#12 E:/website_trangsuc/laptrinhweb_thi_website_trangsuc/vendor/laravel/framework/src/Illuminate/Pipeline/Pipeline.php(219): Illuminate/Routing/Middleware/SubstituteBindings->handle(Object(Illuminate/Http/Request), Object(Closure))
#13 E:/website_trangsuc/laptrinhweb_thi_website_trangsuc/vendor/laravel/framework/src/Illuminate/Foundation/Http/Middleware/VerifyCsrfToken.php(87): Illuminate/Pipeline/Pipeline->Illuminate/Pipeline/{closure}(Object(Illuminate/Http/Request))
#14 E:/website_trangsuc/laptrinhweb_thi_website_trangsuc/vendor/laravel/framework/src/Illuminate/Pipeline/Pipeline.php(219): Illuminate/Foundation/Http/Middleware/VerifyCsrfToken->handle(Object(Illuminate/Http/Request), Object(Closure))
#15 E:/website_trangsuc/laptrinhweb_thi_website_trangsuc/vendor/laravel/framework/src/Illuminate/View/Middleware/ShareErrorsFromSession.php(48): Illuminate/Pipeline/Pipeline->Illuminate/Pipeline/{closure}(Object(Illuminate/Http/Request))
#16 E:/website_trangsuc/laptrinhweb_thi_website_trangsuc/vendor/laravel/framework/src/Illuminate/Pipeline/Pipeline.php(219): Illuminate/View/Middleware/ShareErrorsFromSession->handle(Object(Illuminate/Http/Request), Object(Closure))
#17 E:/website_trangsuc/laptrinhweb_thi_website_trangsuc/vendor/laravel/framework/src/Illuminate/Session/Middleware/StartSession.php(120): Illuminate/Pipeline/Pipeline->Illuminate/Pipeline/{closure}(Object(Illuminate/Http/Request))
#18 E:/website_trangsuc/laptrinhweb_thi_website_trangsuc/vendor/laravel/framework/src/Illuminate/Session/Middleware/StartSession.php(63): Illuminate/Session/Middleware/StartSession->handleStatefulRequest(Object(Illuminate/Http/Request), Object(Illuminate/Session/Store), Object(Closure))
#19 E:/website_trangsuc/laptrinhweb_thi_website_trangsuc/vendor/laravel/framework/src/Illuminate/Pipeline/Pipeline.php(219): Illuminate/Session/Middleware/StartSession->handle(Object(Illuminate/Http/Request), Object(Closure))
#20 E:/website_trangsuc/laptrinhweb_thi_website_trangsuc/vendor/laravel/framework/src/Illuminate/Cookie/Middleware/AddQueuedCookiesToResponse.php(36): Illuminate/Pipeline/Pipeline->Illuminate/Pipeline/{closure}(Object(Illuminate/Http/Request))
#21 E:/website_trangsuc/laptrinhweb_thi_website_trangsuc/vendor/laravel/framework/src/Illuminate/Pipeline/Pipeline.php(219): Illuminate/Cookie/Middleware/AddQueuedCookiesToResponse->handle(Object(Illuminate/Http/Request), Object(Closure))
#22 E:/website_trangsuc/laptrinhweb_thi_website_trangsuc/vendor/laravel/framework/src/Illuminate/Cookie/Middleware/EncryptCookies.php(74): Illuminate/Pipeline/Pipeline->Illuminate/Pipeline/{closure}(Object(Illuminate/Http/Request))
#23 E:/website_trangsuc/laptrinhweb_thi_website_trangsuc/vendor/laravel/framework/src/Illuminate/Pipeline/Pipeline.php(219): Illuminate/Cookie/Middleware/EncryptCookies->handle(Object(Illuminate/Http/Request), Object(Closure))
#24 E:/website_trangsuc/laptrinhweb_thi_website_trangsuc/vendor/laravel/framework/src/Illuminate/Pipeline/Pipeline.php(137): Illuminate/Pipeline/Pipeline->Illuminate/Pipeline/{closure}(Object(Illuminate/Http/Request))
#25 E:/website_trangsuc/laptrinhweb_thi_website_trangsuc/vendor/laravel/framework/src/Illuminate/Routing/Router.php(821): Illuminate/Pipeline/Pipeline->then(Object(Closure))
#26 E:/website_trangsuc/laptrinhweb_thi_website_trangsuc/vendor/laravel/framework/src/Illuminate/Routing/Router.php(800): Illuminate/Routing/Router->runRouteWithinStack(Object(Illuminate/Routing/Route), Object(Illuminate/Http/Request))
#27 E:/website_trangsuc/laptrinhweb_thi_website_trangsuc/vendor/laravel/framework/src/Illuminate/Routing/Router.php(764): Illuminate/Routing/Router->runRoute(Object(Illuminate/Http/Request), Object(Illuminate/Routing/Route))
#28 E:/website_trangsuc/laptrinhweb_thi_website_trangsuc/vendor/laravel/framework/src/Illuminate/Routing/Router.php(753): Illuminate/Routing/Router->dispatchToRoute(Object(Illuminate/Http/Request))
#29 E:/website_trangsuc/laptrinhweb_thi_website_trangsuc/vendor/laravel/framework/src/Illuminate/Foundation/Http/Kernel.php(200): Illuminate/Routing/Router->dispatch(Object(Illuminate/Http/Request))
#30 E:/website_trangsuc/laptrinhweb_thi_website_trangsuc/vendor/laravel/framework/src/Illuminate/Pipeline/Pipeline.php(180): Illuminate/Foundation/Http/Kernel->Illuminate/Foundation/Http/{closure}(Object(Illuminate/Http/Request))
#31 E:/website_trangsuc/laptrinhweb_thi_website_trangsuc/vendor/laravel/framework/src/Illuminate/Foundation/Http/Middleware/TransformsRequest.php(21): Illuminate/Pipeline/Pipeline->Illuminate/Pipeline/{closure}(Object(Illuminate/Http/Request))
#32 E:/website_trangsuc/laptrinhweb_thi_website_trangsuc/vendor/laravel/framework/src/Illuminate/Foundation/Http/Middleware/ConvertEmptyStringsToNull.php(31): Illuminate/Foundation/Http/Middleware/TransformsRequest->handle(Object(Illuminate/Http/Request), Object(Closure))
#33 E:/website_trangsuc/laptrinhweb_thi_website_trangsuc/vendor/laravel/framework/src/Illuminate/Pipeline/Pipeline.php(219): Illuminate/Foundation/Http/Middleware/ConvertEmptyStringsToNull->handle(Object(Illuminate/Http/Request), Object(Closure))
#34 E:/website_trangsuc/laptrinhweb_thi_website_trangsuc/vendor/laravel/framework/src/Illuminate/Foundation/Http/Middleware/TransformsRequest.php(21): Illuminate/Pipeline/Pipeline->Illuminate/Pipeline/{closure}(Object(Illuminate/Http/Request))
#35 E:/website_trangsuc/laptrinhweb_thi_website_trangsuc/vendor/laravel/framework/src/Illuminate/Foundation/Http/Middleware/TrimStrings.php(51): Illuminate/Foundation/Http/Middleware/TransformsRequest->handle(Object(Illuminate/Http/Request), Object(Closure))
#36 E:/website_trangsuc/laptrinhweb_thi_website_trangsuc/vendor/laravel/framework/src/Illuminate/Pipeline/Pipeline.php(219): Illuminate/Foundation/Http/Middleware/TrimStrings->handle(Object(Illuminate/Http/Request), Object(Closure))
#37 E:/website_trangsuc/laptrinhweb_thi_website_trangsuc/vendor/laravel/framework/src/Illuminate/Http/Middleware/ValidatePostSize.php(27): Illuminate/Pipeline/Pipeline->Illuminate/Pipeline/{closure}(Object(Illuminate/Http/Request))
#38 E:/website_trangsuc/laptrinhweb_thi_website_trangsuc/vendor/laravel/framework/src/Illuminate/Pipeline/Pipeline.php(219): Illuminate/Http/Middleware/ValidatePostSize->handle(Object(Illuminate/Http/Request), Object(Closure))
#39 E:/website_trangsuc/laptrinhweb_thi_website_trangsuc/vendor/laravel/framework/src/Illuminate/Foundation/Http/Middleware/PreventRequestsDuringMaintenance.php(109): Illuminate/Pipeline/Pipeline->Illuminate/Pipeline/{closure}(Object(Illuminate/Http/Request))
#40 E:/website_trangsuc/laptrinhweb_thi_website_trangsuc/vendor/laravel/framework/src/Illuminate/Pipeline/Pipeline.php(219): Illuminate/Foundation/Http/Middleware/PreventRequestsDuringMaintenance->handle(Object(Illuminate/Http/Request), Object(Closure))
#41 E:/website_trangsuc/laptrinhweb_thi_website_trangsuc/vendor/laravel/framework/src/Illuminate/Http/Middleware/HandleCors.php(61): Illuminate/Pipeline/Pipeline->Illuminate/Pipeline/{closure}(Object(Illuminate/Http/Request))
#42 E:/website_trangsuc/laptrinhweb_thi_website_trangsuc/vendor/laravel/framework/src/Illuminate/Pipeline/Pipeline.php(219): Illuminate/Http/Middleware/HandleCors->handle(Object(Illuminate/Http/Request), Object(Closure))
#43 E:/website_trangsuc/laptrinhweb_thi_website_trangsuc/vendor/laravel/framework/src/Illuminate/Http/Middleware/TrustProxies.php(58): Illuminate/Pipeline/Pipeline->Illuminate/Pipeline/{closure}(Object(Illuminate/Http/Request))
#44 E:/website_trangsuc/laptrinhweb_thi_website_trangsuc/vendor/laravel/framework/src/Illuminate/Pipeline/Pipeline.php(219): Illuminate/Http/Middleware/TrustProxies->handle(Object(Illuminate/Http/Request), Object(Closure))
#45 E:/website_trangsuc/laptrinhweb_thi_website_trangsuc/vendor/laravel/framework/src/Illuminate/Foundation/Http/Middleware/InvokeDeferredCallbacks.php(22): Illuminate/Pipeline/Pipeline->Illuminate/Pipeline/{closure}(Object(Illuminate/Http/Request))
#46 E:/website_trangsuc/laptrinhweb_thi_website_trangsuc/vendor/laravel/framework/src/Illuminate/Pipeline/Pipeline.php(219): Illuminate/Foundation/Http/Middleware/InvokeDeferredCallbacks->handle(Object(Illuminate/Http/Request), Object(Closure))
#47 E:/website_trangsuc/laptrinhweb_thi_website_trangsuc/vendor/laravel/framework/src/Illuminate/Http/Middleware/ValidatePathEncoding.php(26): Illuminate/Pipeline/Pipeline->Illuminate/Pipeline/{closure}(Object(Illuminate/Http/Request))
#48 E:/website_trangsuc/laptrinhweb_thi_website_trangsuc/vendor/laravel/framework/src/Illuminate/Pipeline/Pipeline.php(219): Illuminate/Http/Middleware/ValidatePathEncoding->handle(Object(Illuminate/Http/Request), Object(Closure))
#49 E:/website_trangsuc/laptrinhweb_thi_website_trangsuc/vendor/laravel/framework/src/Illuminate/Pipeline/Pipeline.php(137): Illuminate/Pipeline/Pipeline->Illuminate/Pipeline/{closure}(Object(Illuminate/Http/Request))
#50 E:/website_trangsuc/laptrinhweb_thi_website_trangsuc/vendor/laravel/framework/src/Illuminate/Foundation/Http/Kernel.php(175): Illuminate/Pipeline/Pipeline->then(Object(Closure))
#51 E:/website_trangsuc/laptrinhweb_thi_website_trangsuc/vendor/laravel/framework/src/Illuminate/Foundation/Http/Kernel.php(144): Illuminate/Foundation/Http/Kernel->sendRequestThroughRouter(Object(Illuminate/Http/Request))
#52 E:/website_trangsuc/laptrinhweb_thi_website_trangsuc/vendor/laravel/framework/src/Illuminate/Foundation/Application.php(1220): Illuminate/Foundation/Http/Kernel->handle(Object(Illuminate/Http/Request))
#53 E:/website_trangsuc/laptrinhweb_thi_website_trangsuc/public/index.php(20): Illuminate/Foundation/Application->handleRequest(Object(Illuminate/Http/Request))
#54 E:/website_trangsuc/laptrinhweb_thi_website_trangsuc/vendor/laravel/framework/src/Illuminate/Foundation/resources/server.php(23): require_once('E://website_tran...')
#55 {main}

[previous exception] [object] (Error(code: 0): Call to a member function sum() on null at E:/website_trangsuc/laptrinhweb_thi_website_trangsuc/storage/framework/views/5e0d2a1bef8ffda802451500d0399c2d.php:123)
[stacktrace]
#0 E:/website_trangsuc/laptrinhweb_thi_website_trangsuc/vendor/laravel/framework/src/Illuminate/Filesystem/Filesystem.php(123): require()
#1 E:/website_trangsuc/laptrinhweb_thi_website_trangsuc/vendor/laravel/framework/src/Illuminate/Filesystem/Filesystem.php(124): Illuminate/Filesystem/Filesystem::Illuminate/Filesystem/{closure}()
#2 E:/website_trangsuc/laptrinhweb_thi_website_trangsuc/vendor/laravel/framework/src/Illuminate/View/Engines/PhpEngine.php(57): Illuminate/Filesystem/Filesystem->getRequire('E://website_tran...', Array)
#3 E:/website_trangsuc/laptrinhweb_thi_website_trangsuc/vendor/laravel/framework/src/Illuminate/View/Engines/CompilerEngine.php(76): Illuminate/View/Engines/PhpEngine->evaluatePath('E://website_tran...', Array)
#4 E:/website_trangsuc/laptrinhweb_thi_website_trangsuc/vendor/laravel/framework/src/Illuminate/View/View.php(208): Illuminate/View/Engines/CompilerEngine->get('E://website_tran...', Array)
#5 E:/website_trangsuc/laptrinhweb_thi_website_trangsuc/vendor/laravel/framework/src/Illuminate/View/View.php(191): Illuminate/View/View->getContents()
#6 E:/website_trangsuc/laptrinhweb_thi_website_trangsuc/vendor/laravel/framework/src/Illuminate/View/View.php(160): Illuminate/View/View->renderContents()
#7 E:/website_trangsuc/laptrinhweb_thi_website_trangsuc/vendor/laravel/framework/src/Illuminate/Http/Response.php(78): Illuminate/View/View->render()
#8 E:/website_trangsuc/laptrinhweb_thi_website_trangsuc/vendor/laravel/framework/src/Illuminate/Http/Response.php(34): Illuminate/Http/Response->setContent(Object(Illuminate/View/View))
#9 E:/website_trangsuc/laptrinhweb_thi_website_trangsuc/vendor/laravel/framework/src/Illuminate/Routing/Router.php(939): Illuminate/Http/Response->__construct(Object(Illuminate/View/View), 200, Array)
#10 E:/website_trangsuc/laptrinhweb_thi_website_trangsuc/vendor/laravel/framework/src/Illuminate/Routing/Router.php(906): Illuminate/Routing/Router::toResponse(Object(Illuminate/Http/Request), Object(Illuminate/View/View))
#11 E:/website_trangsuc/laptrinhweb_thi_website_trangsuc/vendor/laravel/framework/src/Illuminate/Routing/Router.php(821): Illuminate/Routing/Router->prepareResponse(Object(Illuminate/Http/Request), Object(Illuminate/View/View))
#12 E:/website_trangsuc/laptrinhweb_thi_website_trangsuc/vendor/laravel/framework/src/Illuminate/Pipeline/Pipeline.php(180): Illuminate/Routing/Router->Illuminate/Routing/{closure}(Object(Illuminate/Http/Request))
#13 E:/website_trangsuc/laptrinhweb_thi_website_trangsuc/vendor/laravel/framework/src/Illuminate/Routing/Middleware/SubstituteBindings.php(50): Illuminate/Pipeline/Pipeline->Illuminate/Pipeline/{closure}(Object(Illuminate/Http/Request))
#14 E:/website_trangsuc/laptrinhweb_thi_website_trangsuc/vendor/laravel/framework/src/Illuminate/Pipeline/Pipeline.php(219): Illuminate/Routing/Middleware/SubstituteBindings->handle(Object(Illuminate/Http/Request), Object(Closure))
#15 E:/website_trangsuc/laptrinhweb_thi_website_trangsuc/vendor/laravel/framework/src/Illuminate/Foundation/Http/Middleware/VerifyCsrfToken.php(87): Illuminate/Pipeline/Pipeline->Illuminate/Pipeline/{closure}(Object(Illuminate/Http/Request))
#16 E:/website_trangsuc/laptrinhweb_thi_website_trangsuc/vendor/laravel/framework/src/Illuminate/Pipeline/Pipeline.php(219): Illuminate/Foundation/Http/Middleware/VerifyCsrfToken->handle(Object(Illuminate/Http/Request), Object(Closure))
#17 E:/website_trangsuc/laptrinhweb_thi_website_trangsuc/vendor/laravel/framework/src/Illuminate/View/Middleware/ShareErrorsFromSession.php(48): Illuminate/Pipeline/Pipeline->Illuminate/Pipeline/{closure}(Object(Illuminate/Http/Request))
#18 E:/website_trangsuc/laptrinhweb_thi_website_trangsuc/vendor/laravel/framework/src/Illuminate/Pipeline/Pipeline.php(219): Illuminate/View/Middleware/ShareErrorsFromSession->handle(Object(Illuminate/Http/Request), Object(Closure))
#19 E:/website_trangsuc/laptrinhweb_thi_website_trangsuc/vendor/laravel/framework/src/Illuminate/Session/Middleware/StartSession.php(120): Illuminate/Pipeline/Pipeline->Illuminate/Pipeline/{closure}(Object(Illuminate/Http/Request))
#20 E:/website_trangsuc/laptrinhweb_thi_website_trangsuc/vendor/laravel/framework/src/Illuminate/Session/Middleware/StartSession.php(63): Illuminate/Session/Middleware/StartSession->handleStatefulRequest(Object(Illuminate/Http/Request), Object(Illuminate/Session/Store), Object(Closure))
#21 E:/website_trangsuc/laptrinhweb_thi_website_trangsuc/vendor/laravel/framework/src/Illuminate/Pipeline/Pipeline.php(219): Illuminate/Session/Middleware/StartSession->handle(Object(Illuminate/Http/Request), Object(Closure))
#22 E:/website_trangsuc/laptrinhweb_thi_website_trangsuc/vendor/laravel/framework/src/Illuminate/Cookie/Middleware/AddQueuedCookiesToResponse.php(36): Illuminate/Pipeline/Pipeline->Illuminate/Pipeline/{closure}(Object(Illuminate/Http/Request))
#23 E:/website_trangsuc/laptrinhweb_thi_website_trangsuc/vendor/laravel/framework/src/Illuminate/Pipeline/Pipeline.php(219): Illuminate/Cookie/Middleware/AddQueuedCookiesToResponse->handle(Object(Illuminate/Http/Request), Object(Closure))
#24 E:/website_trangsuc/laptrinhweb_thi_website_trangsuc/vendor/laravel/framework/src/Illuminate/Cookie/Middleware/EncryptCookies.php(74): Illuminate/Pipeline/Pipeline->Illuminate/Pipeline/{closure}(Object(Illuminate/Http/Request))
#25 E:/website_trangsuc/laptrinhweb_thi_website_trangsuc/vendor/laravel/framework/src/Illuminate/Pipeline/Pipeline.php(219): Illuminate/Cookie/Middleware/EncryptCookies->handle(Object(Illuminate/Http/Request), Object(Closure))
#26 E:/website_trangsuc/laptrinhweb_thi_website_trangsuc/vendor/laravel/framework/src/Illuminate/Pipeline/Pipeline.php(137): Illuminate/Pipeline/Pipeline->Illuminate/Pipeline/{closure}(Object(Illuminate/Http/Request))
#27 E:/website_trangsuc/laptrinhweb_thi_website_trangsuc/vendor/laravel/framework/src/Illuminate/Routing/Router.php(821): Illuminate/Pipeline/Pipeline->then(Object(Closure))
#28 E:/website_trangsuc/laptrinhweb_thi_website_trangsuc/vendor/laravel/framework/src/Illuminate/Routing/Router.php(800): Illuminate/Routing/Router->runRouteWithinStack(Object(Illuminate/Routing/Route), Object(Illuminate/Http/Request))
#29 E:/website_trangsuc/laptrinhweb_thi_website_trangsuc/vendor/laravel/framework/src/Illuminate/Routing/Router.php(764): Illuminate/Routing/Router->runRoute(Object(Illuminate/Http/Request), Object(Illuminate/Routing/Route))
#30 E:/website_trangsuc/laptrinhweb_thi_website_trangsuc/vendor/laravel/framework/src/Illuminate/Routing/Router.php(753): Illuminate/Routing/Router->dispatchToRoute(Object(Illuminate/Http/Request))
#31 E:/website_trangsuc/laptrinhweb_thi_website_trangsuc/vendor/laravel/framework/src/Illuminate/Foundation/Http/Kernel.php(200): Illuminate/Routing/Router->dispatch(Object(Illuminate/Http/Request))
#32 E:/website_trangsuc/laptrinhweb_thi_website_trangsuc/vendor/laravel/framework/src/Illuminate/Pipeline/Pipeline.php(180): Illuminate/Foundation/Http/Kernel->Illuminate/Foundation/Http/{closure}(Object(Illuminate/Http/Request))
#33 E:/website_trangsuc/laptrinhweb_thi_website_trangsuc/vendor/laravel/framework/src/Illuminate/Foundation/Http/Middleware/TransformsRequest.php(21): Illuminate/Pipeline/Pipeline->Illuminate/Pipeline/{closure}(Object(Illuminate/Http/Request))
#34 E:/website_trangsuc/laptrinhweb_thi_website_trangsuc/vendor/laravel/framework/src/Illuminate/Foundation/Http/Middleware/ConvertEmptyStringsToNull.php(31): Illuminate/Foundation/Http/Middleware/TransformsRequest->handle(Object(Illuminate/Http/Request), Object(Closure))
#35 E:/website_trangsuc/laptrinhweb_thi_website_trangsuc/vendor/laravel/framework/src/Illuminate/Pipeline/Pipeline.php(219): Illuminate/Foundation/Http/Middleware/ConvertEmptyStringsToNull->handle(Object(Illuminate/Http/Request), Object(Closure))
#36 E:/website_trangsuc/laptrinhweb_thi_website_trangsuc/vendor/laravel/framework/src/Illuminate/Foundation/Http/Middleware/TransformsRequest.php(21): Illuminate/Pipeline/Pipeline->Illuminate/Pipeline/{closure}(Object(Illuminate/Http/Request))
#37 E:/website_trangsuc/laptrinhweb_thi_website_trangsuc/vendor/laravel/framework/src/Illuminate/Foundation/Http/Middleware/TrimStrings.php(51): Illuminate/Foundation/Http/Middleware/TransformsRequest->handle(Object(Illuminate/Http/Request), Object(Closure))
#38 E:/website_trangsuc/laptrinhweb_thi_website_trangsuc/vendor/laravel/framework/src/Illuminate/Pipeline/Pipeline.php(219): Illuminate/Foundation/Http/Middleware/TrimStrings->handle(Object(Illuminate/Http/Request), Object(Closure))
#39 E:/website_trangsuc/laptrinhweb_thi_website_trangsuc/vendor/laravel/framework/src/Illuminate/Http/Middleware/ValidatePostSize.php(27): Illuminate/Pipeline/Pipeline->Illuminate/Pipeline/{closure}(Object(Illuminate/Http/Request))
#40 E:/website_trangsuc/laptrinhweb_thi_website_trangsuc/vendor/laravel/framework/src/Illuminate/Pipeline/Pipeline.php(219): Illuminate/Http/Middleware/ValidatePostSize->handle(Object(Illuminate/Http/Request), Object(Closure))
#41 E:/website_trangsuc/laptrinhweb_thi_website_trangsuc/vendor/laravel/framework/src/Illuminate/Foundation/Http/Middleware/PreventRequestsDuringMaintenance.php(109): Illuminate/Pipeline/Pipeline->Illuminate/Pipeline/{closure}(Object(Illuminate/Http/Request))
#42 E:/website_trangsuc/laptrinhweb_thi_website_trangsuc/vendor/laravel/framework/src/Illuminate/Pipeline/Pipeline.php(219): Illuminate/Foundation/Http/Middleware/PreventRequestsDuringMaintenance->handle(Object(Illuminate/Http/Request), Object(Closure))
#43 E:/website_trangsuc/laptrinhweb_thi_website_trangsuc/vendor/laravel/framework/src/Illuminate/Http/Middleware/HandleCors.php(61): Illuminate/Pipeline/Pipeline->Illuminate/Pipeline/{closure}(Object(Illuminate/Http/Request))
#44 E:/website_trangsuc/laptrinhweb_thi_website_trangsuc/vendor/laravel/framework/src/Illuminate/Pipeline/Pipeline.php(219): Illuminate/Http/Middleware/HandleCors->handle(Object(Illuminate/Http/Request), Object(Closure))
#45 E:/website_trangsuc/laptrinhweb_thi_website_trangsuc/vendor/laravel/framework/src/Illuminate/Http/Middleware/TrustProxies.php(58): Illuminate/Pipeline/Pipeline->Illuminate/Pipeline/{closure}(Object(Illuminate/Http/Request))
#46 E:/website_trangsuc/laptrinhweb_thi_website_trangsuc/vendor/laravel/framework/src/Illuminate/Pipeline/Pipeline.php(219): Illuminate/Http/Middleware/TrustProxies->handle(Object(Illuminate/Http/Request), Object(Closure))
#47 E:/website_trangsuc/laptrinhweb_thi_website_trangsuc/vendor/laravel/framework/src/Illuminate/Foundation/Http/Middleware/InvokeDeferredCallbacks.php(22): Illuminate/Pipeline/Pipeline->Illuminate/Pipeline/{closure}(Object(Illuminate/Http/Request))
#48 E:/website_trangsuc/laptrinhweb_thi_website_trangsuc/vendor/laravel/framework/src/Illuminate/Pipeline/Pipeline.php(219): Illuminate/Foundation/Http/Middleware/InvokeDeferredCallbacks->handle(Object(Illuminate/Http/Request), Object(Closure))
#49 E:/website_trangsuc/laptrinhweb_thi_website_trangsuc/vendor/laravel/framework/src/Illuminate/Http/Middleware/ValidatePathEncoding.php(26): Illuminate/Pipeline/Pipeline->Illuminate/Pipeline/{closure}(Object(Illuminate/Http/Request))
#50 E:/website_trangsuc/laptrinhweb_thi_website_trangsuc/vendor/laravel/framework/src/Illuminate/Pipeline/Pipeline.php(219): Illuminate/Http/Middleware/ValidatePathEncoding->handle(Object(Illuminate/Http/Request), Object(Closure))
#51 E:/website_trangsuc/laptrinhweb_thi_website_trangsuc/vendor/laravel/framework/src/Illuminate/Pipeline/Pipeline.php(137): Illuminate/Pipeline/Pipeline->Illuminate/Pipeline/{closure}(Object(Illuminate/Http/Request))
#52 E:/website_trangsuc/laptrinhweb_thi_website_trangsuc/vendor/laravel/framework/src/Illuminate/Foundation/Http/Kernel.php(175): Illuminate/Pipeline/Pipeline->then(Object(Closure))
#53 E:/website_trangsuc/laptrinhweb_thi_website_trangsuc/vendor/laravel/framework/src/Illuminate/Foundation/Http/Kernel.php(144): Illuminate/Foundation/Http/Kernel->sendRequestThroughRouter(Object(Illuminate/Http/Request))
#54 E:/website_trangsuc/laptrinhweb_thi_website_trangsuc/vendor/laravel/framework/src/Illuminate/Foundation/Application.php(1220): Illuminate/Foundation/Http/Kernel->handle(Object(Illuminate/Http/Request))
#55 E:/website_trangsuc/laptrinhweb_thi_website_trangsuc/public/index.php(20): Illuminate/Foundation/Application->handleRequest(Object(Illuminate/Http/Request))
#56 E:/website_trangsuc/laptrinhweb_thi_website_trangsuc/vendor/laravel/framework/src/Illuminate/Foundation/resources/server.php(23): require_once('E://website_tran...')
#57 {main}
"} 
[2026-05-28 18:36:20] local.ERROR: Call to a member function sum() on null (View: E:\website_trangsuc\laptrinhweb_thi_website_trangsuc\resources\views\admin\orders\index.blade.php) {"userId":"TK037","exception":"[object] (Illuminate\\View\\ViewException(code: 0): Call to a member function sum() on null (View: E:\\website_trangsuc\\laptrinhweb_thi_website_trangsuc\\resources\\views\\admin\\orders\\index.blade.php) at E:/website_trangsuc/laptrinhweb_thi_website_trangsuc/storage/framework/views/5e0d2a1bef8ffda802451500d0399c2d.php:123)
[stacktrace]
#0 E:/website_trangsuc/laptrinhweb_thi_website_trangsuc/vendor/laravel/framework/src/Illuminate/View/Engines/PhpEngine.php(59): Illuminate/View/Engines/CompilerEngine->handleViewException(Object(Error), 1)
#1 E:/website_trangsuc/laptrinhweb_thi_website_trangsuc/vendor/laravel/framework/src/Illuminate/View/Engines/CompilerEngine.php(76): Illuminate/View/Engines/PhpEngine->evaluatePath('E://website_tran...', Array)
#2 E:/website_trangsuc/laptrinhweb_thi_website_trangsuc/vendor/laravel/framework/src/Illuminate/View/View.php(208): Illuminate/View/Engines/CompilerEngine->get('E://website_tran...', Array)
#3 E:/website_trangsuc/laptrinhweb_thi_website_trangsuc/vendor/laravel/framework/src/Illuminate/View/View.php(191): Illuminate/View/View->getContents()
#4 E:/website_trangsuc/laptrinhweb_thi_website_trangsuc/vendor/laravel/framework/src/Illuminate/View/View.php(160): Illuminate/View/View->renderContents()
#5 E:/website_trangsuc/laptrinhweb_thi_website_trangsuc/vendor/laravel/framework/src/Illuminate/Http/Response.php(78): Illuminate/View/View->render()
#6 E:/website_trangsuc/laptrinhweb_thi_website_trangsuc/vendor/laravel/framework/src/Illuminate/Http/Response.php(34): Illuminate/Http/Response->setContent(Object(Illuminate/View/View))
#7 E:/website_trangsuc/laptrinhweb_thi_website_trangsuc/vendor/laravel/framework/src/Illuminate/Routing/Router.php(939): Illuminate/Http/Response->__construct(Object(Illuminate/View/View), 200, Array)
#8 E:/website_trangsuc/laptrinhweb_thi_website_trangsuc/vendor/laravel/framework/src/Illuminate/Routing/Router.php(906): Illuminate/Routing/Router::toResponse(Object(Illuminate/Http/Request), Object(Illuminate/View/View))
#9 E:/website_trangsuc/laptrinhweb_thi_website_trangsuc/vendor/laravel/framework/src/Illuminate/Routing/Router.php(821): Illuminate/Routing/Router->prepareResponse(Object(Illuminate/Http/Request), Object(Illuminate/View/View))
#10 E:/website_trangsuc/laptrinhweb_thi_website_trangsuc/vendor/laravel/framework/src/Illuminate/Pipeline/Pipeline.php(180): Illuminate/Routing/Router->Illuminate/Routing/{closure}(Object(Illuminate/Http/Request))
#11 E:/website_trangsuc/laptrinhweb_thi_website_trangsuc/vendor/laravel/framework/src/Illuminate/Routing/Middleware/SubstituteBindings.php(50): Illuminate/Pipeline/Pipeline->Illuminate/Pipeline/{closure}(Object(Illuminate/Http/Request))
#12 E:/website_trangsuc/laptrinhweb_thi_website_trangsuc/vendor/laravel/framework/src/Illuminate/Pipeline/Pipeline.php(219): Illuminate/Routing/Middleware/SubstituteBindings->handle(Object(Illuminate/Http/Request), Object(Closure))
#13 E:/website_trangsuc/laptrinhweb_thi_website_trangsuc/vendor/laravel/framework/src/Illuminate/Foundation/Http/Middleware/VerifyCsrfToken.php(87): Illuminate/Pipeline/Pipeline->Illuminate/Pipeline/{closure}(Object(Illuminate/Http/Request))
#14 E:/website_trangsuc/laptrinhweb_thi_website_trangsuc/vendor/laravel/framework/src/Illuminate/Pipeline/Pipeline.php(219): Illuminate/Foundation/Http/Middleware/VerifyCsrfToken->handle(Object(Illuminate/Http/Request), Object(Closure))
#15 E:/website_trangsuc/laptrinhweb_thi_website_trangsuc/vendor/laravel/framework/src/Illuminate/View/Middleware/ShareErrorsFromSession.php(48): Illuminate/Pipeline/Pipeline->Illuminate/Pipeline/{closure}(Object(Illuminate/Http/Request))
#16 E:/website_trangsuc/laptrinhweb_thi_website_trangsuc/vendor/laravel/framework/src/Illuminate/Pipeline/Pipeline.php(219): Illuminate/View/Middleware/ShareErrorsFromSession->handle(Object(Illuminate/Http/Request), Object(Closure))
#17 E:/website_trangsuc/laptrinhweb_thi_website_trangsuc/vendor/laravel/framework/src/Illuminate/Session/Middleware/StartSession.php(120): Illuminate/Pipeline/Pipeline->Illuminate/Pipeline/{closure}(Object(Illuminate/Http/Request))
#18 E:/website_trangsuc/laptrinhweb_thi_website_trangsuc/vendor/laravel/framework/src/Illuminate/Session/Middleware/StartSession.php(63): Illuminate/Session/Middleware/StartSession->handleStatefulRequest(Object(Illuminate/Http/Request), Object(Illuminate/Session/Store), Object(Closure))
#19 E:/website_trangsuc/laptrinhweb_thi_website_trangsuc/vendor/laravel/framework/src/Illuminate/Pipeline/Pipeline.php(219): Illuminate/Session/Middleware/StartSession->handle(Object(Illuminate/Http/Request), Object(Closure))
#20 E:/website_trangsuc/laptrinhweb_thi_website_trangsuc/vendor/laravel/framework/src/Illuminate/Cookie/Middleware/AddQueuedCookiesToResponse.php(36): Illuminate/Pipeline/Pipeline->Illuminate/Pipeline/{closure}(Object(Illuminate/Http/Request))
#21 E:/website_trangsuc/laptrinhweb_thi_website_trangsuc/vendor/laravel/framework/src/Illuminate/Pipeline/Pipeline.php(219): Illuminate/Cookie/Middleware/AddQueuedCookiesToResponse->handle(Object(Illuminate/Http/Request), Object(Closure))
#22 E:/website_trangsuc/laptrinhweb_thi_website_trangsuc/vendor/laravel/framework/src/Illuminate/Cookie/Middleware/EncryptCookies.php(74): Illuminate/Pipeline/Pipeline->Illuminate/Pipeline/{closure}(Object(Illuminate/Http/Request))
#23 E:/website_trangsuc/laptrinhweb_thi_website_trangsuc/vendor/laravel/framework/src/Illuminate/Pipeline/Pipeline.php(219): Illuminate/Cookie/Middleware/EncryptCookies->handle(Object(Illuminate/Http/Request), Object(Closure))
#24 E:/website_trangsuc/laptrinhweb_thi_website_trangsuc/vendor/laravel/framework/src/Illuminate/Pipeline/Pipeline.php(137): Illuminate/Pipeline/Pipeline->Illuminate/Pipeline/{closure}(Object(Illuminate/Http/Request))
#25 E:/website_trangsuc/laptrinhweb_thi_website_trangsuc/vendor/laravel/framework/src/Illuminate/Routing/Router.php(821): Illuminate/Pipeline/Pipeline->then(Object(Closure))
#26 E:/website_trangsuc/laptrinhweb_thi_website_trangsuc/vendor/laravel/framework/src/Illuminate/Routing/Router.php(800): Illuminate/Routing/Router->runRouteWithinStack(Object(Illuminate/Routing/Route), Object(Illuminate/Http/Request))
#27 E:/website_trangsuc/laptrinhweb_thi_website_trangsuc/vendor/laravel/framework/src/Illuminate/Routing/Router.php(764): Illuminate/Routing/Router->runRoute(Object(Illuminate/Http/Request), Object(Illuminate/Routing/Route))
#28 E:/website_trangsuc/laptrinhweb_thi_website_trangsuc/vendor/laravel/framework/src/Illuminate/Routing/Router.php(753): Illuminate/Routing/Router->dispatchToRoute(Object(Illuminate/Http/Request))
#29 E:/website_trangsuc/laptrinhweb_thi_website_trangsuc/vendor/laravel/framework/src/Illuminate/Foundation/Http/Kernel.php(200): Illuminate/Routing/Router->dispatch(Object(Illuminate/Http/Request))
#30 E:/website_trangsuc/laptrinhweb_thi_website_trangsuc/vendor/laravel/framework/src/Illuminate/Pipeline/Pipeline.php(180): Illuminate/Foundation/Http/Kernel->Illuminate/Foundation/Http/{closure}(Object(Illuminate/Http/Request))
#31 E:/website_trangsuc/laptrinhweb_thi_website_trangsuc/vendor/laravel/framework/src/Illuminate/Foundation/Http/Middleware/TransformsRequest.php(21): Illuminate/Pipeline/Pipeline->Illuminate/Pipeline/{closure}(Object(Illuminate/Http/Request))
#32 E:/website_trangsuc/laptrinhweb_thi_website_trangsuc/vendor/laravel/framework/src/Illuminate/Foundation/Http/Middleware/ConvertEmptyStringsToNull.php(31): Illuminate/Foundation/Http/Middleware/TransformsRequest->handle(Object(Illuminate/Http/Request), Object(Closure))
#33 E:/website_trangsuc/laptrinhweb_thi_website_trangsuc/vendor/laravel/framework/src/Illuminate/Pipeline/Pipeline.php(219): Illuminate/Foundation/Http/Middleware/ConvertEmptyStringsToNull->handle(Object(Illuminate/Http/Request), Object(Closure))
#34 E:/website_trangsuc/laptrinhweb_thi_website_trangsuc/vendor/laravel/framework/src/Illuminate/Foundation/Http/Middleware/TransformsRequest.php(21): Illuminate/Pipeline/Pipeline->Illuminate/Pipeline/{closure}(Object(Illuminate/Http/Request))
#35 E:/website_trangsuc/laptrinhweb_thi_website_trangsuc/vendor/laravel/framework/src/Illuminate/Foundation/Http/Middleware/TrimStrings.php(51): Illuminate/Foundation/Http/Middleware/TransformsRequest->handle(Object(Illuminate/Http/Request), Object(Closure))
#36 E:/website_trangsuc/laptrinhweb_thi_website_trangsuc/vendor/laravel/framework/src/Illuminate/Pipeline/Pipeline.php(219): Illuminate/Foundation/Http/Middleware/TrimStrings->handle(Object(Illuminate/Http/Request), Object(Closure))
#37 E:/website_trangsuc/laptrinhweb_thi_website_trangsuc/vendor/laravel/framework/src/Illuminate/Http/Middleware/ValidatePostSize.php(27): Illuminate/Pipeline/Pipeline->Illuminate/Pipeline/{closure}(Object(Illuminate/Http/Request))
#38 E:/website_trangsuc/laptrinhweb_thi_website_trangsuc/vendor/laravel/framework/src/Illuminate/Pipeline/Pipeline.php(219): Illuminate/Http/Middleware/ValidatePostSize->handle(Object(Illuminate/Http/Request), Object(Closure))
#39 E:/website_trangsuc/laptrinhweb_thi_website_trangsuc/vendor/laravel/framework/src/Illuminate/Foundation/Http/Middleware/PreventRequestsDuringMaintenance.php(109): Illuminate/Pipeline/Pipeline->Illuminate/Pipeline/{closure}(Object(Illuminate/Http/Request))
#40 E:/website_trangsuc/laptrinhweb_thi_website_trangsuc/vendor/laravel/framework/src/Illuminate/Pipeline/Pipeline.php(219): Illuminate/Foundation/Http/Middleware/PreventRequestsDuringMaintenance->handle(Object(Illuminate/Http/Request), Object(Closure))
#41 E:/website_trangsuc/laptrinhweb_thi_website_trangsuc/vendor/laravel/framework/src/Illuminate/Http/Middleware/HandleCors.php(61): Illuminate/Pipeline/Pipeline->Illuminate/Pipeline/{closure}(Object(Illuminate/Http/Request))
#42 E:/website_trangsuc/laptrinhweb_thi_website_trangsuc/vendor/laravel/framework/src/Illuminate/Pipeline/Pipeline.php(219): Illuminate/Http/Middleware/HandleCors->handle(Object(Illuminate/Http/Request), Object(Closure))
#43 E:/website_trangsuc/laptrinhweb_thi_website_trangsuc/vendor/laravel/framework/src/Illuminate/Http/Middleware/TrustProxies.php(58): Illuminate/Pipeline/Pipeline->Illuminate/Pipeline/{closure}(Object(Illuminate/Http/Request))
#44 E:/website_trangsuc/laptrinhweb_thi_website_trangsuc/vendor/laravel/framework/src/Illuminate/Pipeline/Pipeline.php(219): Illuminate/Http/Middleware/TrustProxies->handle(Object(Illuminate/Http/Request), Object(Closure))
#45 E:/website_trangsuc/laptrinhweb_thi_website_trangsuc/vendor/laravel/framework/src/Illuminate/Foundation/Http/Middleware/InvokeDeferredCallbacks.php(22): Illuminate/Pipeline/Pipeline->Illuminate/Pipeline/{closure}(Object(Illuminate/Http/Request))
#46 E:/website_trangsuc/laptrinhweb_thi_website_trangsuc/vendor/laravel/framework/src/Illuminate/Pipeline/Pipeline.php(219): Illuminate/Foundation/Http/Middleware/InvokeDeferredCallbacks->handle(Object(Illuminate/Http/Request), Object(Closure))
#47 E:/website_trangsuc/laptrinhweb_thi_website_trangsuc/vendor/laravel/framework/src/Illuminate/Http/Middleware/ValidatePathEncoding.php(26): Illuminate/Pipeline/Pipeline->Illuminate/Pipeline/{closure}(Object(Illuminate/Http/Request))
#48 E:/website_trangsuc/laptrinhweb_thi_website_trangsuc/vendor/laravel/framework/src/Illuminate/Pipeline/Pipeline.php(219): Illuminate/Http/Middleware/ValidatePathEncoding->handle(Object(Illuminate/Http/Request), Object(Closure))
#49 E:/website_trangsuc/laptrinhweb_thi_website_trangsuc/vendor/laravel/framework/src/Illuminate/Pipeline/Pipeline.php(137): Illuminate/Pipeline/Pipeline->Illuminate/Pipeline/{closure}(Object(Illuminate/Http/Request))
#50 E:/website_trangsuc/laptrinhweb_thi_website_trangsuc/vendor/laravel/framework/src/Illuminate/Foundation/Http/Kernel.php(175): Illuminate/Pipeline/Pipeline->then(Object(Closure))
#51 E:/website_trangsuc/laptrinhweb_thi_website_trangsuc/vendor/laravel/framework/src/Illuminate/Foundation/Http/Kernel.php(144): Illuminate/Foundation/Http/Kernel->sendRequestThroughRouter(Object(Illuminate/Http/Request))
#52 E:/website_trangsuc/laptrinhweb_thi_website_trangsuc/vendor/laravel/framework/src/Illuminate/Foundation/Application.php(1220): Illuminate/Foundation/Http/Kernel->handle(Object(Illuminate/Http/Request))
#53 E:/website_trangsuc/laptrinhweb_thi_website_trangsuc/public/index.php(20): Illuminate/Foundation/Application->handleRequest(Object(Illuminate/Http/Request))
#54 E:/website_trangsuc/laptrinhweb_thi_website_trangsuc/vendor/laravel/framework/src/Illuminate/Foundation/resources/server.php(23): require_once('E://website_tran...')
#55 {main}

[previous exception] [object] (Error(code: 0): Call to a member function sum() on null at E:/website_trangsuc/laptrinhweb_thi_website_trangsuc/storage/framework/views/5e0d2a1bef8ffda802451500d0399c2d.php:123)
[stacktrace]
#0 E:/website_trangsuc/laptrinhweb_thi_website_trangsuc/vendor/laravel/framework/src/Illuminate/Filesystem/Filesystem.php(123): require()
#1 E:/website_trangsuc/laptrinhweb_thi_website_trangsuc/vendor/laravel/framework/src/Illuminate/Filesystem/Filesystem.php(124): Illuminate/Filesystem/Filesystem::Illuminate/Filesystem/{closure}()
#2 E:/website_trangsuc/laptrinhweb_thi_website_trangsuc/vendor/laravel/framework/src/Illuminate/View/Engines/PhpEngine.php(57): Illuminate/Filesystem/Filesystem->getRequire('E://website_tran...', Array)
#3 E:/website_trangsuc/laptrinhweb_thi_website_trangsuc/vendor/laravel/framework/src/Illuminate/View/Engines/CompilerEngine.php(76): Illuminate/View/Engines/PhpEngine->evaluatePath('E://website_tran...', Array)
#4 E:/website_trangsuc/laptrinhweb_thi_website_trangsuc/vendor/laravel/framework/src/Illuminate/View/View.php(208): Illuminate/View/Engines/CompilerEngine->get('E://website_tran...', Array)
#5 E:/website_trangsuc/laptrinhweb_thi_website_trangsuc/vendor/laravel/framework/src/Illuminate/View/View.php(191): Illuminate/View/View->getContents()
#6 E:/website_trangsuc/laptrinhweb_thi_website_trangsuc/vendor/laravel/framework/src/Illuminate/View/View.php(160): Illuminate/View/View->renderContents()
#7 E:/website_trangsuc/laptrinhweb_thi_website_trangsuc/vendor/laravel/framework/src/Illuminate/Http/Response.php(78): Illuminate/View/View->render()
#8 E:/website_trangsuc/laptrinhweb_thi_website_trangsuc/vendor/laravel/framework/src/Illuminate/Http/Response.php(34): Illuminate/Http/Response->setContent(Object(Illuminate/View/View))
#9 E:/website_trangsuc/laptrinhweb_thi_website_trangsuc/vendor/laravel/framework/src/Illuminate/Routing/Router.php(939): Illuminate/Http/Response->__construct(Object(Illuminate/View/View), 200, Array)
#10 E:/website_trangsuc/laptrinhweb_thi_website_trangsuc/vendor/laravel/framework/src/Illuminate/Routing/Router.php(906): Illuminate/Routing/Router::toResponse(Object(Illuminate/Http/Request), Object(Illuminate/View/View))
#11 E:/website_trangsuc/laptrinhweb_thi_website_trangsuc/vendor/laravel/framework/src/Illuminate/Routing/Router.php(821): Illuminate/Routing/Router->prepareResponse(Object(Illuminate/Http/Request), Object(Illuminate/View/View))
#12 E:/website_trangsuc/laptrinhweb_thi_website_trangsuc/vendor/laravel/framework/src/Illuminate/Pipeline/Pipeline.php(180): Illuminate/Routing/Router->Illuminate/Routing/{closure}(Object(Illuminate/Http/Request))
#13 E:/website_trangsuc/laptrinhweb_thi_website_trangsuc/vendor/laravel/framework/src/Illuminate/Routing/Middleware/SubstituteBindings.php(50): Illuminate/Pipeline/Pipeline->Illuminate/Pipeline/{closure}(Object(Illuminate/Http/Request))
#14 E:/website_trangsuc/laptrinhweb_thi_website_trangsuc/vendor/laravel/framework/src/Illuminate/Pipeline/Pipeline.php(219): Illuminate/Routing/Middleware/SubstituteBindings->handle(Object(Illuminate/Http/Request), Object(Closure))
#15 E:/website_trangsuc/laptrinhweb_thi_website_trangsuc/vendor/laravel/framework/src/Illuminate/Foundation/Http/Middleware/VerifyCsrfToken.php(87): Illuminate/Pipeline/Pipeline->Illuminate/Pipeline/{closure}(Object(Illuminate/Http/Request))
#16 E:/website_trangsuc/laptrinhweb_thi_website_trangsuc/vendor/laravel/framework/src/Illuminate/Pipeline/Pipeline.php(219): Illuminate/Foundation/Http/Middleware/VerifyCsrfToken->handle(Object(Illuminate/Http/Request), Object(Closure))
#17 E:/website_trangsuc/laptrinhweb_thi_website_trangsuc/vendor/laravel/framework/src/Illuminate/View/Middleware/ShareErrorsFromSession.php(48): Illuminate/Pipeline/Pipeline->Illuminate/Pipeline/{closure}(Object(Illuminate/Http/Request))
#18 E:/website_trangsuc/laptrinhweb_thi_website_trangsuc/vendor/laravel/framework/src/Illuminate/Pipeline/Pipeline.php(219): Illuminate/View/Middleware/ShareErrorsFromSession->handle(Object(Illuminate/Http/Request), Object(Closure))
#19 E:/website_trangsuc/laptrinhweb_thi_website_trangsuc/vendor/laravel/framework/src/Illuminate/Session/Middleware/StartSession.php(120): Illuminate/Pipeline/Pipeline->Illuminate/Pipeline/{closure}(Object(Illuminate/Http/Request))
#20 E:/website_trangsuc/laptrinhweb_thi_website_trangsuc/vendor/laravel/framework/src/Illuminate/Session/Middleware/StartSession.php(63): Illuminate/Session/Middleware/StartSession->handleStatefulRequest(Object(Illuminate/Http/Request), Object(Illuminate/Session/Store), Object(Closure))
#21 E:/website_trangsuc/laptrinhweb_thi_website_trangsuc/vendor/laravel/framework/src/Illuminate/Pipeline/Pipeline.php(219): Illuminate/Session/Middleware/StartSession->handle(Object(Illuminate/Http/Request), Object(Closure))
#22 E:/website_trangsuc/laptrinhweb_thi_website_trangsuc/vendor/laravel/framework/src/Illuminate/Cookie/Middleware/AddQueuedCookiesToResponse.php(36): Illuminate/Pipeline/Pipeline->Illuminate/Pipeline/{closure}(Object(Illuminate/Http/Request))
#23 E:/website_trangsuc/laptrinhweb_thi_website_trangsuc/vendor/laravel/framework/src/Illuminate/Pipeline/Pipeline.php(219): Illuminate/Cookie/Middleware/AddQueuedCookiesToResponse->handle(Object(Illuminate/Http/Request), Object(Closure))
#24 E:/website_trangsuc/laptrinhweb_thi_website_trangsuc/vendor/laravel/framework/src/Illuminate/Cookie/Middleware/EncryptCookies.php(74): Illuminate/Pipeline/Pipeline->Illuminate/Pipeline/{closure}(Object(Illuminate/Http/Request))
#25 E:/website_trangsuc/laptrinhweb_thi_website_trangsuc/vendor/laravel/framework/src/Illuminate/Pipeline/Pipeline.php(219): Illuminate/Cookie/Middleware/EncryptCookies->handle(Object(Illuminate/Http/Request), Object(Closure))
#26 E:/website_trangsuc/laptrinhweb_thi_website_trangsuc/vendor/laravel/framework/src/Illuminate/Pipeline/Pipeline.php(137): Illuminate/Pipeline/Pipeline->Illuminate/Pipeline/{closure}(Object(Illuminate/Http/Request))
#27 E:/website_trangsuc/laptrinhweb_thi_website_trangsuc/vendor/laravel/framework/src/Illuminate/Routing/Router.php(821): Illuminate/Pipeline/Pipeline->then(Object(Closure))
#28 E:/website_trangsuc/laptrinhweb_thi_website_trangsuc/vendor/laravel/framework/src/Illuminate/Routing/Router.php(800): Illuminate/Routing/Router->runRouteWithinStack(Object(Illuminate/Routing/Route), Object(Illuminate/Http/Request))
#29 E:/website_trangsuc/laptrinhweb_thi_website_trangsuc/vendor/laravel/framework/src/Illuminate/Routing/Router.php(764): Illuminate/Routing/Router->runRoute(Object(Illuminate/Http/Request), Object(Illuminate/Routing/Route))
#30 E:/website_trangsuc/laptrinhweb_thi_website_trangsuc/vendor/laravel/framework/src/Illuminate/Routing/Router.php(753): Illuminate/Routing/Router->dispatchToRoute(Object(Illuminate/Http/Request))
#31 E:/website_trangsuc/laptrinhweb_thi_website_trangsuc/vendor/laravel/framework/src/Illuminate/Foundation/Http/Kernel.php(200): Illuminate/Routing/Router->dispatch(Object(Illuminate/Http/Request))
#32 E:/website_trangsuc/laptrinhweb_thi_website_trangsuc/vendor/laravel/framework/src/Illuminate/Pipeline/Pipeline.php(180): Illuminate/Foundation/Http/Kernel->Illuminate/Foundation/Http/{closure}(Object(Illuminate/Http/Request))
#33 E:/website_trangsuc/laptrinhweb_thi_website_trangsuc/vendor/laravel/framework/src/Illuminate/Foundation/Http/Middleware/TransformsRequest.php(21): Illuminate/Pipeline/Pipeline->Illuminate/Pipeline/{closure}(Object(Illuminate/Http/Request))
#34 E:/website_trangsuc/laptrinhweb_thi_website_trangsuc/vendor/laravel/framework/src/Illuminate/Foundation/Http/Middleware/ConvertEmptyStringsToNull.php(31): Illuminate/Foundation/Http/Middleware/TransformsRequest->handle(Object(Illuminate/Http/Request), Object(Closure))
#35 E:/website_trangsuc/laptrinhweb_thi_website_trangsuc/vendor/laravel/framework/src/Illuminate/Pipeline/Pipeline.php(219): Illuminate/Foundation/Http/Middleware/ConvertEmptyStringsToNull->handle(Object(Illuminate/Http/Request), Object(Closure))
#36 E:/website_trangsuc/laptrinhweb_thi_website_trangsuc/vendor/laravel/framework/src/Illuminate/Foundation/Http/Middleware/TransformsRequest.php(21): Illuminate/Pipeline/Pipeline->Illuminate/Pipeline/{closure}(Object(Illuminate/Http/Request))
#37 E:/website_trangsuc/laptrinhweb_thi_website_trangsuc/vendor/laravel/framework/src/Illuminate/Foundation/Http/Middleware/TrimStrings.php(51): Illuminate/Foundation/Http/Middleware/TransformsRequest->handle(Object(Illuminate/Http/Request), Object(Closure))
#38 E:/website_trangsuc/laptrinhweb_thi_website_trangsuc/vendor/laravel/framework/src/Illuminate/Pipeline/Pipeline.php(219): Illuminate/Foundation/Http/Middleware/TrimStrings->handle(Object(Illuminate/Http/Request), Object(Closure))
#39 E:/website_trangsuc/laptrinhweb_thi_website_trangsuc/vendor/laravel/framework/src/Illuminate/Http/Middleware/ValidatePostSize.php(27): Illuminate/Pipeline/Pipeline->Illuminate/Pipeline/{closure}(Object(Illuminate/Http/Request))
#40 E:/website_trangsuc/laptrinhweb_thi_website_trangsuc/vendor/laravel/framework/src/Illuminate/Pipeline/Pipeline.php(219): Illuminate/Http/Middleware/ValidatePostSize->handle(Object(Illuminate/Http/Request), Object(Closure))
#41 E:/website_trangsuc/laptrinhweb_thi_website_trangsuc/vendor/laravel/framework/src/Illuminate/Foundation/Http/Middleware/PreventRequestsDuringMaintenance.php(109): Illuminate/Pipeline/Pipeline->Illuminate/Pipeline/{closure}(Object(Illuminate/Http/Request))
#42 E:/website_trangsuc/laptrinhweb_thi_website_trangsuc/vendor/laravel/framework/src/Illuminate/Pipeline/Pipeline.php(219): Illuminate/Foundation/Http/Middleware/PreventRequestsDuringMaintenance->handle(Object(Illuminate/Http/Request), Object(Closure))
#43 E:/website_trangsuc/laptrinhweb_thi_website_trangsuc/vendor/laravel/framework/src/Illuminate/Http/Middleware/HandleCors.php(61): Illuminate/Pipeline/Pipeline->Illuminate/Pipeline/{closure}(Object(Illuminate/Http/Request))
#44 E:/website_trangsuc/laptrinhweb_thi_website_trangsuc/vendor/laravel/framework/src/Illuminate/Pipeline/Pipeline.php(219): Illuminate/Http/Middleware/HandleCors->handle(Object(Illuminate/Http/Request), Object(Closure))
#45 E:/website_trangsuc/laptrinhweb_thi_website_trangsuc/vendor/laravel/framework/src/Illuminate/Http/Middleware/TrustProxies.php(58): Illuminate/Pipeline/Pipeline->Illuminate/Pipeline/{closure}(Object(Illuminate/Http/Request))
#46 E:/website_trangsuc/laptrinhweb_thi_website_trangsuc/vendor/laravel/framework/src/Illuminate/Pipeline/Pipeline.php(219): Illuminate/Http/Middleware/TrustProxies->handle(Object(Illuminate/Http/Request), Object(Closure))
#47 E:/website_trangsuc/laptrinhweb_thi_website_trangsuc/vendor/laravel/framework/src/Illuminate/Foundation/Http/Middleware/InvokeDeferredCallbacks.php(22): Illuminate/Pipeline/Pipeline->Illuminate/Pipeline/{closure}(Object(Illuminate/Http/Request))
#48 E:/website_trangsuc/laptrinhweb_thi_website_trangsuc/vendor/laravel/framework/src/Illuminate/Pipeline/Pipeline.php(219): Illuminate/Foundation/Http/Middleware/InvokeDeferredCallbacks->handle(Object(Illuminate/Http/Request), Object(Closure))
#49 E:/website_trangsuc/laptrinhweb_thi_website_trangsuc/vendor/laravel/framework/src/Illuminate/Http/Middleware/ValidatePathEncoding.php(26): Illuminate/Pipeline/Pipeline->Illuminate/Pipeline/{closure}(Object(Illuminate/Http/Request))
#50 E:/website_trangsuc/laptrinhweb_thi_website_trangsuc/vendor/laravel/framework/src/Illuminate/Pipeline/Pipeline.php(219): Illuminate/Http/Middleware/ValidatePathEncoding->handle(Object(Illuminate/Http/Request), Object(Closure))
#51 E:/website_trangsuc/laptrinhweb_thi_website_trangsuc/vendor/laravel/framework/src/Illuminate/Pipeline/Pipeline.php(137): Illuminate/Pipeline/Pipeline->Illuminate/Pipeline/{closure}(Object(Illuminate/Http/Request))
#52 E:/website_trangsuc/laptrinhweb_thi_website_trangsuc/vendor/laravel/framework/src/Illuminate/Foundation/Http/Kernel.php(175): Illuminate/Pipeline/Pipeline->then(Object(Closure))
#53 E:/website_trangsuc/laptrinhweb_thi_website_trangsuc/vendor/laravel/framework/src/Illuminate/Foundation/Http/Kernel.php(144): Illuminate/Foundation/Http/Kernel->sendRequestThroughRouter(Object(Illuminate/Http/Request))
#54 E:/website_trangsuc/laptrinhweb_thi_website_trangsuc/vendor/laravel/framework/src/Illuminate/Foundation/Application.php(1220): Illuminate/Foundation/Http/Kernel->handle(Object(Illuminate/Http/Request))
#55 E:/website_trangsuc/laptrinhweb_thi_website_trangsuc/public/index.php(20): Illuminate/Foundation/Application->handleRequest(Object(Illuminate/Http/Request))
#56 E:/website_trangsuc/laptrinhweb_thi_website_trangsuc/vendor/laravel/framework/src/Illuminate/Foundation/resources/server.php(23): require_once('E://website_tran...')
#57 {main}
"} 
[2026-05-30 17:40:09] local.ERROR: SQLSTATE[HY000] [2002] No connection could be made because the target machine actively refused it (Connection: mysql, Host: 127.0.0.1, Port: 3306, Database: webshop_trangsuc, SQL: select * from `Banner` where `TrangThai` = 1) (View: E:\website_trangsuc\laptrinhweb_thi_website_trangsuc\resources\views\components\banner.blade.php) (View: E:\website_trangsuc\laptrinhweb_thi_website_trangsuc\resources\views\components\banner.blade.php) {"exception":"[object] (Illuminate\\View\\ViewException(code: 0): SQLSTATE[HY000] [2002] No connection could be made because the target machine actively refused it (Connection: mysql, Host: 127.0.0.1, Port: 3306, Database: webshop_trangsuc, SQL: select * from `Banner` where `TrangThai` = 1) (View: E:\\website_trangsuc\\laptrinhweb_thi_website_trangsuc\\resources\\views\\components\\banner.blade.php) (View: E:\\website_trangsuc\\laptrinhweb_thi_website_trangsuc\\resources\\views\\components\\banner.blade.php) at E:/website_trangsuc/laptrinhweb_thi_website_trangsuc/vendor/laravel/framework/src/Illuminate/Database/Connection.php:838)
[stacktrace]
#0 E:/website_trangsuc/laptrinhweb_thi_website_trangsuc/vendor/laravel/framework/src/Illuminate/View/Engines/PhpEngine.php(59): Illuminate/View/Engines/CompilerEngine->handleViewException(Object(Illuminate/View/ViewException), 1)
#1 E:/website_trangsuc/laptrinhweb_thi_website_trangsuc/vendor/laravel/framework/src/Illuminate/View/Engines/CompilerEngine.php(76): Illuminate/View/Engines/PhpEngine->evaluatePath('E://website_tran...', Array)
#2 E:/website_trangsuc/laptrinhweb_thi_website_trangsuc/vendor/laravel/framework/src/Illuminate/View/View.php(208): Illuminate/View/Engines/CompilerEngine->get('E://website_tran...', Array)
#3 E:/website_trangsuc/laptrinhweb_thi_website_trangsuc/vendor/laravel/framework/src/Illuminate/View/View.php(191): Illuminate/View/View->getContents()
#4 E:/website_trangsuc/laptrinhweb_thi_website_trangsuc/vendor/laravel/framework/src/Illuminate/View/View.php(160): Illuminate/View/View->renderContents()
#5 E:/website_trangsuc/laptrinhweb_thi_website_trangsuc/vendor/laravel/framework/src/Illuminate/Http/Response.php(78): Illuminate/View/View->render()
#6 E:/website_trangsuc/laptrinhweb_thi_website_trangsuc/vendor/laravel/framework/src/Illuminate/Http/Response.php(34): Illuminate/Http/Response->setContent(Object(Illuminate/View/View))
#7 E:/website_trangsuc/laptrinhweb_thi_website_trangsuc/vendor/laravel/framework/src/Illuminate/Routing/Router.php(939): Illuminate/Http/Response->__construct(Object(Illuminate/View/View), 200, Array)
#8 E:/website_trangsuc/laptrinhweb_thi_website_trangsuc/vendor/laravel/framework/src/Illuminate/Routing/Router.php(906): Illuminate/Routing/Router::toResponse(Object(Illuminate/Http/Request), Object(Illuminate/View/View))
#9 E:/website_trangsuc/laptrinhweb_thi_website_trangsuc/vendor/laravel/framework/src/Illuminate/Routing/Router.php(821): Illuminate/Routing/Router->prepareResponse(Object(Illuminate/Http/Request), Object(Illuminate/View/View))
#10 E:/website_trangsuc/laptrinhweb_thi_website_trangsuc/vendor/laravel/framework/src/Illuminate/Pipeline/Pipeline.php(180): Illuminate/Routing/Router->Illuminate/Routing/{closure}(Object(Illuminate/Http/Request))
#11 E:/website_trangsuc/laptrinhweb_thi_website_trangsuc/vendor/laravel/framework/src/Illuminate/Routing/Middleware/SubstituteBindings.php(50): Illuminate/Pipeline/Pipeline->Illuminate/Pipeline/{closure}(Object(Illuminate/Http/Request))
#12 E:/website_trangsuc/laptrinhweb_thi_website_trangsuc/vendor/laravel/framework/src/Illuminate/Pipeline/Pipeline.php(219): Illuminate/Routing/Middleware/SubstituteBindings->handle(Object(Illuminate/Http/Request), Object(Closure))
#13 E:/website_trangsuc/laptrinhweb_thi_website_trangsuc/vendor/laravel/framework/src/Illuminate/Foundation/Http/Middleware/VerifyCsrfToken.php(87): Illuminate/Pipeline/Pipeline->Illuminate/Pipeline/{closure}(Object(Illuminate/Http/Request))
#14 E:/website_trangsuc/laptrinhweb_thi_website_trangsuc/vendor/laravel/framework/src/Illuminate/Pipeline/Pipeline.php(219): Illuminate/Foundation/Http/Middleware/VerifyCsrfToken->handle(Object(Illuminate/Http/Request), Object(Closure))
#15 E:/website_trangsuc/laptrinhweb_thi_website_trangsuc/vendor/laravel/framework/src/Illuminate/View/Middleware/ShareErrorsFromSession.php(48): Illuminate/Pipeline/Pipeline->Illuminate/Pipeline/{closure}(Object(Illuminate/Http/Request))
#16 E:/website_trangsuc/laptrinhweb_thi_website_trangsuc/vendor/laravel/framework/src/Illuminate/Pipeline/Pipeline.php(219): Illuminate/View/Middleware/ShareErrorsFromSession->handle(Object(Illuminate/Http/Request), Object(Closure))
#17 E:/website_trangsuc/laptrinhweb_thi_website_trangsuc/vendor/laravel/framework/src/Illuminate/Session/Middleware/StartSession.php(120): Illuminate/Pipeline/Pipeline->Illuminate/Pipeline/{closure}(Object(Illuminate/Http/Request))
#18 E:/website_trangsuc/laptrinhweb_thi_website_trangsuc/vendor/laravel/framework/src/Illuminate/Session/Middleware/StartSession.php(63): Illuminate/Session/Middleware/StartSession->handleStatefulRequest(Object(Illuminate/Http/Request), Object(Illuminate/Session/Store), Object(Closure))
#19 E:/website_trangsuc/laptrinhweb_thi_website_trangsuc/vendor/laravel/framework/src/Illuminate/Pipeline/Pipeline.php(219): Illuminate/Session/Middleware/StartSession->handle(Object(Illuminate/Http/Request), Object(Closure))
#20 E:/website_trangsuc/laptrinhweb_thi_website_trangsuc/vendor/laravel/framework/src/Illuminate/Cookie/Middleware/AddQueuedCookiesToResponse.php(36): Illuminate/Pipeline/Pipeline->Illuminate/Pipeline/{closure}(Object(Illuminate/Http/Request))
#21 E:/website_trangsuc/laptrinhweb_thi_website_trangsuc/vendor/laravel/framework/src/Illuminate/Pipeline/Pipeline.php(219): Illuminate/Cookie/Middleware/AddQueuedCookiesToResponse->handle(Object(Illuminate/Http/Request), Object(Closure))
#22 E:/website_trangsuc/laptrinhweb_thi_website_trangsuc/vendor/laravel/framework/src/Illuminate/Cookie/Middleware/EncryptCookies.php(74): Illuminate/Pipeline/Pipeline->Illuminate/Pipeline/{closure}(Object(Illuminate/Http/Request))
#23 E:/website_trangsuc/laptrinhweb_thi_website_trangsuc/vendor/laravel/framework/src/Illuminate/Pipeline/Pipeline.php(219): Illuminate/Cookie/Middleware/EncryptCookies->handle(Object(Illuminate/Http/Request), Object(Closure))
#24 E:/website_trangsuc/laptrinhweb_thi_website_trangsuc/vendor/laravel/framework/src/Illuminate/Pipeline/Pipeline.php(137): Illuminate/Pipeline/Pipeline->Illuminate/Pipeline/{closure}(Object(Illuminate/Http/Request))
#25 E:/website_trangsuc/laptrinhweb_thi_website_trangsuc/vendor/laravel/framework/src/Illuminate/Routing/Router.php(821): Illuminate/Pipeline/Pipeline->then(Object(Closure))
#26 E:/website_trangsuc/laptrinhweb_thi_website_trangsuc/vendor/laravel/framework/src/Illuminate/Routing/Router.php(800): Illuminate/Routing/Router->runRouteWithinStack(Object(Illuminate/Routing/Route), Object(Illuminate/Http/Request))
#27 E:/website_trangsuc/laptrinhweb_thi_website_trangsuc/vendor/laravel/framework/src/Illuminate/Routing/Router.php(764): Illuminate/Routing/Router->runRoute(Object(Illuminate/Http/Request), Object(Illuminate/Routing/Route))
#28 E:/website_trangsuc/laptrinhweb_thi_website_trangsuc/vendor/laravel/framework/src/Illuminate/Routing/Router.php(753): Illuminate/Routing/Router->dispatchToRoute(Object(Illuminate/Http/Request))
#29 E:/website_trangsuc/laptrinhweb_thi_website_trangsuc/vendor/laravel/framework/src/Illuminate/Foundation/Http/Kernel.php(200): Illuminate/Routing/Router->dispatch(Object(Illuminate/Http/Request))
#30 E:/website_trangsuc/laptrinhweb_thi_website_trangsuc/vendor/laravel/framework/src/Illuminate/Pipeline/Pipeline.php(180): Illuminate/Foundation/Http/Kernel->Illuminate/Foundation/Http/{closure}(Object(Illuminate/Http/Request))
#31 E:/website_trangsuc/laptrinhweb_thi_website_trangsuc/vendor/laravel/framework/src/Illuminate/Foundation/Http/Middleware/TransformsRequest.php(21): Illuminate/Pipeline/Pipeline->Illuminate/Pipeline/{closure}(Object(Illuminate/Http/Request))
#32 E:/website_trangsuc/laptrinhweb_thi_website_trangsuc/vendor/laravel/framework/src/Illuminate/Foundation/Http/Middleware/ConvertEmptyStringsToNull.php(31): Illuminate/Foundation/Http/Middleware/TransformsRequest->handle(Object(Illuminate/Http/Request), Object(Closure))
#33 E:/website_trangsuc/laptrinhweb_thi_website_trangsuc/vendor/laravel/framework/src/Illuminate/Pipeline/Pipeline.php(219): Illuminate/Foundation/Http/Middleware/ConvertEmptyStringsToNull->handle(Object(Illuminate/Http/Request), Object(Closure))
#34 E:/website_trangsuc/laptrinhweb_thi_website_trangsuc/vendor/laravel/framework/src/Illuminate/Foundation/Http/Middleware/TransformsRequest.php(21): Illuminate/Pipeline/Pipeline->Illuminate/Pipeline/{closure}(Object(Illuminate/Http/Request))
#35 E:/website_trangsuc/laptrinhweb_thi_website_trangsuc/vendor/laravel/framework/src/Illuminate/Foundation/Http/Middleware/TrimStrings.php(51): Illuminate/Foundation/Http/Middleware/TransformsRequest->handle(Object(Illuminate/Http/Request), Object(Closure))
#36 E:/website_trangsuc/laptrinhweb_thi_website_trangsuc/vendor/laravel/framework/src/Illuminate/Pipeline/Pipeline.php(219): Illuminate/Foundation/Http/Middleware/TrimStrings->handle(Object(Illuminate/Http/Request), Object(Closure))
#37 E:/website_trangsuc/laptrinhweb_thi_website_trangsuc/vendor/laravel/framework/src/Illuminate/Http/Middleware/ValidatePostSize.php(27): Illuminate/Pipeline/Pipeline->Illuminate/Pipeline/{closure}(Object(Illuminate/Http/Request))
#38 E:/website_trangsuc/laptrinhweb_thi_website_trangsuc/vendor/laravel/framework/src/Illuminate/Pipeline/Pipeline.php(219): Illuminate/Http/Middleware/ValidatePostSize->handle(Object(Illuminate/Http/Request), Object(Closure))
#39 E:/website_trangsuc/laptrinhweb_thi_website_trangsuc/vendor/laravel/framework/src/Illuminate/Foundation/Http/Middleware/PreventRequestsDuringMaintenance.php(109): Illuminate/Pipeline/Pipeline->Illuminate/Pipeline/{closure}(Object(Illuminate/Http/Request))
#40 E:/website_trangsuc/laptrinhweb_thi_website_trangsuc/vendor/laravel/framework/src/Illuminate/Pipeline/Pipeline.php(219): Illuminate/Foundation/Http/Middleware/PreventRequestsDuringMaintenance->handle(Object(Illuminate/Http/Request), Object(Closure))
#41 E:/website_trangsuc/laptrinhweb_thi_website_trangsuc/vendor/laravel/framework/src/Illuminate/Http/Middleware/HandleCors.php(61): Illuminate/Pipeline/Pipeline->Illuminate/Pipeline/{closure}(Object(Illuminate/Http/Request))
#42 E:/website_trangsuc/laptrinhweb_thi_website_trangsuc/vendor/laravel/framework/src/Illuminate/Pipeline/Pipeline.php(219): Illuminate/Http/Middleware/HandleCors->handle(Object(Illuminate/Http/Request), Object(Closure))
#43 E:/website_trangsuc/laptrinhweb_thi_website_trangsuc/vendor/laravel/framework/src/Illuminate/Http/Middleware/TrustProxies.php(58): Illuminate/Pipeline/Pipeline->Illuminate/Pipeline/{closure}(Object(Illuminate/Http/Request))
#44 E:/website_trangsuc/laptrinhweb_thi_website_trangsuc/vendor/laravel/framework/src/Illuminate/Pipeline/Pipeline.php(219): Illuminate/Http/Middleware/TrustProxies->handle(Object(Illuminate/Http/Request), Object(Closure))
#45 E:/website_trangsuc/laptrinhweb_thi_website_trangsuc/vendor/laravel/framework/src/Illuminate/Foundation/Http/Middleware/InvokeDeferredCallbacks.php(22): Illuminate/Pipeline/Pipeline->Illuminate/Pipeline/{closure}(Object(Illuminate/Http/Request))
#46 E:/website_trangsuc/laptrinhweb_thi_website_trangsuc/vendor/laravel/framework/src/Illuminate/Pipeline/Pipeline.php(219): Illuminate/Foundation/Http/Middleware/InvokeDeferredCallbacks->handle(Object(Illuminate/Http/Request), Object(Closure))
#47 E:/website_trangsuc/laptrinhweb_thi_website_trangsuc/vendor/laravel/framework/src/Illuminate/Http/Middleware/ValidatePathEncoding.php(26): Illuminate/Pipeline/Pipeline->Illuminate/Pipeline/{closure}(Object(Illuminate/Http/Request))
#48 E:/website_trangsuc/laptrinhweb_thi_website_trangsuc/vendor/laravel/framework/src/Illuminate/Pipeline/Pipeline.php(219): Illuminate/Http/Middleware/ValidatePathEncoding->handle(Object(Illuminate/Http/Request), Object(Closure))
#49 E:/website_trangsuc/laptrinhweb_thi_website_trangsuc/vendor/laravel/framework/src/Illuminate/Pipeline/Pipeline.php(137): Illuminate/Pipeline/Pipeline->Illuminate/Pipeline/{closure}(Object(Illuminate/Http/Request))
#50 E:/website_trangsuc/laptrinhweb_thi_website_trangsuc/vendor/laravel/framework/src/Illuminate/Foundation/Http/Kernel.php(175): Illuminate/Pipeline/Pipeline->then(Object(Closure))
#51 E:/website_trangsuc/laptrinhweb_thi_website_trangsuc/vendor/laravel/framework/src/Illuminate/Foundation/Http/Kernel.php(144): Illuminate/Foundation/Http/Kernel->sendRequestThroughRouter(Object(Illuminate/Http/Request))
#52 E:/website_trangsuc/laptrinhweb_thi_website_trangsuc/vendor/laravel/framework/src/Illuminate/Foundation/Application.php(1220): Illuminate/Foundation/Http/Kernel->handle(Object(Illuminate/Http/Request))
#53 E:/website_trangsuc/laptrinhweb_thi_website_trangsuc/public/index.php(20): Illuminate/Foundation/Application->handleRequest(Object(Illuminate/Http/Request))
#54 E:/website_trangsuc/laptrinhweb_thi_website_trangsuc/vendor/laravel/framework/src/Illuminate/Foundation/resources/server.php(23): require_once('E://website_tran...')
#55 {main}

[previous exception] [object] (Illuminate\\View\\ViewException(code: 0): SQLSTATE[HY000] [2002] No connection could be made because the target machine actively refused it (Connection: mysql, Host: 127.0.0.1, Port: 3306, Database: webshop_trangsuc, SQL: select * from `Banner` where `TrangThai` = 1) (View: E:\\website_trangsuc\\laptrinhweb_thi_website_trangsuc\\resources\\views\\components\\banner.blade.php) at E:/website_trangsuc/laptrinhweb_thi_website_trangsuc/vendor/laravel/framework/src/Illuminate/Database/Connection.php:838)
[stacktrace]
#0 E:/website_trangsuc/laptrinhweb_thi_website_trangsuc/vendor/laravel/framework/src/Illuminate/View/Engines/PhpEngine.php(59): Illuminate/View/Engines/CompilerEngine->handleViewException(Object(Illuminate/Database/QueryException), 3)
#1 E:/website_trangsuc/laptrinhweb_thi_website_trangsuc/vendor/laravel/framework/src/Illuminate/View/Engines/CompilerEngine.php(76): Illuminate/View/Engines/PhpEngine->evaluatePath('E://website_tran...', Array)
#2 E:/website_trangsuc/laptrinhweb_thi_website_trangsuc/vendor/laravel/framework/src/Illuminate/View/View.php(208): Illuminate/View/Engines/CompilerEngine->get('E://website_tran...', Array)
#3 E:/website_trangsuc/laptrinhweb_thi_website_trangsuc/vendor/laravel/framework/src/Illuminate/View/View.php(191): Illuminate/View/View->getContents()
#4 E:/website_trangsuc/laptrinhweb_thi_website_trangsuc/vendor/laravel/framework/src/Illuminate/View/View.php(160): Illuminate/View/View->renderContents()
#5 E:/website_trangsuc/laptrinhweb_thi_website_trangsuc/vendor/laravel/framework/src/Illuminate/View/Concerns/ManagesComponents.php(103): Illuminate/View/View->render()
#6 E:/website_trangsuc/laptrinhweb_thi_website_trangsuc/storage/framework/views/6464a70f796b9492a1dc89a8afa00e50.php(13): Illuminate/View/Factory->renderComponent()
#7 E:/website_trangsuc/laptrinhweb_thi_website_trangsuc/vendor/laravel/framework/src/Illuminate/Filesystem/Filesystem.php(123): require('E://website_tran...')
#8 E:/website_trangsuc/laptrinhweb_thi_website_trangsuc/vendor/laravel/framework/src/Illuminate/Filesystem/Filesystem.php(124): Illuminate/Filesystem/Filesystem::Illuminate/Filesystem/{closure}()
#9 E:/website_trangsuc/laptrinhweb_thi_website_trangsuc/vendor/laravel/framework/src/Illuminate/View/Engines/PhpEngine.php(57): Illuminate/Filesystem/Filesystem->getRequire('E://website_tran...', Array)
#10 E:/website_trangsuc/laptrinhweb_thi_website_trangsuc/vendor/laravel/framework/src/Illuminate/View/Engines/CompilerEngine.php(76): Illuminate/View/Engines/PhpEngine->evaluatePath('E://website_tran...', Array)
#11 E:/website_trangsuc/laptrinhweb_thi_website_trangsuc/vendor/laravel/framework/src/Illuminate/View/View.php(208): Illuminate/View/Engines/CompilerEngine->get('E://website_tran...', Array)
#12 E:/website_trangsuc/laptrinhweb_thi_website_trangsuc/vendor/laravel/framework/src/Illuminate/View/View.php(191): Illuminate/View/View->getContents()
#13 E:/website_trangsuc/laptrinhweb_thi_website_trangsuc/vendor/laravel/framework/src/Illuminate/View/View.php(160): Illuminate/View/View->renderContents()
#14 E:/website_trangsuc/laptrinhweb_thi_website_trangsuc/vendor/laravel/framework/src/Illuminate/Http/Response.php(78): Illuminate/View/View->render()
#15 E:/website_trangsuc/laptrinhweb_thi_website_trangsuc/vendor/laravel/framework/src/Illuminate/Http/Response.php(34): Illuminate/Http/Response->setContent(Object(Illuminate/View/View))
#16 E:/website_trangsuc/laptrinhweb_thi_website_trangsuc/vendor/laravel/framework/src/Illuminate/Routing/Router.php(939): Illuminate/Http/Response->__construct(Object(Illuminate/View/View), 200, Array)
#17 E:/website_trangsuc/laptrinhweb_thi_website_trangsuc/vendor/laravel/framework/src/Illuminate/Routing/Router.php(906): Illuminate/Routing/Router::toResponse(Object(Illuminate/Http/Request), Object(Illuminate/View/View))
#18 E:/website_trangsuc/laptrinhweb_thi_website_trangsuc/vendor/laravel/framework/src/Illuminate/Routing/Router.php(821): Illuminate/Routing/Router->prepareResponse(Object(Illuminate/Http/Request), Object(Illuminate/View/View))
#19 E:/website_trangsuc/laptrinhweb_thi_website_trangsuc/vendor/laravel/framework/src/Illuminate/Pipeline/Pipeline.php(180): Illuminate/Routing/Router->Illuminate/Routing/{closure}(Object(Illuminate/Http/Request))
#20 E:/website_trangsuc/laptrinhweb_thi_website_trangsuc/vendor/laravel/framework/src/Illuminate/Routing/Middleware/SubstituteBindings.php(50): Illuminate/Pipeline/Pipeline->Illuminate/Pipeline/{closure}(Object(Illuminate/Http/Request))
#21 E:/website_trangsuc/laptrinhweb_thi_website_trangsuc/vendor/laravel/framework/src/Illuminate/Pipeline/Pipeline.php(219): Illuminate/Routing/Middleware/SubstituteBindings->handle(Object(Illuminate/Http/Request), Object(Closure))
#22 E:/website_trangsuc/laptrinhweb_thi_website_trangsuc/vendor/laravel/framework/src/Illuminate/Foundation/Http/Middleware/VerifyCsrfToken.php(87): Illuminate/Pipeline/Pipeline->Illuminate/Pipeline/{closure}(Object(Illuminate/Http/Request))
#23 E:/website_trangsuc/laptrinhweb_thi_website_trangsuc/vendor/laravel/framework/src/Illuminate/Pipeline/Pipeline.php(219): Illuminate/Foundation/Http/Middleware/VerifyCsrfToken->handle(Object(Illuminate/Http/Request), Object(Closure))
#24 E:/website_trangsuc/laptrinhweb_thi_website_trangsuc/vendor/laravel/framework/src/Illuminate/View/Middleware/ShareErrorsFromSession.php(48): Illuminate/Pipeline/Pipeline->Illuminate/Pipeline/{closure}(Object(Illuminate/Http/Request))
#25 E:/website_trangsuc/laptrinhweb_thi_website_trangsuc/vendor/laravel/framework/src/Illuminate/Pipeline/Pipeline.php(219): Illuminate/View/Middleware/ShareErrorsFromSession->handle(Object(Illuminate/Http/Request), Object(Closure))
#26 E:/website_trangsuc/laptrinhweb_thi_website_trangsuc/vendor/laravel/framework/src/Illuminate/Session/Middleware/StartSession.php(120): Illuminate/Pipeline/Pipeline->Illuminate/Pipeline/{closure}(Object(Illuminate/Http/Request))
#27 E:/website_trangsuc/laptrinhweb_thi_website_trangsuc/vendor/laravel/framework/src/Illuminate/Session/Middleware/StartSession.php(63): Illuminate/Session/Middleware/StartSession->handleStatefulRequest(Object(Illuminate/Http/Request), Object(Illuminate/Session/Store), Object(Closure))
#28 E:/website_trangsuc/laptrinhweb_thi_website_trangsuc/vendor/laravel/framework/src/Illuminate/Pipeline/Pipeline.php(219): Illuminate/Session/Middleware/StartSession->handle(Object(Illuminate/Http/Request), Object(Closure))
#29 E:/website_trangsuc/laptrinhweb_thi_website_trangsuc/vendor/laravel/framework/src/Illuminate/Cookie/Middleware/AddQueuedCookiesToResponse.php(36): Illuminate/Pipeline/Pipeline->Illuminate/Pipeline/{closure}(Object(Illuminate/Http/Request))
#30 E:/website_trangsuc/laptrinhweb_thi_website_trangsuc/vendor/laravel/framework/src/Illuminate/Pipeline/Pipeline.php(219): Illuminate/Cookie/Middleware/AddQueuedCookiesToResponse->handle(Object(Illuminate/Http/Request), Object(Closure))
#31 E:/website_trangsuc/laptrinhweb_thi_website_trangsuc/vendor/laravel/framework/src/Illuminate/Cookie/Middleware/EncryptCookies.php(74): Illuminate/Pipeline/Pipeline->Illuminate/Pipeline/{closure}(Object(Illuminate/Http/Request))
#32 E:/website_trangsuc/laptrinhweb_thi_website_trangsuc/vendor/laravel/framework/src/Illuminate/Pipeline/Pipeline.php(219): Illuminate/Cookie/Middleware/EncryptCookies->handle(Object(Illuminate/Http/Request), Object(Closure))
#33 E:/website_trangsuc/laptrinhweb_thi_website_trangsuc/vendor/laravel/framework/src/Illuminate/Pipeline/Pipeline.php(137): Illuminate/Pipeline/Pipeline->Illuminate/Pipeline/{closure}(Object(Illuminate/Http/Request))
#34 E:/website_trangsuc/laptrinhweb_thi_website_trangsuc/vendor/laravel/framework/src/Illuminate/Routing/Router.php(821): Illuminate/Pipeline/Pipeline->then(Object(Closure))
#35 E:/website_trangsuc/laptrinhweb_thi_website_trangsuc/vendor/laravel/framework/src/Illuminate/Routing/Router.php(800): Illuminate/Routing/Router->runRouteWithinStack(Object(Illuminate/Routing/Route), Object(Illuminate/Http/Request))
#36 E:/website_trangsuc/laptrinhweb_thi_website_trangsuc/vendor/laravel/framework/src/Illuminate/Routing/Router.php(764): Illuminate/Routing/Router->runRoute(Object(Illuminate/Http/Request), Object(Illuminate/Routing/Route))
#37 E:/website_trangsuc/laptrinhweb_thi_website_trangsuc/vendor/laravel/framework/src/Illuminate/Routing/Router.php(753): Illuminate/Routing/Router->dispatchToRoute(Object(Illuminate/Http/Request))
#38 E:/website_trangsuc/laptrinhweb_thi_website_trangsuc/vendor/laravel/framework/src/Illuminate/Foundation/Http/Kernel.php(200): Illuminate/Routing/Router->dispatch(Object(Illuminate/Http/Request))
#39 E:/website_trangsuc/laptrinhweb_thi_website_trangsuc/vendor/laravel/framework/src/Illuminate/Pipeline/Pipeline.php(180): Illuminate/Foundation/Http/Kernel->Illuminate/Foundation/Http/{closure}(Object(Illuminate/Http/Request))
#40 E:/website_trangsuc/laptrinhweb_thi_website_trangsuc/vendor/laravel/framework/src/Illuminate/Foundation/Http/Middleware/TransformsRequest.php(21): Illuminate/Pipeline/Pipeline->Illuminate/Pipeline/{closure}(Object(Illuminate/Http/Request))
#41 E:/website_trangsuc/laptrinhweb_thi_website_trangsuc/vendor/laravel/framework/src/Illuminate/Foundation/Http/Middleware/ConvertEmptyStringsToNull.php(31): Illuminate/Foundation/Http/Middleware/TransformsRequest->handle(Object(Illuminate/Http/Request), Object(Closure))
#42 E:/website_trangsuc/laptrinhweb_thi_website_trangsuc/vendor/laravel/framework/src/Illuminate/Pipeline/Pipeline.php(219): Illuminate/Foundation/Http/Middleware/ConvertEmptyStringsToNull->handle(Object(Illuminate/Http/Request), Object(Closure))
#43 E:/website_trangsuc/laptrinhweb_thi_website_trangsuc/vendor/laravel/framework/src/Illuminate/Foundation/Http/Middleware/TransformsRequest.php(21): Illuminate/Pipeline/Pipeline->Illuminate/Pipeline/{closure}(Object(Illuminate/Http/Request))
#44 E:/website_trangsuc/laptrinhweb_thi_website_trangsuc/vendor/laravel/framework/src/Illuminate/Foundation/Http/Middleware/TrimStrings.php(51): Illuminate/Foundation/Http/Middleware/TransformsRequest->handle(Object(Illuminate/Http/Request), Object(Closure))
#45 E:/website_trangsuc/laptrinhweb_thi_website_trangsuc/vendor/laravel/framework/src/Illuminate/Pipeline/Pipeline.php(219): Illuminate/Foundation/Http/Middleware/TrimStrings->handle(Object(Illuminate/Http/Request), Object(Closure))
#46 E:/website_trangsuc/laptrinhweb_thi_website_trangsuc/vendor/laravel/framework/src/Illuminate/Http/Middleware/ValidatePostSize.php(27): Illuminate/Pipeline/Pipeline->Illuminate/Pipeline/{closure}(Object(Illuminate/Http/Request))
#47 E:/website_trangsuc/laptrinhweb_thi_website_trangsuc/vendor/laravel/framework/src/Illuminate/Pipeline/Pipeline.php(219): Illuminate/Http/Middleware/ValidatePostSize->handle(Object(Illuminate/Http/Request), Object(Closure))
#48 E:/website_trangsuc/laptrinhweb_thi_website_trangsuc/vendor/laravel/framework/src/Illuminate/Foundation/Http/Middleware/PreventRequestsDuringMaintenance.php(109): Illuminate/Pipeline/Pipeline->Illuminate/Pipeline/{closure}(Object(Illuminate/Http/Request))
#49 E:/website_trangsuc/laptrinhweb_thi_website_trangsuc/vendor/laravel/framework/src/Illuminate/Pipeline/Pipeline.php(219): Illuminate/Foundation/Http/Middleware/PreventRequestsDuringMaintenance->handle(Object(Illuminate/Http/Request), Object(Closure))
#50 E:/website_trangsuc/laptrinhweb_thi_website_trangsuc/vendor/laravel/framework/src/Illuminate/Http/Middleware/HandleCors.php(61): Illuminate/Pipeline/Pipeline->Illuminate/Pipeline/{closure}(Object(Illuminate/Http/Request))
#51 E:/website_trangsuc/laptrinhweb_thi_website_trangsuc/vendor/laravel/framework/src/Illuminate/Pipeline/Pipeline.php(219): Illuminate/Http/Middleware/HandleCors->handle(Object(Illuminate/Http/Request), Object(Closure))
#52 E:/website_trangsuc/laptrinhweb_thi_website_trangsuc/vendor/laravel/framework/src/Illuminate/Http/Middleware/TrustProxies.php(58): Illuminate/Pipeline/Pipeline->Illuminate/Pipeline/{closure}(Object(Illuminate/Http/Request))
#53 E:/website_trangsuc/laptrinhweb_thi_website_trangsuc/vendor/laravel/framework/src/Illuminate/Pipeline/Pipeline.php(219): Illuminate/Http/Middleware/TrustProxies->handle(Object(Illuminate/Http/Request), Object(Closure))
#54 E:/website_trangsuc/laptrinhweb_thi_website_trangsuc/vendor/laravel/framework/src/Illuminate/Foundation/Http/Middleware/InvokeDeferredCallbacks.php(22): Illuminate/Pipeline/Pipeline->Illuminate/Pipeline/{closure}(Object(Illuminate/Http/Request))
#55 E:/website_trangsuc/laptrinhweb_thi_website_trangsuc/vendor/laravel/framework/src/Illuminate/Pipeline/Pipeline.php(219): Illuminate/Foundation/Http/Middleware/InvokeDeferredCallbacks->handle(Object(Illuminate/Http/Request), Object(Closure))
#56 E:/website_trangsuc/laptrinhweb_thi_website_trangsuc/vendor/laravel/framework/src/Illuminate/Http/Middleware/ValidatePathEncoding.php(26): Illuminate/Pipeline/Pipeline->Illuminate/Pipeline/{closure}(Object(Illuminate/Http/Request))
#57 E:/website_trangsuc/laptrinhweb_thi_website_trangsuc/vendor/laravel/framework/src/Illuminate/Pipeline/Pipeline.php(219): Illuminate/Http/Middleware/ValidatePathEncoding->handle(Object(Illuminate/Http/Request), Object(Closure))
#58 E:/website_trangsuc/laptrinhweb_thi_website_trangsuc/vendor/laravel/framework/src/Illuminate/Pipeline/Pipeline.php(137): Illuminate/Pipeline/Pipeline->Illuminate/Pipeline/{closure}(Object(Illuminate/Http/Request))
#59 E:/website_trangsuc/laptrinhweb_thi_website_trangsuc/vendor/laravel/framework/src/Illuminate/Foundation/Http/Kernel.php(175): Illuminate/Pipeline/Pipeline->then(Object(Closure))
#60 E:/website_trangsuc/laptrinhweb_thi_website_trangsuc/vendor/laravel/framework/src/Illuminate/Foundation/Http/Kernel.php(144): Illuminate/Foundation/Http/Kernel->sendRequestThroughRouter(Object(Illuminate/Http/Request))
#61 E:/website_trangsuc/laptrinhweb_thi_website_trangsuc/vendor/laravel/framework/src/Illuminate/Foundation/Application.php(1220): Illuminate/Foundation/Http/Kernel->handle(Object(Illuminate/Http/Request))
#62 E:/website_trangsuc/laptrinhweb_thi_website_trangsuc/public/index.php(20): Illuminate/Foundation/Application->handleRequest(Object(Illuminate/Http/Request))
#63 E:/website_trangsuc/laptrinhweb_thi_website_trangsuc/vendor/laravel/framework/src/Illuminate/Foundation/resources/server.php(23): require_once('E://website_tran...')
#64 {main}

[previous exception] [object] (Illuminate\\Database\\QueryException(code: 2002): SQLSTATE[HY000] [2002] No connection could be made because the target machine actively refused it (Connection: mysql, Host: 127.0.0.1, Port: 3306, Database: webshop_trangsuc, SQL: select * from `Banner` where `TrangThai` = 1) at E:/website_trangsuc/laptrinhweb_thi_website_trangsuc/vendor/laravel/framework/src/Illuminate/Database/Connection.php:838)
[stacktrace]
#0 E:/website_trangsuc/laptrinhweb_thi_website_trangsuc/vendor/laravel/framework/src/Illuminate/Database/Connection.php(999): Illuminate/Database/Connection->runQueryCallback('select * from `...', Array, Object(Closure))
#1 E:/website_trangsuc/laptrinhweb_thi_website_trangsuc/vendor/laravel/framework/src/Illuminate/Database/Connection.php(978): Illuminate/Database/Connection->tryAgainIfCausedByLostConnection(Object(Illuminate/Database/QueryException), 'select * from `...', Array, Object(Closure))
#2 E:/website_trangsuc/laptrinhweb_thi_website_trangsuc/vendor/laravel/framework/src/Illuminate/Database/Connection.php(796): Illuminate/Database/Connection->handleQueryException(Object(Illuminate/Database/QueryException), 'select * from `...', Array, Object(Closure))
#3 E:/website_trangsuc/laptrinhweb_thi_website_trangsuc/vendor/laravel/framework/src/Illuminate/Database/Connection.php(411): Illuminate/Database/Connection->run('select * from `...', Array, Object(Closure))
#4 E:/website_trangsuc/laptrinhweb_thi_website_trangsuc/vendor/laravel/framework/src/Illuminate/Database/Query/Builder.php(3505): Illuminate/Database/Connection->select('select * from `...', Array, true)
#5 E:/website_trangsuc/laptrinhweb_thi_website_trangsuc/vendor/laravel/framework/src/Illuminate/Database/Query/Builder.php(3490): Illuminate/Database/Query/Builder->runSelect()
#6 E:/website_trangsuc/laptrinhweb_thi_website_trangsuc/vendor/laravel/framework/src/Illuminate/Database/Query/Builder.php(4080): Illuminate/Database/Query/Builder->Illuminate/Database/Query/{closure}()
#7 E:/website_trangsuc/laptrinhweb_thi_website_trangsuc/vendor/laravel/framework/src/Illuminate/Database/Query/Builder.php(3489): Illuminate/Database/Query/Builder->onceWithColumns(Array, Object(Closure))
#8 E:/website_trangsuc/laptrinhweb_thi_website_trangsuc/storage/framework/views/a4e272f84a7cba3fef1131c74cdce1cb.php(2): Illuminate/Database/Query/Builder->get()
#9 E:/website_trangsuc/laptrinhweb_thi_website_trangsuc/vendor/laravel/framework/src/Illuminate/Filesystem/Filesystem.php(123): require('E://website_tran...')
#10 E:/website_trangsuc/laptrinhweb_thi_website_trangsuc/vendor/laravel/framework/src/Illuminate/Filesystem/Filesystem.php(124): Illuminate/Filesystem/Filesystem::Illuminate/Filesystem/{closure}()
#11 E:/website_trangsuc/laptrinhweb_thi_website_trangsuc/vendor/laravel/framework/src/Illuminate/View/Engines/PhpEngine.php(57): Illuminate/Filesystem/Filesystem->getRequire('E://website_tran...', Array)
#12 E:/website_trangsuc/laptrinhweb_thi_website_trangsuc/vendor/laravel/framework/src/Illuminate/View/Engines/CompilerEngine.php(76): Illuminate/View/Engines/PhpEngine->evaluatePath('E://website_tran...', Array)
#13 E:/website_trangsuc/laptrinhweb_thi_website_trangsuc/vendor/laravel/framework/src/Illuminate/View/View.php(208): Illuminate/View/Engines/CompilerEngine->get('E://website_tran...', Array)
#14 E:/website_trangsuc/laptrinhweb_thi_website_trangsuc/vendor/laravel/framework/src/Illuminate/View/View.php(191): Illuminate/View/View->getContents()
#15 E:/website_trangsuc/laptrinhweb_thi_website_trangsuc/vendor/laravel/framework/src/Illuminate/View/View.php(160): Illuminate/View/View->renderContents()
#16 E:/website_trangsuc/laptrinhweb_thi_website_trangsuc/vendor/laravel/framework/src/Illuminate/View/Concerns/ManagesComponents.php(103): Illuminate/View/View->render()
#17 E:/website_trangsuc/laptrinhweb_thi_website_trangsuc/storage/framework/views/6464a70f796b9492a1dc89a8afa00e50.php(13): Illuminate/View/Factory->renderComponent()
#18 E:/website_trangsuc/laptrinhweb_thi_website_trangsuc/vendor/laravel/framework/src/Illuminate/Filesystem/Filesystem.php(123): require('E://website_tran...')
#19 E:/website_trangsuc/laptrinhweb_thi_website_trangsuc/vendor/laravel/framework/src/Illuminate/Filesystem/Filesystem.php(124): Illuminate/Filesystem/Filesystem::Illuminate/Filesystem/{closure}()
#20 E:/website_trangsuc/laptrinhweb_thi_website_trangsuc/vendor/laravel/framework/src/Illuminate/View/Engines/PhpEngine.php(57): Illuminate/Filesystem/Filesystem->getRequire('E://website_tran...', Array)
#21 E:/website_trangsuc/laptrinhweb_thi_website_trangsuc/vendor/laravel/framework/src/Illuminate/View/Engines/CompilerEngine.php(76): Illuminate/View/Engines/PhpEngine->evaluatePath('E://website_tran...', Array)
#22 E:/website_trangsuc/laptrinhweb_thi_website_trangsuc/vendor/laravel/framework/src/Illuminate/View/View.php(208): Illuminate/View/Engines/CompilerEngine->get('E://website_tran...', Array)
#23 E:/website_trangsuc/laptrinhweb_thi_website_trangsuc/vendor/laravel/framework/src/Illuminate/View/View.php(191): Illuminate/View/View->getContents()
#24 E:/website_trangsuc/laptrinhweb_thi_website_trangsuc/vendor/laravel/framework/src/Illuminate/View/View.php(160): Illuminate/View/View->renderContents()
#25 E:/website_trangsuc/laptrinhweb_thi_website_trangsuc/vendor/laravel/framework/src/Illuminate/Http/Response.php(78): Illuminate/View/View->render()
#26 E:/website_trangsuc/laptrinhweb_thi_website_trangsuc/vendor/laravel/framework/src/Illuminate/Http/Response.php(34): Illuminate/Http/Response->setContent(Object(Illuminate/View/View))
#27 E:/website_trangsuc/laptrinhweb_thi_website_trangsuc/vendor/laravel/framework/src/Illuminate/Routing/Router.php(939): Illuminate/Http/Response->__construct(Object(Illuminate/View/View), 200, Array)
#28 E:/website_trangsuc/laptrinhweb_thi_website_trangsuc/vendor/laravel/framework/src/Illuminate/Routing/Router.php(906): Illuminate/Routing/Router::toResponse(Object(Illuminate/Http/Request), Object(Illuminate/View/View))
#29 E:/website_trangsuc/laptrinhweb_thi_website_trangsuc/vendor/laravel/framework/src/Illuminate/Routing/Router.php(821): Illuminate/Routing/Router->prepareResponse(Object(Illuminate/Http/Request), Object(Illuminate/View/View))
#30 E:/website_trangsuc/laptrinhweb_thi_website_trangsuc/vendor/laravel/framework/src/Illuminate/Pipeline/Pipeline.php(180): Illuminate/Routing/Router->Illuminate/Routing/{closure}(Object(Illuminate/Http/Request))
#31 E:/website_trangsuc/laptrinhweb_thi_website_trangsuc/vendor/laravel/framework/src/Illuminate/Routing/Middleware/SubstituteBindings.php(50): Illuminate/Pipeline/Pipeline->Illuminate/Pipeline/{closure}(Object(Illuminate/Http/Request))
#32 E:/website_trangsuc/laptrinhweb_thi_website_trangsuc/vendor/laravel/framework/src/Illuminate/Pipeline/Pipeline.php(219): Illuminate/Routing/Middleware/SubstituteBindings->handle(Object(Illuminate/Http/Request), Object(Closure))
#33 E:/website_trangsuc/laptrinhweb_thi_website_trangsuc/vendor/laravel/framework/src/Illuminate/Foundation/Http/Middleware/VerifyCsrfToken.php(87): Illuminate/Pipeline/Pipeline->Illuminate/Pipeline/{closure}(Object(Illuminate/Http/Request))
#34 E:/website_trangsuc/laptrinhweb_thi_website_trangsuc/vendor/laravel/framework/src/Illuminate/Pipeline/Pipeline.php(219): Illuminate/Foundation/Http/Middleware/VerifyCsrfToken->handle(Object(Illuminate/Http/Request), Object(Closure))
#35 E:/website_trangsuc/laptrinhweb_thi_website_trangsuc/vendor/laravel/framework/src/Illuminate/View/Middleware/ShareErrorsFromSession.php(48): Illuminate/Pipeline/Pipeline->Illuminate/Pipeline/{closure}(Object(Illuminate/Http/Request))
#36 E:/website_trangsuc/laptrinhweb_thi_website_trangsuc/vendor/laravel/framework/src/Illuminate/Pipeline/Pipeline.php(219): Illuminate/View/Middleware/ShareErrorsFromSession->handle(Object(Illuminate/Http/Request), Object(Closure))
#37 E:/website_trangsuc/laptrinhweb_thi_website_trangsuc/vendor/laravel/framework/src/Illuminate/Session/Middleware/StartSession.php(120): Illuminate/Pipeline/Pipeline->Illuminate/Pipeline/{closure}(Object(Illuminate/Http/Request))
#38 E:/website_trangsuc/laptrinhweb_thi_website_trangsuc/vendor/laravel/framework/src/Illuminate/Session/Middleware/StartSession.php(63): Illuminate/Session/Middleware/StartSession->handleStatefulRequest(Object(Illuminate/Http/Request), Object(Illuminate/Session/Store), Object(Closure))
#39 E:/website_trangsuc/laptrinhweb_thi_website_trangsuc/vendor/laravel/framework/src/Illuminate/Pipeline/Pipeline.php(219): Illuminate/Session/Middleware/StartSession->handle(Object(Illuminate/Http/Request), Object(Closure))
#40 E:/website_trangsuc/laptrinhweb_thi_website_trangsuc/vendor/laravel/framework/src/Illuminate/Cookie/Middleware/AddQueuedCookiesToResponse.php(36): Illuminate/Pipeline/Pipeline->Illuminate/Pipeline/{closure}(Object(Illuminate/Http/Request))
#41 E:/website_trangsuc/laptrinhweb_thi_website_trangsuc/vendor/laravel/framework/src/Illuminate/Pipeline/Pipeline.php(219): Illuminate/Cookie/Middleware/AddQueuedCookiesToResponse->handle(Object(Illuminate/Http/Request), Object(Closure))
#42 E:/website_trangsuc/laptrinhweb_thi_website_trangsuc/vendor/laravel/framework/src/Illuminate/Cookie/Middleware/EncryptCookies.php(74): Illuminate/Pipeline/Pipeline->Illuminate/Pipeline/{closure}(Object(Illuminate/Http/Request))
#43 E:/website_trangsuc/laptrinhweb_thi_website_trangsuc/vendor/laravel/framework/src/Illuminate/Pipeline/Pipeline.php(219): Illuminate/Cookie/Middleware/EncryptCookies->handle(Object(Illuminate/Http/Request), Object(Closure))
#44 E:/website_trangsuc/laptrinhweb_thi_website_trangsuc/vendor/laravel/framework/src/Illuminate/Pipeline/Pipeline.php(137): Illuminate/Pipeline/Pipeline->Illuminate/Pipeline/{closure}(Object(Illuminate/Http/Request))
#45 E:/website_trangsuc/laptrinhweb_thi_website_trangsuc/vendor/laravel/framework/src/Illuminate/Routing/Router.php(821): Illuminate/Pipeline/Pipeline->then(Object(Closure))
#46 E:/website_trangsuc/laptrinhweb_thi_website_trangsuc/vendor/laravel/framework/src/Illuminate/Routing/Router.php(800): Illuminate/Routing/Router->runRouteWithinStack(Object(Illuminate/Routing/Route), Object(Illuminate/Http/Request))
#47 E:/website_trangsuc/laptrinhweb_thi_website_trangsuc/vendor/laravel/framework/src/Illuminate/Routing/Router.php(764): Illuminate/Routing/Router->runRoute(Object(Illuminate/Http/Request), Object(Illuminate/Routing/Route))
#48 E:/website_trangsuc/laptrinhweb_thi_website_trangsuc/vendor/laravel/framework/src/Illuminate/Routing/Router.php(753): Illuminate/Routing/Router->dispatchToRoute(Object(Illuminate/Http/Request))
#49 E:/website_trangsuc/laptrinhweb_thi_website_trangsuc/vendor/laravel/framework/src/Illuminate/Foundation/Http/Kernel.php(200): Illuminate/Routing/Router->dispatch(Object(Illuminate/Http/Request))
#50 E:/website_trangsuc/laptrinhweb_thi_website_trangsuc/vendor/laravel/framework/src/Illuminate/Pipeline/Pipeline.php(180): Illuminate/Foundation/Http/Kernel->Illuminate/Foundation/Http/{closure}(Object(Illuminate/Http/Request))
#51 E:/website_trangsuc/laptrinhweb_thi_website_trangsuc/vendor/laravel/framework/src/Illuminate/Foundation/Http/Middleware/TransformsRequest.php(21): Illuminate/Pipeline/Pipeline->Illuminate/Pipeline/{closure}(Object(Illuminate/Http/Request))
#52 E:/website_trangsuc/laptrinhweb_thi_website_trangsuc/vendor/laravel/framework/src/Illuminate/Foundation/Http/Middleware/ConvertEmptyStringsToNull.php(31): Illuminate/Foundation/Http/Middleware/TransformsRequest->handle(Object(Illuminate/Http/Request), Object(Closure))
#53 E:/website_trangsuc/laptrinhweb_thi_website_trangsuc/vendor/laravel/framework/src/Illuminate/Pipeline/Pipeline.php(219): Illuminate/Foundation/Http/Middleware/ConvertEmptyStringsToNull->handle(Object(Illuminate/Http/Request), Object(Closure))
#54 E:/website_trangsuc/laptrinhweb_thi_website_trangsuc/vendor/laravel/framework/src/Illuminate/Foundation/Http/Middleware/TransformsRequest.php(21): Illuminate/Pipeline/Pipeline->Illuminate/Pipeline/{closure}(Object(Illuminate/Http/Request))
#55 E:/website_trangsuc/laptrinhweb_thi_website_trangsuc/vendor/laravel/framework/src/Illuminate/Foundation/Http/Middleware/TrimStrings.php(51): Illuminate/Foundation/Http/Middleware/TransformsRequest->handle(Object(Illuminate/Http/Request), Object(Closure))
#56 E:/website_trangsuc/laptrinhweb_thi_website_trangsuc/vendor/laravel/framework/src/Illuminate/Pipeline/Pipeline.php(219): Illuminate/Foundation/Http/Middleware/TrimStrings->handle(Object(Illuminate/Http/Request), Object(Closure))
#57 E:/website_trangsuc/laptrinhweb_thi_website_trangsuc/vendor/laravel/framework/src/Illuminate/Http/Middleware/ValidatePostSize.php(27): Illuminate/Pipeline/Pipeline->Illuminate/Pipeline/{closure}(Object(Illuminate/Http/Request))
#58 E:/website_trangsuc/laptrinhweb_thi_website_trangsuc/vendor/laravel/framework/src/Illuminate/Pipeline/Pipeline.php(219): Illuminate/Http/Middleware/ValidatePostSize->handle(Object(Illuminate/Http/Request), Object(Closure))
#59 E:/website_trangsuc/laptrinhweb_thi_website_trangsuc/vendor/laravel/framework/src/Illuminate/Foundation/Http/Middleware/PreventRequestsDuringMaintenance.php(109): Illuminate/Pipeline/Pipeline->Illuminate/Pipeline/{closure}(Object(Illuminate/Http/Request))
#60 E:/website_trangsuc/laptrinhweb_thi_website_trangsuc/vendor/laravel/framework/src/Illuminate/Pipeline/Pipeline.php(219): Illuminate/Foundation/Http/Middleware/PreventRequestsDuringMaintenance->handle(Object(Illuminate/Http/Request), Object(Closure))
#61 E:/website_trangsuc/laptrinhweb_thi_website_trangsuc/vendor/laravel/framework/src/Illuminate/Http/Middleware/HandleCors.php(61): Illuminate/Pipeline/Pipeline->Illuminate/Pipeline/{closure}(Object(Illuminate/Http/Request))
#62 E:/website_trangsuc/laptrinhweb_thi_website_trangsuc/vendor/laravel/framework/src/Illuminate/Pipeline/Pipeline.php(219): Illuminate/Http/Middleware/HandleCors->handle(Object(Illuminate/Http/Request), Object(Closure))
#63 E:/website_trangsuc/laptrinhweb_thi_website_trangsuc/vendor/laravel/framework/src/Illuminate/Http/Middleware/TrustProxies.php(58): Illuminate/Pipeline/Pipeline->Illuminate/Pipeline/{closure}(Object(Illuminate/Http/Request))
#64 E:/website_trangsuc/laptrinhweb_thi_website_trangsuc/vendor/laravel/framework/src/Illuminate/Pipeline/Pipeline.php(219): Illuminate/Http/Middleware/TrustProxies->handle(Object(Illuminate/Http/Request), Object(Closure))
#65 E:/website_trangsuc/laptrinhweb_thi_website_trangsuc/vendor/laravel/framework/src/Illuminate/Foundation/Http/Middleware/InvokeDeferredCallbacks.php(22): Illuminate/Pipeline/Pipeline->Illuminate/Pipeline/{closure}(Object(Illuminate/Http/Request))
#66 E:/website_trangsuc/laptrinhweb_thi_website_trangsuc/vendor/laravel/framework/src/Illuminate/Pipeline/Pipeline.php(219): Illuminate/Foundation/Http/Middleware/InvokeDeferredCallbacks->handle(Object(Illuminate/Http/Request), Object(Closure))
#67 E:/website_trangsuc/laptrinhweb_thi_website_trangsuc/vendor/laravel/framework/src/Illuminate/Http/Middleware/ValidatePathEncoding.php(26): Illuminate/Pipeline/Pipeline->Illuminate/Pipeline/{closure}(Object(Illuminate/Http/Request))
#68 E:/website_trangsuc/laptrinhweb_thi_website_trangsuc/vendor/laravel/framework/src/Illuminate/Pipeline/Pipeline.php(219): Illuminate/Http/Middleware/ValidatePathEncoding->handle(Object(Illuminate/Http/Request), Object(Closure))
#69 E:/website_trangsuc/laptrinhweb_thi_website_trangsuc/vendor/laravel/framework/src/Illuminate/Pipeline/Pipeline.php(137): Illuminate/Pipeline/Pipeline->Illuminate/Pipeline/{closure}(Object(Illuminate/Http/Request))
#70 E:/website_trangsuc/laptrinhweb_thi_website_trangsuc/vendor/laravel/framework/src/Illuminate/Foundation/Http/Kernel.php(175): Illuminate/Pipeline/Pipeline->then(Object(Closure))
#71 E:/website_trangsuc/laptrinhweb_thi_website_trangsuc/vendor/laravel/framework/src/Illuminate/Foundation/Http/Kernel.php(144): Illuminate/Foundation/Http/Kernel->sendRequestThroughRouter(Object(Illuminate/Http/Request))
#72 E:/website_trangsuc/laptrinhweb_thi_website_trangsuc/vendor/laravel/framework/src/Illuminate/Foundation/Application.php(1220): Illuminate/Foundation/Http/Kernel->handle(Object(Illuminate/Http/Request))
#73 E:/website_trangsuc/laptrinhweb_thi_website_trangsuc/public/index.php(20): Illuminate/Foundation/Application->handleRequest(Object(Illuminate/Http/Request))
#74 E:/website_trangsuc/laptrinhweb_thi_website_trangsuc/vendor/laravel/framework/src/Illuminate/Foundation/resources/server.php(23): require_once('E://website_tran...')
#75 {main}

[previous exception] [object] (PDOException(code: 2002): SQLSTATE[HY000] [2002] No connection could be made because the target machine actively refused it at E:/website_trangsuc/laptrinhweb_thi_website_trangsuc/vendor/laravel/framework/src/Illuminate/Database/Connectors/Connector.php:66)
[stacktrace]
#0 E:/website_trangsuc/laptrinhweb_thi_website_trangsuc/vendor/laravel/framework/src/Illuminate/Database/Connectors/Connector.php(66): PDO->__construct('mysql:host=127....', 'root', Object(SensitiveParameterValue), Array)
#1 E:/website_trangsuc/laptrinhweb_thi_website_trangsuc/vendor/laravel/framework/src/Illuminate/Database/Connectors/Connector.php(85): Illuminate/Database/Connectors/Connector->createPdoConnection('mysql:host=127....', 'root', Object(SensitiveParameterValue), Array)
#2 E:/website_trangsuc/laptrinhweb_thi_website_trangsuc/vendor/laravel/framework/src/Illuminate/Database/Connectors/Connector.php(48): Illuminate/Database/Connectors/Connector->tryAgainIfCausedByLostConnection(Object(PDOException), 'mysql:host=127....', 'root', Object(SensitiveParameterValue), Array)
#3 E:/website_trangsuc/laptrinhweb_thi_website_trangsuc/vendor/laravel/framework/src/Illuminate/Database/Connectors/MySqlConnector.php(24): Illuminate/Database/Connectors/Connector->createConnection('mysql:host=127....', Array, Array)
#4 E:/website_trangsuc/laptrinhweb_thi_website_trangsuc/vendor/laravel/framework/src/Illuminate/Database/Connectors/ConnectionFactory.php(186): Illuminate/Database/Connectors/MySqlConnector->connect(Array)
#5 [internal function]: Illuminate/Database/Connectors/ConnectionFactory->Illuminate/Database/Connectors/{closure}()
#6 E:/website_trangsuc/laptrinhweb_thi_website_trangsuc/vendor/laravel/framework/src/Illuminate/Database/Connection.php(1257): call_user_func(Object(Closure))
#7 E:/website_trangsuc/laptrinhweb_thi_website_trangsuc/vendor/laravel/framework/src/Illuminate/Database/Connection.php(1295): Illuminate/Database/Connection->getPdo()
#8 E:/website_trangsuc/laptrinhweb_thi_website_trangsuc/vendor/laravel/framework/src/Illuminate/Database/Connection.php(525): Illuminate/Database/Connection->getReadPdo()
#9 E:/website_trangsuc/laptrinhweb_thi_website_trangsuc/vendor/laravel/framework/src/Illuminate/Database/Connection.php(420): Illuminate/Database/Connection->getPdoForSelect(true)
#10 E:/website_trangsuc/laptrinhweb_thi_website_trangsuc/vendor/laravel/framework/src/Illuminate/Database/Connection.php(827): Illuminate/Database/Connection->Illuminate/Database/{closure}('select * from `...', Array)
#11 E:/website_trangsuc/laptrinhweb_thi_website_trangsuc/vendor/laravel/framework/src/Illuminate/Database/Connection.php(999): Illuminate/Database/Connection->runQueryCallback('select * from `...', Array, Object(Closure))
#12 E:/website_trangsuc/laptrinhweb_thi_website_trangsuc/vendor/laravel/framework/src/Illuminate/Database/Connection.php(978): Illuminate/Database/Connection->tryAgainIfCausedByLostConnection(Object(Illuminate/Database/QueryException), 'select * from `...', Array, Object(Closure))
#13 E:/website_trangsuc/laptrinhweb_thi_website_trangsuc/vendor/laravel/framework/src/Illuminate/Database/Connection.php(796): Illuminate/Database/Connection->handleQueryException(Object(Illuminate/Database/QueryException), 'select * from `...', Array, Object(Closure))
#14 E:/website_trangsuc/laptrinhweb_thi_website_trangsuc/vendor/laravel/framework/src/Illuminate/Database/Connection.php(411): Illuminate/Database/Connection->run('select * from `...', Array, Object(Closure))
#15 E:/website_trangsuc/laptrinhweb_thi_website_trangsuc/vendor/laravel/framework/src/Illuminate/Database/Query/Builder.php(3505): Illuminate/Database/Connection->select('select * from `...', Array, true)
#16 E:/website_trangsuc/laptrinhweb_thi_website_trangsuc/vendor/laravel/framework/src/Illuminate/Database/Query/Builder.php(3490): Illuminate/Database/Query/Builder->runSelect()
#17 E:/website_trangsuc/laptrinhweb_thi_website_trangsuc/vendor/laravel/framework/src/Illuminate/Database/Query/Builder.php(4080): Illuminate/Database/Query/Builder->Illuminate/Database/Query/{closure}()
#18 E:/website_trangsuc/laptrinhweb_thi_website_trangsuc/vendor/laravel/framework/src/Illuminate/Database/Query/Builder.php(3489): Illuminate/Database/Query/Builder->onceWithColumns(Array, Object(Closure))
#19 E:/website_trangsuc/laptrinhweb_thi_website_trangsuc/storage/framework/views/a4e272f84a7cba3fef1131c74cdce1cb.php(2): Illuminate/Database/Query/Builder->get()
#20 E:/website_trangsuc/laptrinhweb_thi_website_trangsuc/vendor/laravel/framework/src/Illuminate/Filesystem/Filesystem.php(123): require('E://website_tran...')
#21 E:/website_trangsuc/laptrinhweb_thi_website_trangsuc/vendor/laravel/framework/src/Illuminate/Filesystem/Filesystem.php(124): Illuminate/Filesystem/Filesystem::Illuminate/Filesystem/{closure}()
#22 E:/website_trangsuc/laptrinhweb_thi_website_trangsuc/vendor/laravel/framework/src/Illuminate/View/Engines/PhpEngine.php(57): Illuminate/Filesystem/Filesystem->getRequire('E://website_tran...', Array)
#23 E:/website_trangsuc/laptrinhweb_thi_website_trangsuc/vendor/laravel/framework/src/Illuminate/View/Engines/CompilerEngine.php(76): Illuminate/View/Engines/PhpEngine->evaluatePath('E://website_tran...', Array)
#24 E:/website_trangsuc/laptrinhweb_thi_website_trangsuc/vendor/laravel/framework/src/Illuminate/View/View.php(208): Illuminate/View/Engines/CompilerEngine->get('E://website_tran...', Array)
#25 E:/website_trangsuc/laptrinhweb_thi_website_trangsuc/vendor/laravel/framework/src/Illuminate/View/View.php(191): Illuminate/View/View->getContents()
#26 E:/website_trangsuc/laptrinhweb_thi_website_trangsuc/vendor/laravel/framework/src/Illuminate/View/View.php(160): Illuminate/View/View->renderContents()
#27 E:/website_trangsuc/laptrinhweb_thi_website_trangsuc/vendor/laravel/framework/src/Illuminate/View/Concerns/ManagesComponents.php(103): Illuminate/View/View->render()
#28 E:/website_trangsuc/laptrinhweb_thi_website_trangsuc/storage/framework/views/6464a70f796b9492a1dc89a8afa00e50.php(13): Illuminate/View/Factory->renderComponent()
#29 E:/website_trangsuc/laptrinhweb_thi_website_trangsuc/vendor/laravel/framework/src/Illuminate/Filesystem/Filesystem.php(123): require('E://website_tran...')
#30 E:/website_trangsuc/laptrinhweb_thi_website_trangsuc/vendor/laravel/framework/src/Illuminate/Filesystem/Filesystem.php(124): Illuminate/Filesystem/Filesystem::Illuminate/Filesystem/{closure}()
#31 E:/website_trangsuc/laptrinhweb_thi_website_trangsuc/vendor/laravel/framework/src/Illuminate/View/Engines/PhpEngine.php(57): Illuminate/Filesystem/Filesystem->getRequire('E://website_tran...', Array)
#32 E:/website_trangsuc/laptrinhweb_thi_website_trangsuc/vendor/laravel/framework/src/Illuminate/View/Engines/CompilerEngine.php(76): Illuminate/View/Engines/PhpEngine->evaluatePath('E://website_tran...', Array)
#33 E:/website_trangsuc/laptrinhweb_thi_website_trangsuc/vendor/laravel/framework/src/Illuminate/View/View.php(208): Illuminate/View/Engines/CompilerEngine->get('E://website_tran...', Array)
#34 E:/website_trangsuc/laptrinhweb_thi_website_trangsuc/vendor/laravel/framework/src/Illuminate/View/View.php(191): Illuminate/View/View->getContents()
#35 E:/website_trangsuc/laptrinhweb_thi_website_trangsuc/vendor/laravel/framework/src/Illuminate/View/View.php(160): Illuminate/View/View->renderContents()
#36 E:/website_trangsuc/laptrinhweb_thi_website_trangsuc/vendor/laravel/framework/src/Illuminate/Http/Response.php(78): Illuminate/View/View->render()
#37 E:/website_trangsuc/laptrinhweb_thi_website_trangsuc/vendor/laravel/framework/src/Illuminate/Http/Response.php(34): Illuminate/Http/Response->setContent(Object(Illuminate/View/View))
#38 E:/website_trangsuc/laptrinhweb_thi_website_trangsuc/vendor/laravel/framework/src/Illuminate/Routing/Router.php(939): Illuminate/Http/Response->__construct(Object(Illuminate/View/View), 200, Array)
#39 E:/website_trangsuc/laptrinhweb_thi_website_trangsuc/vendor/laravel/framework/src/Illuminate/Routing/Router.php(906): Illuminate/Routing/Router::toResponse(Object(Illuminate/Http/Request), Object(Illuminate/View/View))
#40 E:/website_trangsuc/laptrinhweb_thi_website_trangsuc/vendor/laravel/framework/src/Illuminate/Routing/Router.php(821): Illuminate/Routing/Router->prepareResponse(Object(Illuminate/Http/Request), Object(Illuminate/View/View))
#41 E:/website_trangsuc/laptrinhweb_thi_website_trangsuc/vendor/laravel/framework/src/Illuminate/Pipeline/Pipeline.php(180): Illuminate/Routing/Router->Illuminate/Routing/{closure}(Object(Illuminate/Http/Request))
#42 E:/website_trangsuc/laptrinhweb_thi_website_trangsuc/vendor/laravel/framework/src/Illuminate/Routing/Middleware/SubstituteBindings.php(50): Illuminate/Pipeline/Pipeline->Illuminate/Pipeline/{closure}(Object(Illuminate/Http/Request))
#43 E:/website_trangsuc/laptrinhweb_thi_website_trangsuc/vendor/laravel/framework/src/Illuminate/Pipeline/Pipeline.php(219): Illuminate/Routing/Middleware/SubstituteBindings->handle(Object(Illuminate/Http/Request), Object(Closure))
#44 E:/website_trangsuc/laptrinhweb_thi_website_trangsuc/vendor/laravel/framework/src/Illuminate/Foundation/Http/Middleware/VerifyCsrfToken.php(87): Illuminate/Pipeline/Pipeline->Illuminate/Pipeline/{closure}(Object(Illuminate/Http/Request))
#45 E:/website_trangsuc/laptrinhweb_thi_website_trangsuc/vendor/laravel/framework/src/Illuminate/Pipeline/Pipeline.php(219): Illuminate/Foundation/Http/Middleware/VerifyCsrfToken->handle(Object(Illuminate/Http/Request), Object(Closure))
#46 E:/website_trangsuc/laptrinhweb_thi_website_trangsuc/vendor/laravel/framework/src/Illuminate/View/Middleware/ShareErrorsFromSession.php(48): Illuminate/Pipeline/Pipeline->Illuminate/Pipeline/{closure}(Object(Illuminate/Http/Request))
#47 E:/website_trangsuc/laptrinhweb_thi_website_trangsuc/vendor/laravel/framework/src/Illuminate/Pipeline/Pipeline.php(219): Illuminate/View/Middleware/ShareErrorsFromSession->handle(Object(Illuminate/Http/Request), Object(Closure))
#48 E:/website_trangsuc/laptrinhweb_thi_website_trangsuc/vendor/laravel/framework/src/Illuminate/Session/Middleware/StartSession.php(120): Illuminate/Pipeline/Pipeline->Illuminate/Pipeline/{closure}(Object(Illuminate/Http/Request))
#49 E:/website_trangsuc/laptrinhweb_thi_website_trangsuc/vendor/laravel/framework/src/Illuminate/Session/Middleware/StartSession.php(63): Illuminate/Session/Middleware/StartSession->handleStatefulRequest(Object(Illuminate/Http/Request), Object(Illuminate/Session/Store), Object(Closure))
#50 E:/website_trangsuc/laptrinhweb_thi_website_trangsuc/vendor/laravel/framework/src/Illuminate/Pipeline/Pipeline.php(219): Illuminate/Session/Middleware/StartSession->handle(Object(Illuminate/Http/Request), Object(Closure))
#51 E:/website_trangsuc/laptrinhweb_thi_website_trangsuc/vendor/laravel/framework/src/Illuminate/Cookie/Middleware/AddQueuedCookiesToResponse.php(36): Illuminate/Pipeline/Pipeline->Illuminate/Pipeline/{closure}(Object(Illuminate/Http/Request))
#52 E:/website_trangsuc/laptrinhweb_thi_website_trangsuc/vendor/laravel/framework/src/Illuminate/Pipeline/Pipeline.php(219): Illuminate/Cookie/Middleware/AddQueuedCookiesToResponse->handle(Object(Illuminate/Http/Request), Object(Closure))
#53 E:/website_trangsuc/laptrinhweb_thi_website_trangsuc/vendor/laravel/framework/src/Illuminate/Cookie/Middleware/EncryptCookies.php(74): Illuminate/Pipeline/Pipeline->Illuminate/Pipeline/{closure}(Object(Illuminate/Http/Request))
#54 E:/website_trangsuc/laptrinhweb_thi_website_trangsuc/vendor/laravel/framework/src/Illuminate/Pipeline/Pipeline.php(219): Illuminate/Cookie/Middleware/EncryptCookies->handle(Object(Illuminate/Http/Request), Object(Closure))
#55 E:/website_trangsuc/laptrinhweb_thi_website_trangsuc/vendor/laravel/framework/src/Illuminate/Pipeline/Pipeline.php(137): Illuminate/Pipeline/Pipeline->Illuminate/Pipeline/{closure}(Object(Illuminate/Http/Request))
#56 E:/website_trangsuc/laptrinhweb_thi_website_trangsuc/vendor/laravel/framework/src/Illuminate/Routing/Router.php(821): Illuminate/Pipeline/Pipeline->then(Object(Closure))
#57 E:/website_trangsuc/laptrinhweb_thi_website_trangsuc/vendor/laravel/framework/src/Illuminate/Routing/Router.php(800): Illuminate/Routing/Router->runRouteWithinStack(Object(Illuminate/Routing/Route), Object(Illuminate/Http/Request))
#58 E:/website_trangsuc/laptrinhweb_thi_website_trangsuc/vendor/laravel/framework/src/Illuminate/Routing/Router.php(764): Illuminate/Routing/Router->runRoute(Object(Illuminate/Http/Request), Object(Illuminate/Routing/Route))
#59 E:/website_trangsuc/laptrinhweb_thi_website_trangsuc/vendor/laravel/framework/src/Illuminate/Routing/Router.php(753): Illuminate/Routing/Router->dispatchToRoute(Object(Illuminate/Http/Request))
#60 E:/website_trangsuc/laptrinhweb_thi_website_trangsuc/vendor/laravel/framework/src/Illuminate/Foundation/Http/Kernel.php(200): Illuminate/Routing/Router->dispatch(Object(Illuminate/Http/Request))
#61 E:/website_trangsuc/laptrinhweb_thi_website_trangsuc/vendor/laravel/framework/src/Illuminate/Pipeline/Pipeline.php(180): Illuminate/Foundation/Http/Kernel->Illuminate/Foundation/Http/{closure}(Object(Illuminate/Http/Request))
#62 E:/website_trangsuc/laptrinhweb_thi_website_trangsuc/vendor/laravel/framework/src/Illuminate/Foundation/Http/Middleware/TransformsRequest.php(21): Illuminate/Pipeline/Pipeline->Illuminate/Pipeline/{closure}(Object(Illuminate/Http/Request))
#63 E:/website_trangsuc/laptrinhweb_thi_website_trangsuc/vendor/laravel/framework/src/Illuminate/Foundation/Http/Middleware/ConvertEmptyStringsToNull.php(31): Illuminate/Foundation/Http/Middleware/TransformsRequest->handle(Object(Illuminate/Http/Request), Object(Closure))
#64 E:/website_trangsuc/laptrinhweb_thi_website_trangsuc/vendor/laravel/framework/src/Illuminate/Pipeline/Pipeline.php(219): Illuminate/Foundation/Http/Middleware/ConvertEmptyStringsToNull->handle(Object(Illuminate/Http/Request), Object(Closure))
#65 E:/website_trangsuc/laptrinhweb_thi_website_trangsuc/vendor/laravel/framework/src/Illuminate/Foundation/Http/Middleware/TransformsRequest.php(21): Illuminate/Pipeline/Pipeline->Illuminate/Pipeline/{closure}(Object(Illuminate/Http/Request))
#66 E:/website_trangsuc/laptrinhweb_thi_website_trangsuc/vendor/laravel/framework/src/Illuminate/Foundation/Http/Middleware/TrimStrings.php(51): Illuminate/Foundation/Http/Middleware/TransformsRequest->handle(Object(Illuminate/Http/Request), Object(Closure))
#67 E:/website_trangsuc/laptrinhweb_thi_website_trangsuc/vendor/laravel/framework/src/Illuminate/Pipeline/Pipeline.php(219): Illuminate/Foundation/Http/Middleware/TrimStrings->handle(Object(Illuminate/Http/Request), Object(Closure))
#68 E:/website_trangsuc/laptrinhweb_thi_website_trangsuc/vendor/laravel/framework/src/Illuminate/Http/Middleware/ValidatePostSize.php(27): Illuminate/Pipeline/Pipeline->Illuminate/Pipeline/{closure}(Object(Illuminate/Http/Request))
#69 E:/website_trangsuc/laptrinhweb_thi_website_trangsuc/vendor/laravel/framework/src/Illuminate/Pipeline/Pipeline.php(219): Illuminate/Http/Middleware/ValidatePostSize->handle(Object(Illuminate/Http/Request), Object(Closure))
#70 E:/website_trangsuc/laptrinhweb_thi_website_trangsuc/vendor/laravel/framework/src/Illuminate/Foundation/Http/Middleware/PreventRequestsDuringMaintenance.php(109): Illuminate/Pipeline/Pipeline->Illuminate/Pipeline/{closure}(Object(Illuminate/Http/Request))
#71 E:/website_trangsuc/laptrinhweb_thi_website_trangsuc/vendor/laravel/framework/src/Illuminate/Pipeline/Pipeline.php(219): Illuminate/Foundation/Http/Middleware/PreventRequestsDuringMaintenance->handle(Object(Illuminate/Http/Request), Object(Closure))
#72 E:/website_trangsuc/laptrinhweb_thi_website_trangsuc/vendor/laravel/framework/src/Illuminate/Http/Middleware/HandleCors.php(61): Illuminate/Pipeline/Pipeline->Illuminate/Pipeline/{closure}(Object(Illuminate/Http/Request))
#73 E:/website_trangsuc/laptrinhweb_thi_website_trangsuc/vendor/laravel/framework/src/Illuminate/Pipeline/Pipeline.php(219): Illuminate/Http/Middleware/HandleCors->handle(Object(Illuminate/Http/Request), Object(Closure))
#74 E:/website_trangsuc/laptrinhweb_thi_website_trangsuc/vendor/laravel/framework/src/Illuminate/Http/Middleware/TrustProxies.php(58): Illuminate/Pipeline/Pipeline->Illuminate/Pipeline/{closure}(Object(Illuminate/Http/Request))
#75 E:/website_trangsuc/laptrinhweb_thi_website_trangsuc/vendor/laravel/framework/src/Illuminate/Pipeline/Pipeline.php(219): Illuminate/Http/Middleware/TrustProxies->handle(Object(Illuminate/Http/Request), Object(Closure))
#76 E:/website_trangsuc/laptrinhweb_thi_website_trangsuc/vendor/laravel/framework/src/Illuminate/Foundation/Http/Middleware/InvokeDeferredCallbacks.php(22): Illuminate/Pipeline/Pipeline->Illuminate/Pipeline/{closure}(Object(Illuminate/Http/Request))
#77 E:/website_trangsuc/laptrinhweb_thi_website_trangsuc/vendor/laravel/framework/src/Illuminate/Pipeline/Pipeline.php(219): Illuminate/Foundation/Http/Middleware/InvokeDeferredCallbacks->handle(Object(Illuminate/Http/Request), Object(Closure))
#78 E:/website_trangsuc/laptrinhweb_thi_website_trangsuc/vendor/laravel/framework/src/Illuminate/Http/Middleware/ValidatePathEncoding.php(26): Illuminate/Pipeline/Pipeline->Illuminate/Pipeline/{closure}(Object(Illuminate/Http/Request))
#79 E:/website_trangsuc/laptrinhweb_thi_website_trangsuc/vendor/laravel/framework/src/Illuminate/Pipeline/Pipeline.php(219): Illuminate/Http/Middleware/ValidatePathEncoding->handle(Object(Illuminate/Http/Request), Object(Closure))
#80 E:/website_trangsuc/laptrinhweb_thi_website_trangsuc/vendor/laravel/framework/src/Illuminate/Pipeline/Pipeline.php(137): Illuminate/Pipeline/Pipeline->Illuminate/Pipeline/{closure}(Object(Illuminate/Http/Request))
#81 E:/website_trangsuc/laptrinhweb_thi_website_trangsuc/vendor/laravel/framework/src/Illuminate/Foundation/Http/Kernel.php(175): Illuminate/Pipeline/Pipeline->then(Object(Closure))
#82 E:/website_trangsuc/laptrinhweb_thi_website_trangsuc/vendor/laravel/framework/src/Illuminate/Foundation/Http/Kernel.php(144): Illuminate/Foundation/Http/Kernel->sendRequestThroughRouter(Object(Illuminate/Http/Request))
#83 E:/website_trangsuc/laptrinhweb_thi_website_trangsuc/vendor/laravel/framework/src/Illuminate/Foundation/Application.php(1220): Illuminate/Foundation/Http/Kernel->handle(Object(Illuminate/Http/Request))
#84 E:/website_trangsuc/laptrinhweb_thi_website_trangsuc/public/index.php(20): Illuminate/Foundation/Application->handleRequest(Object(Illuminate/Http/Request))
#85 E:/website_trangsuc/laptrinhweb_thi_website_trangsuc/vendor/laravel/framework/src/Illuminate/Foundation/resources/server.php(23): require_once('E://website_tran...')
#86 {main}
"} 
[2026-05-30 17:40:42] local.ERROR: SQLSTATE[HY000] [2002] No connection could be made because the target machine actively refused it (Connection: mysql, Host: 127.0.0.1, Port: 3306, Database: webshop_trangsuc, SQL: select * from `Banner` where `TrangThai` = 1) (View: E:\website_trangsuc\laptrinhweb_thi_website_trangsuc\resources\views\components\banner.blade.php) (View: E:\website_trangsuc\laptrinhweb_thi_website_trangsuc\resources\views\components\banner.blade.php) {"exception":"[object] (Illuminate\\View\\ViewException(code: 0): SQLSTATE[HY000] [2002] No connection could be made because the target machine actively refused it (Connection: mysql, Host: 127.0.0.1, Port: 3306, Database: webshop_trangsuc, SQL: select * from `Banner` where `TrangThai` = 1) (View: E:\\website_trangsuc\\laptrinhweb_thi_website_trangsuc\\resources\\views\\components\\banner.blade.php) (View: E:\\website_trangsuc\\laptrinhweb_thi_website_trangsuc\\resources\\views\\components\\banner.blade.php) at E:/website_trangsuc/laptrinhweb_thi_website_trangsuc/vendor/laravel/framework/src/Illuminate/Database/Connection.php:838)
[stacktrace]
#0 E:/website_trangsuc/laptrinhweb_thi_website_trangsuc/vendor/laravel/framework/src/Illuminate/View/Engines/PhpEngine.php(59): Illuminate/View/Engines/CompilerEngine->handleViewException(Object(Illuminate/View/ViewException), 1)
#1 E:/website_trangsuc/laptrinhweb_thi_website_trangsuc/vendor/laravel/framework/src/Illuminate/View/Engines/CompilerEngine.php(76): Illuminate/View/Engines/PhpEngine->evaluatePath('E://website_tran...', Array)
#2 E:/website_trangsuc/laptrinhweb_thi_website_trangsuc/vendor/laravel/framework/src/Illuminate/View/View.php(208): Illuminate/View/Engines/CompilerEngine->get('E://website_tran...', Array)
#3 E:/website_trangsuc/laptrinhweb_thi_website_trangsuc/vendor/laravel/framework/src/Illuminate/View/View.php(191): Illuminate/View/View->getContents()
#4 E:/website_trangsuc/laptrinhweb_thi_website_trangsuc/vendor/laravel/framework/src/Illuminate/View/View.php(160): Illuminate/View/View->renderContents()
#5 E:/website_trangsuc/laptrinhweb_thi_website_trangsuc/vendor/laravel/framework/src/Illuminate/Http/Response.php(78): Illuminate/View/View->render()
#6 E:/website_trangsuc/laptrinhweb_thi_website_trangsuc/vendor/laravel/framework/src/Illuminate/Http/Response.php(34): Illuminate/Http/Response->setContent(Object(Illuminate/View/View))
#7 E:/website_trangsuc/laptrinhweb_thi_website_trangsuc/vendor/laravel/framework/src/Illuminate/Routing/Router.php(939): Illuminate/Http/Response->__construct(Object(Illuminate/View/View), 200, Array)
#8 E:/website_trangsuc/laptrinhweb_thi_website_trangsuc/vendor/laravel/framework/src/Illuminate/Routing/Router.php(906): Illuminate/Routing/Router::toResponse(Object(Illuminate/Http/Request), Object(Illuminate/View/View))
#9 E:/website_trangsuc/laptrinhweb_thi_website_trangsuc/vendor/laravel/framework/src/Illuminate/Routing/Router.php(821): Illuminate/Routing/Router->prepareResponse(Object(Illuminate/Http/Request), Object(Illuminate/View/View))
#10 E:/website_trangsuc/laptrinhweb_thi_website_trangsuc/vendor/laravel/framework/src/Illuminate/Pipeline/Pipeline.php(180): Illuminate/Routing/Router->Illuminate/Routing/{closure}(Object(Illuminate/Http/Request))
#11 E:/website_trangsuc/laptrinhweb_thi_website_trangsuc/vendor/laravel/framework/src/Illuminate/Routing/Middleware/SubstituteBindings.php(50): Illuminate/Pipeline/Pipeline->Illuminate/Pipeline/{closure}(Object(Illuminate/Http/Request))
#12 E:/website_trangsuc/laptrinhweb_thi_website_trangsuc/vendor/laravel/framework/src/Illuminate/Pipeline/Pipeline.php(219): Illuminate/Routing/Middleware/SubstituteBindings->handle(Object(Illuminate/Http/Request), Object(Closure))
#13 E:/website_trangsuc/laptrinhweb_thi_website_trangsuc/vendor/laravel/framework/src/Illuminate/Foundation/Http/Middleware/VerifyCsrfToken.php(87): Illuminate/Pipeline/Pipeline->Illuminate/Pipeline/{closure}(Object(Illuminate/Http/Request))
#14 E:/website_trangsuc/laptrinhweb_thi_website_trangsuc/vendor/laravel/framework/src/Illuminate/Pipeline/Pipeline.php(219): Illuminate/Foundation/Http/Middleware/VerifyCsrfToken->handle(Object(Illuminate/Http/Request), Object(Closure))
#15 E:/website_trangsuc/laptrinhweb_thi_website_trangsuc/vendor/laravel/framework/src/Illuminate/View/Middleware/ShareErrorsFromSession.php(48): Illuminate/Pipeline/Pipeline->Illuminate/Pipeline/{closure}(Object(Illuminate/Http/Request))
#16 E:/website_trangsuc/laptrinhweb_thi_website_trangsuc/vendor/laravel/framework/src/Illuminate/Pipeline/Pipeline.php(219): Illuminate/View/Middleware/ShareErrorsFromSession->handle(Object(Illuminate/Http/Request), Object(Closure))
#17 E:/website_trangsuc/laptrinhweb_thi_website_trangsuc/vendor/laravel/framework/src/Illuminate/Session/Middleware/StartSession.php(120): Illuminate/Pipeline/Pipeline->Illuminate/Pipeline/{closure}(Object(Illuminate/Http/Request))
#18 E:/website_trangsuc/laptrinhweb_thi_website_trangsuc/vendor/laravel/framework/src/Illuminate/Session/Middleware/StartSession.php(63): Illuminate/Session/Middleware/StartSession->handleStatefulRequest(Object(Illuminate/Http/Request), Object(Illuminate/Session/Store), Object(Closure))
#19 E:/website_trangsuc/laptrinhweb_thi_website_trangsuc/vendor/laravel/framework/src/Illuminate/Pipeline/Pipeline.php(219): Illuminate/Session/Middleware/StartSession->handle(Object(Illuminate/Http/Request), Object(Closure))
#20 E:/website_trangsuc/laptrinhweb_thi_website_trangsuc/vendor/laravel/framework/src/Illuminate/Cookie/Middleware/AddQueuedCookiesToResponse.php(36): Illuminate/Pipeline/Pipeline->Illuminate/Pipeline/{closure}(Object(Illuminate/Http/Request))
#21 E:/website_trangsuc/laptrinhweb_thi_website_trangsuc/vendor/laravel/framework/src/Illuminate/Pipeline/Pipeline.php(219): Illuminate/Cookie/Middleware/AddQueuedCookiesToResponse->handle(Object(Illuminate/Http/Request), Object(Closure))
#22 E:/website_trangsuc/laptrinhweb_thi_website_trangsuc/vendor/laravel/framework/src/Illuminate/Cookie/Middleware/EncryptCookies.php(74): Illuminate/Pipeline/Pipeline->Illuminate/Pipeline/{closure}(Object(Illuminate/Http/Request))
#23 E:/website_trangsuc/laptrinhweb_thi_website_trangsuc/vendor/laravel/framework/src/Illuminate/Pipeline/Pipeline.php(219): Illuminate/Cookie/Middleware/EncryptCookies->handle(Object(Illuminate/Http/Request), Object(Closure))
#24 E:/website_trangsuc/laptrinhweb_thi_website_trangsuc/vendor/laravel/framework/src/Illuminate/Pipeline/Pipeline.php(137): Illuminate/Pipeline/Pipeline->Illuminate/Pipeline/{closure}(Object(Illuminate/Http/Request))
#25 E:/website_trangsuc/laptrinhweb_thi_website_trangsuc/vendor/laravel/framework/src/Illuminate/Routing/Router.php(821): Illuminate/Pipeline/Pipeline->then(Object(Closure))
#26 E:/website_trangsuc/laptrinhweb_thi_website_trangsuc/vendor/laravel/framework/src/Illuminate/Routing/Router.php(800): Illuminate/Routing/Router->runRouteWithinStack(Object(Illuminate/Routing/Route), Object(Illuminate/Http/Request))
#27 E:/website_trangsuc/laptrinhweb_thi_website_trangsuc/vendor/laravel/framework/src/Illuminate/Routing/Router.php(764): Illuminate/Routing/Router->runRoute(Object(Illuminate/Http/Request), Object(Illuminate/Routing/Route))
#28 E:/website_trangsuc/laptrinhweb_thi_website_trangsuc/vendor/laravel/framework/src/Illuminate/Routing/Router.php(753): Illuminate/Routing/Router->dispatchToRoute(Object(Illuminate/Http/Request))
#29 E:/website_trangsuc/laptrinhweb_thi_website_trangsuc/vendor/laravel/framework/src/Illuminate/Foundation/Http/Kernel.php(200): Illuminate/Routing/Router->dispatch(Object(Illuminate/Http/Request))
#30 E:/website_trangsuc/laptrinhweb_thi_website_trangsuc/vendor/laravel/framework/src/Illuminate/Pipeline/Pipeline.php(180): Illuminate/Foundation/Http/Kernel->Illuminate/Foundation/Http/{closure}(Object(Illuminate/Http/Request))
#31 E:/website_trangsuc/laptrinhweb_thi_website_trangsuc/vendor/laravel/framework/src/Illuminate/Foundation/Http/Middleware/TransformsRequest.php(21): Illuminate/Pipeline/Pipeline->Illuminate/Pipeline/{closure}(Object(Illuminate/Http/Request))
#32 E:/website_trangsuc/laptrinhweb_thi_website_trangsuc/vendor/laravel/framework/src/Illuminate/Foundation/Http/Middleware/ConvertEmptyStringsToNull.php(31): Illuminate/Foundation/Http/Middleware/TransformsRequest->handle(Object(Illuminate/Http/Request), Object(Closure))
#33 E:/website_trangsuc/laptrinhweb_thi_website_trangsuc/vendor/laravel/framework/src/Illuminate/Pipeline/Pipeline.php(219): Illuminate/Foundation/Http/Middleware/ConvertEmptyStringsToNull->handle(Object(Illuminate/Http/Request), Object(Closure))
#34 E:/website_trangsuc/laptrinhweb_thi_website_trangsuc/vendor/laravel/framework/src/Illuminate/Foundation/Http/Middleware/TransformsRequest.php(21): Illuminate/Pipeline/Pipeline->Illuminate/Pipeline/{closure}(Object(Illuminate/Http/Request))
#35 E:/website_trangsuc/laptrinhweb_thi_website_trangsuc/vendor/laravel/framework/src/Illuminate/Foundation/Http/Middleware/TrimStrings.php(51): Illuminate/Foundation/Http/Middleware/TransformsRequest->handle(Object(Illuminate/Http/Request), Object(Closure))
#36 E:/website_trangsuc/laptrinhweb_thi_website_trangsuc/vendor/laravel/framework/src/Illuminate/Pipeline/Pipeline.php(219): Illuminate/Foundation/Http/Middleware/TrimStrings->handle(Object(Illuminate/Http/Request), Object(Closure))
#37 E:/website_trangsuc/laptrinhweb_thi_website_trangsuc/vendor/laravel/framework/src/Illuminate/Http/Middleware/ValidatePostSize.php(27): Illuminate/Pipeline/Pipeline->Illuminate/Pipeline/{closure}(Object(Illuminate/Http/Request))
#38 E:/website_trangsuc/laptrinhweb_thi_website_trangsuc/vendor/laravel/framework/src/Illuminate/Pipeline/Pipeline.php(219): Illuminate/Http/Middleware/ValidatePostSize->handle(Object(Illuminate/Http/Request), Object(Closure))
#39 E:/website_trangsuc/laptrinhweb_thi_website_trangsuc/vendor/laravel/framework/src/Illuminate/Foundation/Http/Middleware/PreventRequestsDuringMaintenance.php(109): Illuminate/Pipeline/Pipeline->Illuminate/Pipeline/{closure}(Object(Illuminate/Http/Request))
#40 E:/website_trangsuc/laptrinhweb_thi_website_trangsuc/vendor/laravel/framework/src/Illuminate/Pipeline/Pipeline.php(219): Illuminate/Foundation/Http/Middleware/PreventRequestsDuringMaintenance->handle(Object(Illuminate/Http/Request), Object(Closure))
#41 E:/website_trangsuc/laptrinhweb_thi_website_trangsuc/vendor/laravel/framework/src/Illuminate/Http/Middleware/HandleCors.php(61): Illuminate/Pipeline/Pipeline->Illuminate/Pipeline/{closure}(Object(Illuminate/Http/Request))
#42 E:/website_trangsuc/laptrinhweb_thi_website_trangsuc/vendor/laravel/framework/src/Illuminate/Pipeline/Pipeline.php(219): Illuminate/Http/Middleware/HandleCors->handle(Object(Illuminate/Http/Request), Object(Closure))
#43 E:/website_trangsuc/laptrinhweb_thi_website_trangsuc/vendor/laravel/framework/src/Illuminate/Http/Middleware/TrustProxies.php(58): Illuminate/Pipeline/Pipeline->Illuminate/Pipeline/{closure}(Object(Illuminate/Http/Request))
#44 E:/website_trangsuc/laptrinhweb_thi_website_trangsuc/vendor/laravel/framework/src/Illuminate/Pipeline/Pipeline.php(219): Illuminate/Http/Middleware/TrustProxies->handle(Object(Illuminate/Http/Request), Object(Closure))
#45 E:/website_trangsuc/laptrinhweb_thi_website_trangsuc/vendor/laravel/framework/src/Illuminate/Foundation/Http/Middleware/InvokeDeferredCallbacks.php(22): Illuminate/Pipeline/Pipeline->Illuminate/Pipeline/{closure}(Object(Illuminate/Http/Request))
#46 E:/website_trangsuc/laptrinhweb_thi_website_trangsuc/vendor/laravel/framework/src/Illuminate/Pipeline/Pipeline.php(219): Illuminate/Foundation/Http/Middleware/InvokeDeferredCallbacks->handle(Object(Illuminate/Http/Request), Object(Closure))
#47 E:/website_trangsuc/laptrinhweb_thi_website_trangsuc/vendor/laravel/framework/src/Illuminate/Http/Middleware/ValidatePathEncoding.php(26): Illuminate/Pipeline/Pipeline->Illuminate/Pipeline/{closure}(Object(Illuminate/Http/Request))
#48 E:/website_trangsuc/laptrinhweb_thi_website_trangsuc/vendor/laravel/framework/src/Illuminate/Pipeline/Pipeline.php(219): Illuminate/Http/Middleware/ValidatePathEncoding->handle(Object(Illuminate/Http/Request), Object(Closure))
#49 E:/website_trangsuc/laptrinhweb_thi_website_trangsuc/vendor/laravel/framework/src/Illuminate/Pipeline/Pipeline.php(137): Illuminate/Pipeline/Pipeline->Illuminate/Pipeline/{closure}(Object(Illuminate/Http/Request))
#50 E:/website_trangsuc/laptrinhweb_thi_website_trangsuc/vendor/laravel/framework/src/Illuminate/Foundation/Http/Kernel.php(175): Illuminate/Pipeline/Pipeline->then(Object(Closure))
#51 E:/website_trangsuc/laptrinhweb_thi_website_trangsuc/vendor/laravel/framework/src/Illuminate/Foundation/Http/Kernel.php(144): Illuminate/Foundation/Http/Kernel->sendRequestThroughRouter(Object(Illuminate/Http/Request))
#52 E:/website_trangsuc/laptrinhweb_thi_website_trangsuc/vendor/laravel/framework/src/Illuminate/Foundation/Application.php(1220): Illuminate/Foundation/Http/Kernel->handle(Object(Illuminate/Http/Request))
#53 E:/website_trangsuc/laptrinhweb_thi_website_trangsuc/public/index.php(20): Illuminate/Foundation/Application->handleRequest(Object(Illuminate/Http/Request))
#54 E:/website_trangsuc/laptrinhweb_thi_website_trangsuc/vendor/laravel/framework/src/Illuminate/Foundation/resources/server.php(23): require_once('E://website_tran...')
#55 {main}

[previous exception] [object] (Illuminate\\View\\ViewException(code: 0): SQLSTATE[HY000] [2002] No connection could be made because the target machine actively refused it (Connection: mysql, Host: 127.0.0.1, Port: 3306, Database: webshop_trangsuc, SQL: select * from `Banner` where `TrangThai` = 1) (View: E:\\website_trangsuc\\laptrinhweb_thi_website_trangsuc\\resources\\views\\components\\banner.blade.php) at E:/website_trangsuc/laptrinhweb_thi_website_trangsuc/vendor/laravel/framework/src/Illuminate/Database/Connection.php:838)
[stacktrace]
#0 E:/website_trangsuc/laptrinhweb_thi_website_trangsuc/vendor/laravel/framework/src/Illuminate/View/Engines/PhpEngine.php(59): Illuminate/View/Engines/CompilerEngine->handleViewException(Object(Illuminate/Database/QueryException), 3)
#1 E:/website_trangsuc/laptrinhweb_thi_website_trangsuc/vendor/laravel/framework/src/Illuminate/View/Engines/CompilerEngine.php(76): Illuminate/View/Engines/PhpEngine->evaluatePath('E://website_tran...', Array)
#2 E:/website_trangsuc/laptrinhweb_thi_website_trangsuc/vendor/laravel/framework/src/Illuminate/View/View.php(208): Illuminate/View/Engines/CompilerEngine->get('E://website_tran...', Array)
#3 E:/website_trangsuc/laptrinhweb_thi_website_trangsuc/vendor/laravel/framework/src/Illuminate/View/View.php(191): Illuminate/View/View->getContents()
#4 E:/website_trangsuc/laptrinhweb_thi_website_trangsuc/vendor/laravel/framework/src/Illuminate/View/View.php(160): Illuminate/View/View->renderContents()
#5 E:/website_trangsuc/laptrinhweb_thi_website_trangsuc/vendor/laravel/framework/src/Illuminate/View/Concerns/ManagesComponents.php(103): Illuminate/View/View->render()
#6 E:/website_trangsuc/laptrinhweb_thi_website_trangsuc/storage/framework/views/6464a70f796b9492a1dc89a8afa00e50.php(13): Illuminate/View/Factory->renderComponent()
#7 E:/website_trangsuc/laptrinhweb_thi_website_trangsuc/vendor/laravel/framework/src/Illuminate/Filesystem/Filesystem.php(123): require('E://website_tran...')
#8 E:/website_trangsuc/laptrinhweb_thi_website_trangsuc/vendor/laravel/framework/src/Illuminate/Filesystem/Filesystem.php(124): Illuminate/Filesystem/Filesystem::Illuminate/Filesystem/{closure}()
#9 E:/website_trangsuc/laptrinhweb_thi_website_trangsuc/vendor/laravel/framework/src/Illuminate/View/Engines/PhpEngine.php(57): Illuminate/Filesystem/Filesystem->getRequire('E://website_tran...', Array)
#10 E:/website_trangsuc/laptrinhweb_thi_website_trangsuc/vendor/laravel/framework/src/Illuminate/View/Engines/CompilerEngine.php(76): Illuminate/View/Engines/PhpEngine->evaluatePath('E://website_tran...', Array)
#11 E:/website_trangsuc/laptrinhweb_thi_website_trangsuc/vendor/laravel/framework/src/Illuminate/View/View.php(208): Illuminate/View/Engines/CompilerEngine->get('E://website_tran...', Array)
#12 E:/website_trangsuc/laptrinhweb_thi_website_trangsuc/vendor/laravel/framework/src/Illuminate/View/View.php(191): Illuminate/View/View->getContents()
#13 E:/website_trangsuc/laptrinhweb_thi_website_trangsuc/vendor/laravel/framework/src/Illuminate/View/View.php(160): Illuminate/View/View->renderContents()
#14 E:/website_trangsuc/laptrinhweb_thi_website_trangsuc/vendor/laravel/framework/src/Illuminate/Http/Response.php(78): Illuminate/View/View->render()
#15 E:/website_trangsuc/laptrinhweb_thi_website_trangsuc/vendor/laravel/framework/src/Illuminate/Http/Response.php(34): Illuminate/Http/Response->setContent(Object(Illuminate/View/View))
#16 E:/website_trangsuc/laptrinhweb_thi_website_trangsuc/vendor/laravel/framework/src/Illuminate/Routing/Router.php(939): Illuminate/Http/Response->__construct(Object(Illuminate/View/View), 200, Array)
#17 E:/website_trangsuc/laptrinhweb_thi_website_trangsuc/vendor/laravel/framework/src/Illuminate/Routing/Router.php(906): Illuminate/Routing/Router::toResponse(Object(Illuminate/Http/Request), Object(Illuminate/View/View))
#18 E:/website_trangsuc/laptrinhweb_thi_website_trangsuc/vendor/laravel/framework/src/Illuminate/Routing/Router.php(821): Illuminate/Routing/Router->prepareResponse(Object(Illuminate/Http/Request), Object(Illuminate/View/View))
#19 E:/website_trangsuc/laptrinhweb_thi_website_trangsuc/vendor/laravel/framework/src/Illuminate/Pipeline/Pipeline.php(180): Illuminate/Routing/Router->Illuminate/Routing/{closure}(Object(Illuminate/Http/Request))
#20 E:/website_trangsuc/laptrinhweb_thi_website_trangsuc/vendor/laravel/framework/src/Illuminate/Routing/Middleware/SubstituteBindings.php(50): Illuminate/Pipeline/Pipeline->Illuminate/Pipeline/{closure}(Object(Illuminate/Http/Request))
#21 E:/website_trangsuc/laptrinhweb_thi_website_trangsuc/vendor/laravel/framework/src/Illuminate/Pipeline/Pipeline.php(219): Illuminate/Routing/Middleware/SubstituteBindings->handle(Object(Illuminate/Http/Request), Object(Closure))
#22 E:/website_trangsuc/laptrinhweb_thi_website_trangsuc/vendor/laravel/framework/src/Illuminate/Foundation/Http/Middleware/VerifyCsrfToken.php(87): Illuminate/Pipeline/Pipeline->Illuminate/Pipeline/{closure}(Object(Illuminate/Http/Request))
#23 E:/website_trangsuc/laptrinhweb_thi_website_trangsuc/vendor/laravel/framework/src/Illuminate/Pipeline/Pipeline.php(219): Illuminate/Foundation/Http/Middleware/VerifyCsrfToken->handle(Object(Illuminate/Http/Request), Object(Closure))
#24 E:/website_trangsuc/laptrinhweb_thi_website_trangsuc/vendor/laravel/framework/src/Illuminate/View/Middleware/ShareErrorsFromSession.php(48): Illuminate/Pipeline/Pipeline->Illuminate/Pipeline/{closure}(Object(Illuminate/Http/Request))
#25 E:/website_trangsuc/laptrinhweb_thi_website_trangsuc/vendor/laravel/framework/src/Illuminate/Pipeline/Pipeline.php(219): Illuminate/View/Middleware/ShareErrorsFromSession->handle(Object(Illuminate/Http/Request), Object(Closure))
#26 E:/website_trangsuc/laptrinhweb_thi_website_trangsuc/vendor/laravel/framework/src/Illuminate/Session/Middleware/StartSession.php(120): Illuminate/Pipeline/Pipeline->Illuminate/Pipeline/{closure}(Object(Illuminate/Http/Request))
#27 E:/website_trangsuc/laptrinhweb_thi_website_trangsuc/vendor/laravel/framework/src/Illuminate/Session/Middleware/StartSession.php(63): Illuminate/Session/Middleware/StartSession->handleStatefulRequest(Object(Illuminate/Http/Request), Object(Illuminate/Session/Store), Object(Closure))
#28 E:/website_trangsuc/laptrinhweb_thi_website_trangsuc/vendor/laravel/framework/src/Illuminate/Pipeline/Pipeline.php(219): Illuminate/Session/Middleware/StartSession->handle(Object(Illuminate/Http/Request), Object(Closure))
#29 E:/website_trangsuc/laptrinhweb_thi_website_trangsuc/vendor/laravel/framework/src/Illuminate/Cookie/Middleware/AddQueuedCookiesToResponse.php(36): Illuminate/Pipeline/Pipeline->Illuminate/Pipeline/{closure}(Object(Illuminate/Http/Request))
#30 E:/website_trangsuc/laptrinhweb_thi_website_trangsuc/vendor/laravel/framework/src/Illuminate/Pipeline/Pipeline.php(219): Illuminate/Cookie/Middleware/AddQueuedCookiesToResponse->handle(Object(Illuminate/Http/Request), Object(Closure))
#31 E:/website_trangsuc/laptrinhweb_thi_website_trangsuc/vendor/laravel/framework/src/Illuminate/Cookie/Middleware/EncryptCookies.php(74): Illuminate/Pipeline/Pipeline->Illuminate/Pipeline/{closure}(Object(Illuminate/Http/Request))
#32 E:/website_trangsuc/laptrinhweb_thi_website_trangsuc/vendor/laravel/framework/src/Illuminate/Pipeline/Pipeline.php(219): Illuminate/Cookie/Middleware/EncryptCookies->handle(Object(Illuminate/Http/Request), Object(Closure))
#33 E:/website_trangsuc/laptrinhweb_thi_website_trangsuc/vendor/laravel/framework/src/Illuminate/Pipeline/Pipeline.php(137): Illuminate/Pipeline/Pipeline->Illuminate/Pipeline/{closure}(Object(Illuminate/Http/Request))
#34 E:/website_trangsuc/laptrinhweb_thi_website_trangsuc/vendor/laravel/framework/src/Illuminate/Routing/Router.php(821): Illuminate/Pipeline/Pipeline->then(Object(Closure))
#35 E:/website_trangsuc/laptrinhweb_thi_website_trangsuc/vendor/laravel/framework/src/Illuminate/Routing/Router.php(800): Illuminate/Routing/Router->runRouteWithinStack(Object(Illuminate/Routing/Route), Object(Illuminate/Http/Request))
#36 E:/website_trangsuc/laptrinhweb_thi_website_trangsuc/vendor/laravel/framework/src/Illuminate/Routing/Router.php(764): Illuminate/Routing/Router->runRoute(Object(Illuminate/Http/Request), Object(Illuminate/Routing/Route))
#37 E:/website_trangsuc/laptrinhweb_thi_website_trangsuc/vendor/laravel/framework/src/Illuminate/Routing/Router.php(753): Illuminate/Routing/Router->dispatchToRoute(Object(Illuminate/Http/Request))
#38 E:/website_trangsuc/laptrinhweb_thi_website_trangsuc/vendor/laravel/framework/src/Illuminate/Foundation/Http/Kernel.php(200): Illuminate/Routing/Router->dispatch(Object(Illuminate/Http/Request))
#39 E:/website_trangsuc/laptrinhweb_thi_website_trangsuc/vendor/laravel/framework/src/Illuminate/Pipeline/Pipeline.php(180): Illuminate/Foundation/Http/Kernel->Illuminate/Foundation/Http/{closure}(Object(Illuminate/Http/Request))
#40 E:/website_trangsuc/laptrinhweb_thi_website_trangsuc/vendor/laravel/framework/src/Illuminate/Foundation/Http/Middleware/TransformsRequest.php(21): Illuminate/Pipeline/Pipeline->Illuminate/Pipeline/{closure}(Object(Illuminate/Http/Request))
#41 E:/website_trangsuc/laptrinhweb_thi_website_trangsuc/vendor/laravel/framework/src/Illuminate/Foundation/Http/Middleware/ConvertEmptyStringsToNull.php(31): Illuminate/Foundation/Http/Middleware/TransformsRequest->handle(Object(Illuminate/Http/Request), Object(Closure))
#42 E:/website_trangsuc/laptrinhweb_thi_website_trangsuc/vendor/laravel/framework/src/Illuminate/Pipeline/Pipeline.php(219): Illuminate/Foundation/Http/Middleware/ConvertEmptyStringsToNull->handle(Object(Illuminate/Http/Request), Object(Closure))
#43 E:/website_trangsuc/laptrinhweb_thi_website_trangsuc/vendor/laravel/framework/src/Illuminate/Foundation/Http/Middleware/TransformsRequest.php(21): Illuminate/Pipeline/Pipeline->Illuminate/Pipeline/{closure}(Object(Illuminate/Http/Request))
#44 E:/website_trangsuc/laptrinhweb_thi_website_trangsuc/vendor/laravel/framework/src/Illuminate/Foundation/Http/Middleware/TrimStrings.php(51): Illuminate/Foundation/Http/Middleware/TransformsRequest->handle(Object(Illuminate/Http/Request), Object(Closure))
#45 E:/website_trangsuc/laptrinhweb_thi_website_trangsuc/vendor/laravel/framework/src/Illuminate/Pipeline/Pipeline.php(219): Illuminate/Foundation/Http/Middleware/TrimStrings->handle(Object(Illuminate/Http/Request), Object(Closure))
#46 E:/website_trangsuc/laptrinhweb_thi_website_trangsuc/vendor/laravel/framework/src/Illuminate/Http/Middleware/ValidatePostSize.php(27): Illuminate/Pipeline/Pipeline->Illuminate/Pipeline/{closure}(Object(Illuminate/Http/Request))
#47 E:/website_trangsuc/laptrinhweb_thi_website_trangsuc/vendor/laravel/framework/src/Illuminate/Pipeline/Pipeline.php(219): Illuminate/Http/Middleware/ValidatePostSize->handle(Object(Illuminate/Http/Request), Object(Closure))
#48 E:/website_trangsuc/laptrinhweb_thi_website_trangsuc/vendor/laravel/framework/src/Illuminate/Foundation/Http/Middleware/PreventRequestsDuringMaintenance.php(109): Illuminate/Pipeline/Pipeline->Illuminate/Pipeline/{closure}(Object(Illuminate/Http/Request))
#49 E:/website_trangsuc/laptrinhweb_thi_website_trangsuc/vendor/laravel/framework/src/Illuminate/Pipeline/Pipeline.php(219): Illuminate/Foundation/Http/Middleware/PreventRequestsDuringMaintenance->handle(Object(Illuminate/Http/Request), Object(Closure))
#50 E:/website_trangsuc/laptrinhweb_thi_website_trangsuc/vendor/laravel/framework/src/Illuminate/Http/Middleware/HandleCors.php(61): Illuminate/Pipeline/Pipeline->Illuminate/Pipeline/{closure}(Object(Illuminate/Http/Request))
#51 E:/website_trangsuc/laptrinhweb_thi_website_trangsuc/vendor/laravel/framework/src/Illuminate/Pipeline/Pipeline.php(219): Illuminate/Http/Middleware/HandleCors->handle(Object(Illuminate/Http/Request), Object(Closure))
#52 E:/website_trangsuc/laptrinhweb_thi_website_trangsuc/vendor/laravel/framework/src/Illuminate/Http/Middleware/TrustProxies.php(58): Illuminate/Pipeline/Pipeline->Illuminate/Pipeline/{closure}(Object(Illuminate/Http/Request))
#53 E:/website_trangsuc/laptrinhweb_thi_website_trangsuc/vendor/laravel/framework/src/Illuminate/Pipeline/Pipeline.php(219): Illuminate/Http/Middleware/TrustProxies->handle(Object(Illuminate/Http/Request), Object(Closure))
#54 E:/website_trangsuc/laptrinhweb_thi_website_trangsuc/vendor/laravel/framework/src/Illuminate/Foundation/Http/Middleware/InvokeDeferredCallbacks.php(22): Illuminate/Pipeline/Pipeline->Illuminate/Pipeline/{closure}(Object(Illuminate/Http/Request))
#55 E:/website_trangsuc/laptrinhweb_thi_website_trangsuc/vendor/laravel/framework/src/Illuminate/Pipeline/Pipeline.php(219): Illuminate/Foundation/Http/Middleware/InvokeDeferredCallbacks->handle(Object(Illuminate/Http/Request), Object(Closure))
#56 E:/website_trangsuc/laptrinhweb_thi_website_trangsuc/vendor/laravel/framework/src/Illuminate/Http/Middleware/ValidatePathEncoding.php(26): Illuminate/Pipeline/Pipeline->Illuminate/Pipeline/{closure}(Object(Illuminate/Http/Request))
#57 E:/website_trangsuc/laptrinhweb_thi_website_trangsuc/vendor/laravel/framework/src/Illuminate/Pipeline/Pipeline.php(219): Illuminate/Http/Middleware/ValidatePathEncoding->handle(Object(Illuminate/Http/Request), Object(Closure))
#58 E:/website_trangsuc/laptrinhweb_thi_website_trangsuc/vendor/laravel/framework/src/Illuminate/Pipeline/Pipeline.php(137): Illuminate/Pipeline/Pipeline->Illuminate/Pipeline/{closure}(Object(Illuminate/Http/Request))
#59 E:/website_trangsuc/laptrinhweb_thi_website_trangsuc/vendor/laravel/framework/src/Illuminate/Foundation/Http/Kernel.php(175): Illuminate/Pipeline/Pipeline->then(Object(Closure))
#60 E:/website_trangsuc/laptrinhweb_thi_website_trangsuc/vendor/laravel/framework/src/Illuminate/Foundation/Http/Kernel.php(144): Illuminate/Foundation/Http/Kernel->sendRequestThroughRouter(Object(Illuminate/Http/Request))
#61 E:/website_trangsuc/laptrinhweb_thi_website_trangsuc/vendor/laravel/framework/src/Illuminate/Foundation/Application.php(1220): Illuminate/Foundation/Http/Kernel->handle(Object(Illuminate/Http/Request))
#62 E:/website_trangsuc/laptrinhweb_thi_website_trangsuc/public/index.php(20): Illuminate/Foundation/Application->handleRequest(Object(Illuminate/Http/Request))
#63 E:/website_trangsuc/laptrinhweb_thi_website_trangsuc/vendor/laravel/framework/src/Illuminate/Foundation/resources/server.php(23): require_once('E://website_tran...')
#64 {main}

[previous exception] [object] (Illuminate\\Database\\QueryException(code: 2002): SQLSTATE[HY000] [2002] No connection could be made because the target machine actively refused it (Connection: mysql, Host: 127.0.0.1, Port: 3306, Database: webshop_trangsuc, SQL: select * from `Banner` where `TrangThai` = 1) at E:/website_trangsuc/laptrinhweb_thi_website_trangsuc/vendor/laravel/framework/src/Illuminate/Database/Connection.php:838)
[stacktrace]
#0 E:/website_trangsuc/laptrinhweb_thi_website_trangsuc/vendor/laravel/framework/src/Illuminate/Database/Connection.php(999): Illuminate/Database/Connection->runQueryCallback('select * from `...', Array, Object(Closure))
#1 E:/website_trangsuc/laptrinhweb_thi_website_trangsuc/vendor/laravel/framework/src/Illuminate/Database/Connection.php(978): Illuminate/Database/Connection->tryAgainIfCausedByLostConnection(Object(Illuminate/Database/QueryException), 'select * from `...', Array, Object(Closure))
#2 E:/website_trangsuc/laptrinhweb_thi_website_trangsuc/vendor/laravel/framework/src/Illuminate/Database/Connection.php(796): Illuminate/Database/Connection->handleQueryException(Object(Illuminate/Database/QueryException), 'select * from `...', Array, Object(Closure))
#3 E:/website_trangsuc/laptrinhweb_thi_website_trangsuc/vendor/laravel/framework/src/Illuminate/Database/Connection.php(411): Illuminate/Database/Connection->run('select * from `...', Array, Object(Closure))
#4 E:/website_trangsuc/laptrinhweb_thi_website_trangsuc/vendor/laravel/framework/src/Illuminate/Database/Query/Builder.php(3505): Illuminate/Database/Connection->select('select * from `...', Array, true)
#5 E:/website_trangsuc/laptrinhweb_thi_website_trangsuc/vendor/laravel/framework/src/Illuminate/Database/Query/Builder.php(3490): Illuminate/Database/Query/Builder->runSelect()
#6 E:/website_trangsuc/laptrinhweb_thi_website_trangsuc/vendor/laravel/framework/src/Illuminate/Database/Query/Builder.php(4080): Illuminate/Database/Query/Builder->Illuminate/Database/Query/{closure}()
#7 E:/website_trangsuc/laptrinhweb_thi_website_trangsuc/vendor/laravel/framework/src/Illuminate/Database/Query/Builder.php(3489): Illuminate/Database/Query/Builder->onceWithColumns(Array, Object(Closure))
#8 E:/website_trangsuc/laptrinhweb_thi_website_trangsuc/storage/framework/views/a4e272f84a7cba3fef1131c74cdce1cb.php(2): Illuminate/Database/Query/Builder->get()
#9 E:/website_trangsuc/laptrinhweb_thi_website_trangsuc/vendor/laravel/framework/src/Illuminate/Filesystem/Filesystem.php(123): require('E://website_tran...')
#10 E:/website_trangsuc/laptrinhweb_thi_website_trangsuc/vendor/laravel/framework/src/Illuminate/Filesystem/Filesystem.php(124): Illuminate/Filesystem/Filesystem::Illuminate/Filesystem/{closure}()
#11 E:/website_trangsuc/laptrinhweb_thi_website_trangsuc/vendor/laravel/framework/src/Illuminate/View/Engines/PhpEngine.php(57): Illuminate/Filesystem/Filesystem->getRequire('E://website_tran...', Array)
#12 E:/website_trangsuc/laptrinhweb_thi_website_trangsuc/vendor/laravel/framework/src/Illuminate/View/Engines/CompilerEngine.php(76): Illuminate/View/Engines/PhpEngine->evaluatePath('E://website_tran...', Array)
#13 E:/website_trangsuc/laptrinhweb_thi_website_trangsuc/vendor/laravel/framework/src/Illuminate/View/View.php(208): Illuminate/View/Engines/CompilerEngine->get('E://website_tran...', Array)
#14 E:/website_trangsuc/laptrinhweb_thi_website_trangsuc/vendor/laravel/framework/src/Illuminate/View/View.php(191): Illuminate/View/View->getContents()
#15 E:/website_trangsuc/laptrinhweb_thi_website_trangsuc/vendor/laravel/framework/src/Illuminate/View/View.php(160): Illuminate/View/View->renderContents()
#16 E:/website_trangsuc/laptrinhweb_thi_website_trangsuc/vendor/laravel/framework/src/Illuminate/View/Concerns/ManagesComponents.php(103): Illuminate/View/View->render()
#17 E:/website_trangsuc/laptrinhweb_thi_website_trangsuc/storage/framework/views/6464a70f796b9492a1dc89a8afa00e50.php(13): Illuminate/View/Factory->renderComponent()
#18 E:/website_trangsuc/laptrinhweb_thi_website_trangsuc/vendor/laravel/framework/src/Illuminate/Filesystem/Filesystem.php(123): require('E://website_tran...')
#19 E:/website_trangsuc/laptrinhweb_thi_website_trangsuc/vendor/laravel/framework/src/Illuminate/Filesystem/Filesystem.php(124): Illuminate/Filesystem/Filesystem::Illuminate/Filesystem/{closure}()
#20 E:/website_trangsuc/laptrinhweb_thi_website_trangsuc/vendor/laravel/framework/src/Illuminate/View/Engines/PhpEngine.php(57): Illuminate/Filesystem/Filesystem->getRequire('E://website_tran...', Array)
#21 E:/website_trangsuc/laptrinhweb_thi_website_trangsuc/vendor/laravel/framework/src/Illuminate/View/Engines/CompilerEngine.php(76): Illuminate/View/Engines/PhpEngine->evaluatePath('E://website_tran...', Array)
#22 E:/website_trangsuc/laptrinhweb_thi_website_trangsuc/vendor/laravel/framework/src/Illuminate/View/View.php(208): Illuminate/View/Engines/CompilerEngine->get('E://website_tran...', Array)
#23 E:/website_trangsuc/laptrinhweb_thi_website_trangsuc/vendor/laravel/framework/src/Illuminate/View/View.php(191): Illuminate/View/View->getContents()
#24 E:/website_trangsuc/laptrinhweb_thi_website_trangsuc/vendor/laravel/framework/src/Illuminate/View/View.php(160): Illuminate/View/View->renderContents()
#25 E:/website_trangsuc/laptrinhweb_thi_website_trangsuc/vendor/laravel/framework/src/Illuminate/Http/Response.php(78): Illuminate/View/View->render()
#26 E:/website_trangsuc/laptrinhweb_thi_website_trangsuc/vendor/laravel/framework/src/Illuminate/Http/Response.php(34): Illuminate/Http/Response->setContent(Object(Illuminate/View/View))
#27 E:/website_trangsuc/laptrinhweb_thi_website_trangsuc/vendor/laravel/framework/src/Illuminate/Routing/Router.php(939): Illuminate/Http/Response->__construct(Object(Illuminate/View/View), 200, Array)
#28 E:/website_trangsuc/laptrinhweb_thi_website_trangsuc/vendor/laravel/framework/src/Illuminate/Routing/Router.php(906): Illuminate/Routing/Router::toResponse(Object(Illuminate/Http/Request), Object(Illuminate/View/View))
#29 E:/website_trangsuc/laptrinhweb_thi_website_trangsuc/vendor/laravel/framework/src/Illuminate/Routing/Router.php(821): Illuminate/Routing/Router->prepareResponse(Object(Illuminate/Http/Request), Object(Illuminate/View/View))
#30 E:/website_trangsuc/laptrinhweb_thi_website_trangsuc/vendor/laravel/framework/src/Illuminate/Pipeline/Pipeline.php(180): Illuminate/Routing/Router->Illuminate/Routing/{closure}(Object(Illuminate/Http/Request))
#31 E:/website_trangsuc/laptrinhweb_thi_website_trangsuc/vendor/laravel/framework/src/Illuminate/Routing/Middleware/SubstituteBindings.php(50): Illuminate/Pipeline/Pipeline->Illuminate/Pipeline/{closure}(Object(Illuminate/Http/Request))
#32 E:/website_trangsuc/laptrinhweb_thi_website_trangsuc/vendor/laravel/framework/src/Illuminate/Pipeline/Pipeline.php(219): Illuminate/Routing/Middleware/SubstituteBindings->handle(Object(Illuminate/Http/Request), Object(Closure))
#33 E:/website_trangsuc/laptrinhweb_thi_website_trangsuc/vendor/laravel/framework/src/Illuminate/Foundation/Http/Middleware/VerifyCsrfToken.php(87): Illuminate/Pipeline/Pipeline->Illuminate/Pipeline/{closure}(Object(Illuminate/Http/Request))
#34 E:/website_trangsuc/laptrinhweb_thi_website_trangsuc/vendor/laravel/framework/src/Illuminate/Pipeline/Pipeline.php(219): Illuminate/Foundation/Http/Middleware/VerifyCsrfToken->handle(Object(Illuminate/Http/Request), Object(Closure))
#35 E:/website_trangsuc/laptrinhweb_thi_website_trangsuc/vendor/laravel/framework/src/Illuminate/View/Middleware/ShareErrorsFromSession.php(48): Illuminate/Pipeline/Pipeline->Illuminate/Pipeline/{closure}(Object(Illuminate/Http/Request))
#36 E:/website_trangsuc/laptrinhweb_thi_website_trangsuc/vendor/laravel/framework/src/Illuminate/Pipeline/Pipeline.php(219): Illuminate/View/Middleware/ShareErrorsFromSession->handle(Object(Illuminate/Http/Request), Object(Closure))
#37 E:/website_trangsuc/laptrinhweb_thi_website_trangsuc/vendor/laravel/framework/src/Illuminate/Session/Middleware/StartSession.php(120): Illuminate/Pipeline/Pipeline->Illuminate/Pipeline/{closure}(Object(Illuminate/Http/Request))
#38 E:/website_trangsuc/laptrinhweb_thi_website_trangsuc/vendor/laravel/framework/src/Illuminate/Session/Middleware/StartSession.php(63): Illuminate/Session/Middleware/StartSession->handleStatefulRequest(Object(Illuminate/Http/Request), Object(Illuminate/Session/Store), Object(Closure))
#39 E:/website_trangsuc/laptrinhweb_thi_website_trangsuc/vendor/laravel/framework/src/Illuminate/Pipeline/Pipeline.php(219): Illuminate/Session/Middleware/StartSession->handle(Object(Illuminate/Http/Request), Object(Closure))
#40 E:/website_trangsuc/laptrinhweb_thi_website_trangsuc/vendor/laravel/framework/src/Illuminate/Cookie/Middleware/AddQueuedCookiesToResponse.php(36): Illuminate/Pipeline/Pipeline->Illuminate/Pipeline/{closure}(Object(Illuminate/Http/Request))
#41 E:/website_trangsuc/laptrinhweb_thi_website_trangsuc/vendor/laravel/framework/src/Illuminate/Pipeline/Pipeline.php(219): Illuminate/Cookie/Middleware/AddQueuedCookiesToResponse->handle(Object(Illuminate/Http/Request), Object(Closure))
#42 E:/website_trangsuc/laptrinhweb_thi_website_trangsuc/vendor/laravel/framework/src/Illuminate/Cookie/Middleware/EncryptCookies.php(74): Illuminate/Pipeline/Pipeline->Illuminate/Pipeline/{closure}(Object(Illuminate/Http/Request))
#43 E:/website_trangsuc/laptrinhweb_thi_website_trangsuc/vendor/laravel/framework/src/Illuminate/Pipeline/Pipeline.php(219): Illuminate/Cookie/Middleware/EncryptCookies->handle(Object(Illuminate/Http/Request), Object(Closure))
#44 E:/website_trangsuc/laptrinhweb_thi_website_trangsuc/vendor/laravel/framework/src/Illuminate/Pipeline/Pipeline.php(137): Illuminate/Pipeline/Pipeline->Illuminate/Pipeline/{closure}(Object(Illuminate/Http/Request))
#45 E:/website_trangsuc/laptrinhweb_thi_website_trangsuc/vendor/laravel/framework/src/Illuminate/Routing/Router.php(821): Illuminate/Pipeline/Pipeline->then(Object(Closure))
#46 E:/website_trangsuc/laptrinhweb_thi_website_trangsuc/vendor/laravel/framework/src/Illuminate/Routing/Router.php(800): Illuminate/Routing/Router->runRouteWithinStack(Object(Illuminate/Routing/Route), Object(Illuminate/Http/Request))
#47 E:/website_trangsuc/laptrinhweb_thi_website_trangsuc/vendor/laravel/framework/src/Illuminate/Routing/Router.php(764): Illuminate/Routing/Router->runRoute(Object(Illuminate/Http/Request), Object(Illuminate/Routing/Route))
#48 E:/website_trangsuc/laptrinhweb_thi_website_trangsuc/vendor/laravel/framework/src/Illuminate/Routing/Router.php(753): Illuminate/Routing/Router->dispatchToRoute(Object(Illuminate/Http/Request))
#49 E:/website_trangsuc/laptrinhweb_thi_website_trangsuc/vendor/laravel/framework/src/Illuminate/Foundation/Http/Kernel.php(200): Illuminate/Routing/Router->dispatch(Object(Illuminate/Http/Request))
#50 E:/website_trangsuc/laptrinhweb_thi_website_trangsuc/vendor/laravel/framework/src/Illuminate/Pipeline/Pipeline.php(180): Illuminate/Foundation/Http/Kernel->Illuminate/Foundation/Http/{closure}(Object(Illuminate/Http/Request))
#51 E:/website_trangsuc/laptrinhweb_thi_website_trangsuc/vendor/laravel/framework/src/Illuminate/Foundation/Http/Middleware/TransformsRequest.php(21): Illuminate/Pipeline/Pipeline->Illuminate/Pipeline/{closure}(Object(Illuminate/Http/Request))
#52 E:/website_trangsuc/laptrinhweb_thi_website_trangsuc/vendor/laravel/framework/src/Illuminate/Foundation/Http/Middleware/ConvertEmptyStringsToNull.php(31): Illuminate/Foundation/Http/Middleware/TransformsRequest->handle(Object(Illuminate/Http/Request), Object(Closure))
#53 E:/website_trangsuc/laptrinhweb_thi_website_trangsuc/vendor/laravel/framework/src/Illuminate/Pipeline/Pipeline.php(219): Illuminate/Foundation/Http/Middleware/ConvertEmptyStringsToNull->handle(Object(Illuminate/Http/Request), Object(Closure))
#54 E:/website_trangsuc/laptrinhweb_thi_website_trangsuc/vendor/laravel/framework/src/Illuminate/Foundation/Http/Middleware/TransformsRequest.php(21): Illuminate/Pipeline/Pipeline->Illuminate/Pipeline/{closure}(Object(Illuminate/Http/Request))
#55 E:/website_trangsuc/laptrinhweb_thi_website_trangsuc/vendor/laravel/framework/src/Illuminate/Foundation/Http/Middleware/TrimStrings.php(51): Illuminate/Foundation/Http/Middleware/TransformsRequest->handle(Object(Illuminate/Http/Request), Object(Closure))
#56 E:/website_trangsuc/laptrinhweb_thi_website_trangsuc/vendor/laravel/framework/src/Illuminate/Pipeline/Pipeline.php(219): Illuminate/Foundation/Http/Middleware/TrimStrings->handle(Object(Illuminate/Http/Request), Object(Closure))
#57 E:/website_trangsuc/laptrinhweb_thi_website_trangsuc/vendor/laravel/framework/src/Illuminate/Http/Middleware/ValidatePostSize.php(27): Illuminate/Pipeline/Pipeline->Illuminate/Pipeline/{closure}(Object(Illuminate/Http/Request))
#58 E:/website_trangsuc/laptrinhweb_thi_website_trangsuc/vendor/laravel/framework/src/Illuminate/Pipeline/Pipeline.php(219): Illuminate/Http/Middleware/ValidatePostSize->handle(Object(Illuminate/Http/Request), Object(Closure))
#59 E:/website_trangsuc/laptrinhweb_thi_website_trangsuc/vendor/laravel/framework/src/Illuminate/Foundation/Http/Middleware/PreventRequestsDuringMaintenance.php(109): Illuminate/Pipeline/Pipeline->Illuminate/Pipeline/{closure}(Object(Illuminate/Http/Request))
#60 E:/website_trangsuc/laptrinhweb_thi_website_trangsuc/vendor/laravel/framework/src/Illuminate/Pipeline/Pipeline.php(219): Illuminate/Foundation/Http/Middleware/PreventRequestsDuringMaintenance->handle(Object(Illuminate/Http/Request), Object(Closure))
#61 E:/website_trangsuc/laptrinhweb_thi_website_trangsuc/vendor/laravel/framework/src/Illuminate/Http/Middleware/HandleCors.php(61): Illuminate/Pipeline/Pipeline->Illuminate/Pipeline/{closure}(Object(Illuminate/Http/Request))
#62 E:/website_trangsuc/laptrinhweb_thi_website_trangsuc/vendor/laravel/framework/src/Illuminate/Pipeline/Pipeline.php(219): Illuminate/Http/Middleware/HandleCors->handle(Object(Illuminate/Http/Request), Object(Closure))
#63 E:/website_trangsuc/laptrinhweb_thi_website_trangsuc/vendor/laravel/framework/src/Illuminate/Http/Middleware/TrustProxies.php(58): Illuminate/Pipeline/Pipeline->Illuminate/Pipeline/{closure}(Object(Illuminate/Http/Request))
#64 E:/website_trangsuc/laptrinhweb_thi_website_trangsuc/vendor/laravel/framework/src/Illuminate/Pipeline/Pipeline.php(219): Illuminate/Http/Middleware/TrustProxies->handle(Object(Illuminate/Http/Request), Object(Closure))
#65 E:/website_trangsuc/laptrinhweb_thi_website_trangsuc/vendor/laravel/framework/src/Illuminate/Foundation/Http/Middleware/InvokeDeferredCallbacks.php(22): Illuminate/Pipeline/Pipeline->Illuminate/Pipeline/{closure}(Object(Illuminate/Http/Request))
#66 E:/website_trangsuc/laptrinhweb_thi_website_trangsuc/vendor/laravel/framework/src/Illuminate/Pipeline/Pipeline.php(219): Illuminate/Foundation/Http/Middleware/InvokeDeferredCallbacks->handle(Object(Illuminate/Http/Request), Object(Closure))
#67 E:/website_trangsuc/laptrinhweb_thi_website_trangsuc/vendor/laravel/framework/src/Illuminate/Http/Middleware/ValidatePathEncoding.php(26): Illuminate/Pipeline/Pipeline->Illuminate/Pipeline/{closure}(Object(Illuminate/Http/Request))
#68 E:/website_trangsuc/laptrinhweb_thi_website_trangsuc/vendor/laravel/framework/src/Illuminate/Pipeline/Pipeline.php(219): Illuminate/Http/Middleware/ValidatePathEncoding->handle(Object(Illuminate/Http/Request), Object(Closure))
#69 E:/website_trangsuc/laptrinhweb_thi_website_trangsuc/vendor/laravel/framework/src/Illuminate/Pipeline/Pipeline.php(137): Illuminate/Pipeline/Pipeline->Illuminate/Pipeline/{closure}(Object(Illuminate/Http/Request))
#70 E:/website_trangsuc/laptrinhweb_thi_website_trangsuc/vendor/laravel/framework/src/Illuminate/Foundation/Http/Kernel.php(175): Illuminate/Pipeline/Pipeline->then(Object(Closure))
#71 E:/website_trangsuc/laptrinhweb_thi_website_trangsuc/vendor/laravel/framework/src/Illuminate/Foundation/Http/Kernel.php(144): Illuminate/Foundation/Http/Kernel->sendRequestThroughRouter(Object(Illuminate/Http/Request))
#72 E:/website_trangsuc/laptrinhweb_thi_website_trangsuc/vendor/laravel/framework/src/Illuminate/Foundation/Application.php(1220): Illuminate/Foundation/Http/Kernel->handle(Object(Illuminate/Http/Request))
#73 E:/website_trangsuc/laptrinhweb_thi_website_trangsuc/public/index.php(20): Illuminate/Foundation/Application->handleRequest(Object(Illuminate/Http/Request))
#74 E:/website_trangsuc/laptrinhweb_thi_website_trangsuc/vendor/laravel/framework/src/Illuminate/Foundation/resources/server.php(23): require_once('E://website_tran...')
#75 {main}

[previous exception] [object] (PDOException(code: 2002): SQLSTATE[HY000] [2002] No connection could be made because the target machine actively refused it at E:/website_trangsuc/laptrinhweb_thi_website_trangsuc/vendor/laravel/framework/src/Illuminate/Database/Connectors/Connector.php:66)
[stacktrace]
#0 E:/website_trangsuc/laptrinhweb_thi_website_trangsuc/vendor/laravel/framework/src/Illuminate/Database/Connectors/Connector.php(66): PDO->__construct('mysql:host=127....', 'root', Object(SensitiveParameterValue), Array)
#1 E:/website_trangsuc/laptrinhweb_thi_website_trangsuc/vendor/laravel/framework/src/Illuminate/Database/Connectors/Connector.php(85): Illuminate/Database/Connectors/Connector->createPdoConnection('mysql:host=127....', 'root', Object(SensitiveParameterValue), Array)
#2 E:/website_trangsuc/laptrinhweb_thi_website_trangsuc/vendor/laravel/framework/src/Illuminate/Database/Connectors/Connector.php(48): Illuminate/Database/Connectors/Connector->tryAgainIfCausedByLostConnection(Object(PDOException), 'mysql:host=127....', 'root', Object(SensitiveParameterValue), Array)
#3 E:/website_trangsuc/laptrinhweb_thi_website_trangsuc/vendor/laravel/framework/src/Illuminate/Database/Connectors/MySqlConnector.php(24): Illuminate/Database/Connectors/Connector->createConnection('mysql:host=127....', Array, Array)
#4 E:/website_trangsuc/laptrinhweb_thi_website_trangsuc/vendor/laravel/framework/src/Illuminate/Database/Connectors/ConnectionFactory.php(186): Illuminate/Database/Connectors/MySqlConnector->connect(Array)
#5 [internal function]: Illuminate/Database/Connectors/ConnectionFactory->Illuminate/Database/Connectors/{closure}()
#6 E:/website_trangsuc/laptrinhweb_thi_website_trangsuc/vendor/laravel/framework/src/Illuminate/Database/Connection.php(1257): call_user_func(Object(Closure))
#7 E:/website_trangsuc/laptrinhweb_thi_website_trangsuc/vendor/laravel/framework/src/Illuminate/Database/Connection.php(1295): Illuminate/Database/Connection->getPdo()
#8 E:/website_trangsuc/laptrinhweb_thi_website_trangsuc/vendor/laravel/framework/src/Illuminate/Database/Connection.php(525): Illuminate/Database/Connection->getReadPdo()
#9 E:/website_trangsuc/laptrinhweb_thi_website_trangsuc/vendor/laravel/framework/src/Illuminate/Database/Connection.php(420): Illuminate/Database/Connection->getPdoForSelect(true)
#10 E:/website_trangsuc/laptrinhweb_thi_website_trangsuc/vendor/laravel/framework/src/Illuminate/Database/Connection.php(827): Illuminate/Database/Connection->Illuminate/Database/{closure}('select * from `...', Array)
#11 E:/website_trangsuc/laptrinhweb_thi_website_trangsuc/vendor/laravel/framework/src/Illuminate/Database/Connection.php(999): Illuminate/Database/Connection->runQueryCallback('select * from `...', Array, Object(Closure))
#12 E:/website_trangsuc/laptrinhweb_thi_website_trangsuc/vendor/laravel/framework/src/Illuminate/Database/Connection.php(978): Illuminate/Database/Connection->tryAgainIfCausedByLostConnection(Object(Illuminate/Database/QueryException), 'select * from `...', Array, Object(Closure))
#13 E:/website_trangsuc/laptrinhweb_thi_website_trangsuc/vendor/laravel/framework/src/Illuminate/Database/Connection.php(796): Illuminate/Database/Connection->handleQueryException(Object(Illuminate/Database/QueryException), 'select * from `...', Array, Object(Closure))
#14 E:/website_trangsuc/laptrinhweb_thi_website_trangsuc/vendor/laravel/framework/src/Illuminate/Database/Connection.php(411): Illuminate/Database/Connection->run('select * from `...', Array, Object(Closure))
#15 E:/website_trangsuc/laptrinhweb_thi_website_trangsuc/vendor/laravel/framework/src/Illuminate/Database/Query/Builder.php(3505): Illuminate/Database/Connection->select('select * from `...', Array, true)
#16 E:/website_trangsuc/laptrinhweb_thi_website_trangsuc/vendor/laravel/framework/src/Illuminate/Database/Query/Builder.php(3490): Illuminate/Database/Query/Builder->runSelect()
#17 E:/website_trangsuc/laptrinhweb_thi_website_trangsuc/vendor/laravel/framework/src/Illuminate/Database/Query/Builder.php(4080): Illuminate/Database/Query/Builder->Illuminate/Database/Query/{closure}()
#18 E:/website_trangsuc/laptrinhweb_thi_website_trangsuc/vendor/laravel/framework/src/Illuminate/Database/Query/Builder.php(3489): Illuminate/Database/Query/Builder->onceWithColumns(Array, Object(Closure))
#19 E:/website_trangsuc/laptrinhweb_thi_website_trangsuc/storage/framework/views/a4e272f84a7cba3fef1131c74cdce1cb.php(2): Illuminate/Database/Query/Builder->get()
#20 E:/website_trangsuc/laptrinhweb_thi_website_trangsuc/vendor/laravel/framework/src/Illuminate/Filesystem/Filesystem.php(123): require('E://website_tran...')
#21 E:/website_trangsuc/laptrinhweb_thi_website_trangsuc/vendor/laravel/framework/src/Illuminate/Filesystem/Filesystem.php(124): Illuminate/Filesystem/Filesystem::Illuminate/Filesystem/{closure}()
#22 E:/website_trangsuc/laptrinhweb_thi_website_trangsuc/vendor/laravel/framework/src/Illuminate/View/Engines/PhpEngine.php(57): Illuminate/Filesystem/Filesystem->getRequire('E://website_tran...', Array)
#23 E:/website_trangsuc/laptrinhweb_thi_website_trangsuc/vendor/laravel/framework/src/Illuminate/View/Engines/CompilerEngine.php(76): Illuminate/View/Engines/PhpEngine->evaluatePath('E://website_tran...', Array)
#24 E:/website_trangsuc/laptrinhweb_thi_website_trangsuc/vendor/laravel/framework/src/Illuminate/View/View.php(208): Illuminate/View/Engines/CompilerEngine->get('E://website_tran...', Array)
#25 E:/website_trangsuc/laptrinhweb_thi_website_trangsuc/vendor/laravel/framework/src/Illuminate/View/View.php(191): Illuminate/View/View->getContents()
#26 E:/website_trangsuc/laptrinhweb_thi_website_trangsuc/vendor/laravel/framework/src/Illuminate/View/View.php(160): Illuminate/View/View->renderContents()
#27 E:/website_trangsuc/laptrinhweb_thi_website_trangsuc/vendor/laravel/framework/src/Illuminate/View/Concerns/ManagesComponents.php(103): Illuminate/View/View->render()
#28 E:/website_trangsuc/laptrinhweb_thi_website_trangsuc/storage/framework/views/6464a70f796b9492a1dc89a8afa00e50.php(13): Illuminate/View/Factory->renderComponent()
#29 E:/website_trangsuc/laptrinhweb_thi_website_trangsuc/vendor/laravel/framework/src/Illuminate/Filesystem/Filesystem.php(123): require('E://website_tran...')
#30 E:/website_trangsuc/laptrinhweb_thi_website_trangsuc/vendor/laravel/framework/src/Illuminate/Filesystem/Filesystem.php(124): Illuminate/Filesystem/Filesystem::Illuminate/Filesystem/{closure}()
#31 E:/website_trangsuc/laptrinhweb_thi_website_trangsuc/vendor/laravel/framework/src/Illuminate/View/Engines/PhpEngine.php(57): Illuminate/Filesystem/Filesystem->getRequire('E://website_tran...', Array)
#32 E:/website_trangsuc/laptrinhweb_thi_website_trangsuc/vendor/laravel/framework/src/Illuminate/View/Engines/CompilerEngine.php(76): Illuminate/View/Engines/PhpEngine->evaluatePath('E://website_tran...', Array)
#33 E:/website_trangsuc/laptrinhweb_thi_website_trangsuc/vendor/laravel/framework/src/Illuminate/View/View.php(208): Illuminate/View/Engines/CompilerEngine->get('E://website_tran...', Array)
#34 E:/website_trangsuc/laptrinhweb_thi_website_trangsuc/vendor/laravel/framework/src/Illuminate/View/View.php(191): Illuminate/View/View->getContents()
#35 E:/website_trangsuc/laptrinhweb_thi_website_trangsuc/vendor/laravel/framework/src/Illuminate/View/View.php(160): Illuminate/View/View->renderContents()
#36 E:/website_trangsuc/laptrinhweb_thi_website_trangsuc/vendor/laravel/framework/src/Illuminate/Http/Response.php(78): Illuminate/View/View->render()
#37 E:/website_trangsuc/laptrinhweb_thi_website_trangsuc/vendor/laravel/framework/src/Illuminate/Http/Response.php(34): Illuminate/Http/Response->setContent(Object(Illuminate/View/View))
#38 E:/website_trangsuc/laptrinhweb_thi_website_trangsuc/vendor/laravel/framework/src/Illuminate/Routing/Router.php(939): Illuminate/Http/Response->__construct(Object(Illuminate/View/View), 200, Array)
#39 E:/website_trangsuc/laptrinhweb_thi_website_trangsuc/vendor/laravel/framework/src/Illuminate/Routing/Router.php(906): Illuminate/Routing/Router::toResponse(Object(Illuminate/Http/Request), Object(Illuminate/View/View))
#40 E:/website_trangsuc/laptrinhweb_thi_website_trangsuc/vendor/laravel/framework/src/Illuminate/Routing/Router.php(821): Illuminate/Routing/Router->prepareResponse(Object(Illuminate/Http/Request), Object(Illuminate/View/View))
#41 E:/website_trangsuc/laptrinhweb_thi_website_trangsuc/vendor/laravel/framework/src/Illuminate/Pipeline/Pipeline.php(180): Illuminate/Routing/Router->Illuminate/Routing/{closure}(Object(Illuminate/Http/Request))
#42 E:/website_trangsuc/laptrinhweb_thi_website_trangsuc/vendor/laravel/framework/src/Illuminate/Routing/Middleware/SubstituteBindings.php(50): Illuminate/Pipeline/Pipeline->Illuminate/Pipeline/{closure}(Object(Illuminate/Http/Request))
#43 E:/website_trangsuc/laptrinhweb_thi_website_trangsuc/vendor/laravel/framework/src/Illuminate/Pipeline/Pipeline.php(219): Illuminate/Routing/Middleware/SubstituteBindings->handle(Object(Illuminate/Http/Request), Object(Closure))
#44 E:/website_trangsuc/laptrinhweb_thi_website_trangsuc/vendor/laravel/framework/src/Illuminate/Foundation/Http/Middleware/VerifyCsrfToken.php(87): Illuminate/Pipeline/Pipeline->Illuminate/Pipeline/{closure}(Object(Illuminate/Http/Request))
#45 E:/website_trangsuc/laptrinhweb_thi_website_trangsuc/vendor/laravel/framework/src/Illuminate/Pipeline/Pipeline.php(219): Illuminate/Foundation/Http/Middleware/VerifyCsrfToken->handle(Object(Illuminate/Http/Request), Object(Closure))
#46 E:/website_trangsuc/laptrinhweb_thi_website_trangsuc/vendor/laravel/framework/src/Illuminate/View/Middleware/ShareErrorsFromSession.php(48): Illuminate/Pipeline/Pipeline->Illuminate/Pipeline/{closure}(Object(Illuminate/Http/Request))
#47 E:/website_trangsuc/laptrinhweb_thi_website_trangsuc/vendor/laravel/framework/src/Illuminate/Pipeline/Pipeline.php(219): Illuminate/View/Middleware/ShareErrorsFromSession->handle(Object(Illuminate/Http/Request), Object(Closure))
#48 E:/website_trangsuc/laptrinhweb_thi_website_trangsuc/vendor/laravel/framework/src/Illuminate/Session/Middleware/StartSession.php(120): Illuminate/Pipeline/Pipeline->Illuminate/Pipeline/{closure}(Object(Illuminate/Http/Request))
#49 E:/website_trangsuc/laptrinhweb_thi_website_trangsuc/vendor/laravel/framework/src/Illuminate/Session/Middleware/StartSession.php(63): Illuminate/Session/Middleware/StartSession->handleStatefulRequest(Object(Illuminate/Http/Request), Object(Illuminate/Session/Store), Object(Closure))
#50 E:/website_trangsuc/laptrinhweb_thi_website_trangsuc/vendor/laravel/framework/src/Illuminate/Pipeline/Pipeline.php(219): Illuminate/Session/Middleware/StartSession->handle(Object(Illuminate/Http/Request), Object(Closure))
#51 E:/website_trangsuc/laptrinhweb_thi_website_trangsuc/vendor/laravel/framework/src/Illuminate/Cookie/Middleware/AddQueuedCookiesToResponse.php(36): Illuminate/Pipeline/Pipeline->Illuminate/Pipeline/{closure}(Object(Illuminate/Http/Request))
#52 E:/website_trangsuc/laptrinhweb_thi_website_trangsuc/vendor/laravel/framework/src/Illuminate/Pipeline/Pipeline.php(219): Illuminate/Cookie/Middleware/AddQueuedCookiesToResponse->handle(Object(Illuminate/Http/Request), Object(Closure))
#53 E:/website_trangsuc/laptrinhweb_thi_website_trangsuc/vendor/laravel/framework/src/Illuminate/Cookie/Middleware/EncryptCookies.php(74): Illuminate/Pipeline/Pipeline->Illuminate/Pipeline/{closure}(Object(Illuminate/Http/Request))
#54 E:/website_trangsuc/laptrinhweb_thi_website_trangsuc/vendor/laravel/framework/src/Illuminate/Pipeline/Pipeline.php(219): Illuminate/Cookie/Middleware/EncryptCookies->handle(Object(Illuminate/Http/Request), Object(Closure))
#55 E:/website_trangsuc/laptrinhweb_thi_website_trangsuc/vendor/laravel/framework/src/Illuminate/Pipeline/Pipeline.php(137): Illuminate/Pipeline/Pipeline->Illuminate/Pipeline/{closure}(Object(Illuminate/Http/Request))
#56 E:/website_trangsuc/laptrinhweb_thi_website_trangsuc/vendor/laravel/framework/src/Illuminate/Routing/Router.php(821): Illuminate/Pipeline/Pipeline->then(Object(Closure))
#57 E:/website_trangsuc/laptrinhweb_thi_website_trangsuc/vendor/laravel/framework/src/Illuminate/Routing/Router.php(800): Illuminate/Routing/Router->runRouteWithinStack(Object(Illuminate/Routing/Route), Object(Illuminate/Http/Request))
#58 E:/website_trangsuc/laptrinhweb_thi_website_trangsuc/vendor/laravel/framework/src/Illuminate/Routing/Router.php(764): Illuminate/Routing/Router->runRoute(Object(Illuminate/Http/Request), Object(Illuminate/Routing/Route))
#59 E:/website_trangsuc/laptrinhweb_thi_website_trangsuc/vendor/laravel/framework/src/Illuminate/Routing/Router.php(753): Illuminate/Routing/Router->dispatchToRoute(Object(Illuminate/Http/Request))
#60 E:/website_trangsuc/laptrinhweb_thi_website_trangsuc/vendor/laravel/framework/src/Illuminate/Foundation/Http/Kernel.php(200): Illuminate/Routing/Router->dispatch(Object(Illuminate/Http/Request))
#61 E:/website_trangsuc/laptrinhweb_thi_website_trangsuc/vendor/laravel/framework/src/Illuminate/Pipeline/Pipeline.php(180): Illuminate/Foundation/Http/Kernel->Illuminate/Foundation/Http/{closure}(Object(Illuminate/Http/Request))
#62 E:/website_trangsuc/laptrinhweb_thi_website_trangsuc/vendor/laravel/framework/src/Illuminate/Foundation/Http/Middleware/TransformsRequest.php(21): Illuminate/Pipeline/Pipeline->Illuminate/Pipeline/{closure}(Object(Illuminate/Http/Request))
#63 E:/website_trangsuc/laptrinhweb_thi_website_trangsuc/vendor/laravel/framework/src/Illuminate/Foundation/Http/Middleware/ConvertEmptyStringsToNull.php(31): Illuminate/Foundation/Http/Middleware/TransformsRequest->handle(Object(Illuminate/Http/Request), Object(Closure))
#64 E:/website_trangsuc/laptrinhweb_thi_website_trangsuc/vendor/laravel/framework/src/Illuminate/Pipeline/Pipeline.php(219): Illuminate/Foundation/Http/Middleware/ConvertEmptyStringsToNull->handle(Object(Illuminate/Http/Request), Object(Closure))
#65 E:/website_trangsuc/laptrinhweb_thi_website_trangsuc/vendor/laravel/framework/src/Illuminate/Foundation/Http/Middleware/TransformsRequest.php(21): Illuminate/Pipeline/Pipeline->Illuminate/Pipeline/{closure}(Object(Illuminate/Http/Request))
#66 E:/website_trangsuc/laptrinhweb_thi_website_trangsuc/vendor/laravel/framework/src/Illuminate/Foundation/Http/Middleware/TrimStrings.php(51): Illuminate/Foundation/Http/Middleware/TransformsRequest->handle(Object(Illuminate/Http/Request), Object(Closure))
#67 E:/website_trangsuc/laptrinhweb_thi_website_trangsuc/vendor/laravel/framework/src/Illuminate/Pipeline/Pipeline.php(219): Illuminate/Foundation/Http/Middleware/TrimStrings->handle(Object(Illuminate/Http/Request), Object(Closure))
#68 E:/website_trangsuc/laptrinhweb_thi_website_trangsuc/vendor/laravel/framework/src/Illuminate/Http/Middleware/ValidatePostSize.php(27): Illuminate/Pipeline/Pipeline->Illuminate/Pipeline/{closure}(Object(Illuminate/Http/Request))
#69 E:/website_trangsuc/laptrinhweb_thi_website_trangsuc/vendor/laravel/framework/src/Illuminate/Pipeline/Pipeline.php(219): Illuminate/Http/Middleware/ValidatePostSize->handle(Object(Illuminate/Http/Request), Object(Closure))
#70 E:/website_trangsuc/laptrinhweb_thi_website_trangsuc/vendor/laravel/framework/src/Illuminate/Foundation/Http/Middleware/PreventRequestsDuringMaintenance.php(109): Illuminate/Pipeline/Pipeline->Illuminate/Pipeline/{closure}(Object(Illuminate/Http/Request))
#71 E:/website_trangsuc/laptrinhweb_thi_website_trangsuc/vendor/laravel/framework/src/Illuminate/Pipeline/Pipeline.php(219): Illuminate/Foundation/Http/Middleware/PreventRequestsDuringMaintenance->handle(Object(Illuminate/Http/Request), Object(Closure))
#72 E:/website_trangsuc/laptrinhweb_thi_website_trangsuc/vendor/laravel/framework/src/Illuminate/Http/Middleware/HandleCors.php(61): Illuminate/Pipeline/Pipeline->Illuminate/Pipeline/{closure}(Object(Illuminate/Http/Request))
#73 E:/website_trangsuc/laptrinhweb_thi_website_trangsuc/vendor/laravel/framework/src/Illuminate/Pipeline/Pipeline.php(219): Illuminate/Http/Middleware/HandleCors->handle(Object(Illuminate/Http/Request), Object(Closure))
#74 E:/website_trangsuc/laptrinhweb_thi_website_trangsuc/vendor/laravel/framework/src/Illuminate/Http/Middleware/TrustProxies.php(58): Illuminate/Pipeline/Pipeline->Illuminate/Pipeline/{closure}(Object(Illuminate/Http/Request))
#75 E:/website_trangsuc/laptrinhweb_thi_website_trangsuc/vendor/laravel/framework/src/Illuminate/Pipeline/Pipeline.php(219): Illuminate/Http/Middleware/TrustProxies->handle(Object(Illuminate/Http/Request), Object(Closure))
#76 E:/website_trangsuc/laptrinhweb_thi_website_trangsuc/vendor/laravel/framework/src/Illuminate/Foundation/Http/Middleware/InvokeDeferredCallbacks.php(22): Illuminate/Pipeline/Pipeline->Illuminate/Pipeline/{closure}(Object(Illuminate/Http/Request))
#77 E:/website_trangsuc/laptrinhweb_thi_website_trangsuc/vendor/laravel/framework/src/Illuminate/Pipeline/Pipeline.php(219): Illuminate/Foundation/Http/Middleware/InvokeDeferredCallbacks->handle(Object(Illuminate/Http/Request), Object(Closure))
#78 E:/website_trangsuc/laptrinhweb_thi_website_trangsuc/vendor/laravel/framework/src/Illuminate/Http/Middleware/ValidatePathEncoding.php(26): Illuminate/Pipeline/Pipeline->Illuminate/Pipeline/{closure}(Object(Illuminate/Http/Request))
#79 E:/website_trangsuc/laptrinhweb_thi_website_trangsuc/vendor/laravel/framework/src/Illuminate/Pipeline/Pipeline.php(219): Illuminate/Http/Middleware/ValidatePathEncoding->handle(Object(Illuminate/Http/Request), Object(Closure))
#80 E:/website_trangsuc/laptrinhweb_thi_website_trangsuc/vendor/laravel/framework/src/Illuminate/Pipeline/Pipeline.php(137): Illuminate/Pipeline/Pipeline->Illuminate/Pipeline/{closure}(Object(Illuminate/Http/Request))
#81 E:/website_trangsuc/laptrinhweb_thi_website_trangsuc/vendor/laravel/framework/src/Illuminate/Foundation/Http/Kernel.php(175): Illuminate/Pipeline/Pipeline->then(Object(Closure))
#82 E:/website_trangsuc/laptrinhweb_thi_website_trangsuc/vendor/laravel/framework/src/Illuminate/Foundation/Http/Kernel.php(144): Illuminate/Foundation/Http/Kernel->sendRequestThroughRouter(Object(Illuminate/Http/Request))
#83 E:/website_trangsuc/laptrinhweb_thi_website_trangsuc/vendor/laravel/framework/src/Illuminate/Foundation/Application.php(1220): Illuminate/Foundation/Http/Kernel->handle(Object(Illuminate/Http/Request))
#84 E:/website_trangsuc/laptrinhweb_thi_website_trangsuc/public/index.php(20): Illuminate/Foundation/Application->handleRequest(Object(Illuminate/Http/Request))
#85 E:/website_trangsuc/laptrinhweb_thi_website_trangsuc/vendor/laravel/framework/src/Illuminate/Foundation/resources/server.php(23): require_once('E://website_tran...')
#86 {main}
"} 
[2026-05-30 17:41:53] local.ERROR: SQLSTATE[HY000] [2002] No connection could be made because the target machine actively refused it (Connection: mysql, Host: 127.0.0.1, Port: 3306, Database: webshop_trangsuc, SQL: select * from `Banner` where `TrangThai` = 1) (View: E:\website_trangsuc\laptrinhweb_thi_website_trangsuc\resources\views\components\banner.blade.php) (View: E:\website_trangsuc\laptrinhweb_thi_website_trangsuc\resources\views\components\banner.blade.php) {"exception":"[object] (Illuminate\\View\\ViewException(code: 0): SQLSTATE[HY000] [2002] No connection could be made because the target machine actively refused it (Connection: mysql, Host: 127.0.0.1, Port: 3306, Database: webshop_trangsuc, SQL: select * from `Banner` where `TrangThai` = 1) (View: E:\\website_trangsuc\\laptrinhweb_thi_website_trangsuc\\resources\\views\\components\\banner.blade.php) (View: E:\\website_trangsuc\\laptrinhweb_thi_website_trangsuc\\resources\\views\\components\\banner.blade.php) at E:/website_trangsuc/laptrinhweb_thi_website_trangsuc/vendor/laravel/framework/src/Illuminate/Database/Connection.php:838)
[stacktrace]
#0 E:/website_trangsuc/laptrinhweb_thi_website_trangsuc/vendor/laravel/framework/src/Illuminate/View/Engines/PhpEngine.php(59): Illuminate/View/Engines/CompilerEngine->handleViewException(Object(Illuminate/View/ViewException), 1)
#1 E:/website_trangsuc/laptrinhweb_thi_website_trangsuc/vendor/laravel/framework/src/Illuminate/View/Engines/CompilerEngine.php(76): Illuminate/View/Engines/PhpEngine->evaluatePath('E://website_tran...', Array)
#2 E:/website_trangsuc/laptrinhweb_thi_website_trangsuc/vendor/laravel/framework/src/Illuminate/View/View.php(208): Illuminate/View/Engines/CompilerEngine->get('E://website_tran...', Array)
#3 E:/website_trangsuc/laptrinhweb_thi_website_trangsuc/vendor/laravel/framework/src/Illuminate/View/View.php(191): Illuminate/View/View->getContents()
#4 E:/website_trangsuc/laptrinhweb_thi_website_trangsuc/vendor/laravel/framework/src/Illuminate/View/View.php(160): Illuminate/View/View->renderContents()
#5 E:/website_trangsuc/laptrinhweb_thi_website_trangsuc/vendor/laravel/framework/src/Illuminate/Http/Response.php(78): Illuminate/View/View->render()
#6 E:/website_trangsuc/laptrinhweb_thi_website_trangsuc/vendor/laravel/framework/src/Illuminate/Http/Response.php(34): Illuminate/Http/Response->setContent(Object(Illuminate/View/View))
#7 E:/website_trangsuc/laptrinhweb_thi_website_trangsuc/vendor/laravel/framework/src/Illuminate/Routing/Router.php(939): Illuminate/Http/Response->__construct(Object(Illuminate/View/View), 200, Array)
#8 E:/website_trangsuc/laptrinhweb_thi_website_trangsuc/vendor/laravel/framework/src/Illuminate/Routing/Router.php(906): Illuminate/Routing/Router::toResponse(Object(Illuminate/Http/Request), Object(Illuminate/View/View))
#9 E:/website_trangsuc/laptrinhweb_thi_website_trangsuc/vendor/laravel/framework/src/Illuminate/Routing/Router.php(821): Illuminate/Routing/Router->prepareResponse(Object(Illuminate/Http/Request), Object(Illuminate/View/View))
#10 E:/website_trangsuc/laptrinhweb_thi_website_trangsuc/vendor/laravel/framework/src/Illuminate/Pipeline/Pipeline.php(180): Illuminate/Routing/Router->Illuminate/Routing/{closure}(Object(Illuminate/Http/Request))
#11 E:/website_trangsuc/laptrinhweb_thi_website_trangsuc/vendor/laravel/framework/src/Illuminate/Routing/Middleware/SubstituteBindings.php(50): Illuminate/Pipeline/Pipeline->Illuminate/Pipeline/{closure}(Object(Illuminate/Http/Request))
#12 E:/website_trangsuc/laptrinhweb_thi_website_trangsuc/vendor/laravel/framework/src/Illuminate/Pipeline/Pipeline.php(219): Illuminate/Routing/Middleware/SubstituteBindings->handle(Object(Illuminate/Http/Request), Object(Closure))
#13 E:/website_trangsuc/laptrinhweb_thi_website_trangsuc/vendor/laravel/framework/src/Illuminate/Foundation/Http/Middleware/VerifyCsrfToken.php(87): Illuminate/Pipeline/Pipeline->Illuminate/Pipeline/{closure}(Object(Illuminate/Http/Request))
#14 E:/website_trangsuc/laptrinhweb_thi_website_trangsuc/vendor/laravel/framework/src/Illuminate/Pipeline/Pipeline.php(219): Illuminate/Foundation/Http/Middleware/VerifyCsrfToken->handle(Object(Illuminate/Http/Request), Object(Closure))
#15 E:/website_trangsuc/laptrinhweb_thi_website_trangsuc/vendor/laravel/framework/src/Illuminate/View/Middleware/ShareErrorsFromSession.php(48): Illuminate/Pipeline/Pipeline->Illuminate/Pipeline/{closure}(Object(Illuminate/Http/Request))
#16 E:/website_trangsuc/laptrinhweb_thi_website_trangsuc/vendor/laravel/framework/src/Illuminate/Pipeline/Pipeline.php(219): Illuminate/View/Middleware/ShareErrorsFromSession->handle(Object(Illuminate/Http/Request), Object(Closure))
#17 E:/website_trangsuc/laptrinhweb_thi_website_trangsuc/vendor/laravel/framework/src/Illuminate/Session/Middleware/StartSession.php(120): Illuminate/Pipeline/Pipeline->Illuminate/Pipeline/{closure}(Object(Illuminate/Http/Request))
#18 E:/website_trangsuc/laptrinhweb_thi_website_trangsuc/vendor/laravel/framework/src/Illuminate/Session/Middleware/StartSession.php(63): Illuminate/Session/Middleware/StartSession->handleStatefulRequest(Object(Illuminate/Http/Request), Object(Illuminate/Session/Store), Object(Closure))
#19 E:/website_trangsuc/laptrinhweb_thi_website_trangsuc/vendor/laravel/framework/src/Illuminate/Pipeline/Pipeline.php(219): Illuminate/Session/Middleware/StartSession->handle(Object(Illuminate/Http/Request), Object(Closure))
#20 E:/website_trangsuc/laptrinhweb_thi_website_trangsuc/vendor/laravel/framework/src/Illuminate/Cookie/Middleware/AddQueuedCookiesToResponse.php(36): Illuminate/Pipeline/Pipeline->Illuminate/Pipeline/{closure}(Object(Illuminate/Http/Request))
#21 E:/website_trangsuc/laptrinhweb_thi_website_trangsuc/vendor/laravel/framework/src/Illuminate/Pipeline/Pipeline.php(219): Illuminate/Cookie/Middleware/AddQueuedCookiesToResponse->handle(Object(Illuminate/Http/Request), Object(Closure))
#22 E:/website_trangsuc/laptrinhweb_thi_website_trangsuc/vendor/laravel/framework/src/Illuminate/Cookie/Middleware/EncryptCookies.php(74): Illuminate/Pipeline/Pipeline->Illuminate/Pipeline/{closure}(Object(Illuminate/Http/Request))
#23 E:/website_trangsuc/laptrinhweb_thi_website_trangsuc/vendor/laravel/framework/src/Illuminate/Pipeline/Pipeline.php(219): Illuminate/Cookie/Middleware/EncryptCookies->handle(Object(Illuminate/Http/Request), Object(Closure))
#24 E:/website_trangsuc/laptrinhweb_thi_website_trangsuc/vendor/laravel/framework/src/Illuminate/Pipeline/Pipeline.php(137): Illuminate/Pipeline/Pipeline->Illuminate/Pipeline/{closure}(Object(Illuminate/Http/Request))
#25 E:/website_trangsuc/laptrinhweb_thi_website_trangsuc/vendor/laravel/framework/src/Illuminate/Routing/Router.php(821): Illuminate/Pipeline/Pipeline->then(Object(Closure))
#26 E:/website_trangsuc/laptrinhweb_thi_website_trangsuc/vendor/laravel/framework/src/Illuminate/Routing/Router.php(800): Illuminate/Routing/Router->runRouteWithinStack(Object(Illuminate/Routing/Route), Object(Illuminate/Http/Request))
#27 E:/website_trangsuc/laptrinhweb_thi_website_trangsuc/vendor/laravel/framework/src/Illuminate/Routing/Router.php(764): Illuminate/Routing/Router->runRoute(Object(Illuminate/Http/Request), Object(Illuminate/Routing/Route))
#28 E:/website_trangsuc/laptrinhweb_thi_website_trangsuc/vendor/laravel/framework/src/Illuminate/Routing/Router.php(753): Illuminate/Routing/Router->dispatchToRoute(Object(Illuminate/Http/Request))
#29 E:/website_trangsuc/laptrinhweb_thi_website_trangsuc/vendor/laravel/framework/src/Illuminate/Foundation/Http/Kernel.php(200): Illuminate/Routing/Router->dispatch(Object(Illuminate/Http/Request))
#30 E:/website_trangsuc/laptrinhweb_thi_website_trangsuc/vendor/laravel/framework/src/Illuminate/Pipeline/Pipeline.php(180): Illuminate/Foundation/Http/Kernel->Illuminate/Foundation/Http/{closure}(Object(Illuminate/Http/Request))
#31 E:/website_trangsuc/laptrinhweb_thi_website_trangsuc/vendor/laravel/framework/src/Illuminate/Foundation/Http/Middleware/TransformsRequest.php(21): Illuminate/Pipeline/Pipeline->Illuminate/Pipeline/{closure}(Object(Illuminate/Http/Request))
#32 E:/website_trangsuc/laptrinhweb_thi_website_trangsuc/vendor/laravel/framework/src/Illuminate/Foundation/Http/Middleware/ConvertEmptyStringsToNull.php(31): Illuminate/Foundation/Http/Middleware/TransformsRequest->handle(Object(Illuminate/Http/Request), Object(Closure))
#33 E:/website_trangsuc/laptrinhweb_thi_website_trangsuc/vendor/laravel/framework/src/Illuminate/Pipeline/Pipeline.php(219): Illuminate/Foundation/Http/Middleware/ConvertEmptyStringsToNull->handle(Object(Illuminate/Http/Request), Object(Closure))
#34 E:/website_trangsuc/laptrinhweb_thi_website_trangsuc/vendor/laravel/framework/src/Illuminate/Foundation/Http/Middleware/TransformsRequest.php(21): Illuminate/Pipeline/Pipeline->Illuminate/Pipeline/{closure}(Object(Illuminate/Http/Request))
#35 E:/website_trangsuc/laptrinhweb_thi_website_trangsuc/vendor/laravel/framework/src/Illuminate/Foundation/Http/Middleware/TrimStrings.php(51): Illuminate/Foundation/Http/Middleware/TransformsRequest->handle(Object(Illuminate/Http/Request), Object(Closure))
#36 E:/website_trangsuc/laptrinhweb_thi_website_trangsuc/vendor/laravel/framework/src/Illuminate/Pipeline/Pipeline.php(219): Illuminate/Foundation/Http/Middleware/TrimStrings->handle(Object(Illuminate/Http/Request), Object(Closure))
#37 E:/website_trangsuc/laptrinhweb_thi_website_trangsuc/vendor/laravel/framework/src/Illuminate/Http/Middleware/ValidatePostSize.php(27): Illuminate/Pipeline/Pipeline->Illuminate/Pipeline/{closure}(Object(Illuminate/Http/Request))
#38 E:/website_trangsuc/laptrinhweb_thi_website_trangsuc/vendor/laravel/framework/src/Illuminate/Pipeline/Pipeline.php(219): Illuminate/Http/Middleware/ValidatePostSize->handle(Object(Illuminate/Http/Request), Object(Closure))
#39 E:/website_trangsuc/laptrinhweb_thi_website_trangsuc/vendor/laravel/framework/src/Illuminate/Foundation/Http/Middleware/PreventRequestsDuringMaintenance.php(109): Illuminate/Pipeline/Pipeline->Illuminate/Pipeline/{closure}(Object(Illuminate/Http/Request))
#40 E:/website_trangsuc/laptrinhweb_thi_website_trangsuc/vendor/laravel/framework/src/Illuminate/Pipeline/Pipeline.php(219): Illuminate/Foundation/Http/Middleware/PreventRequestsDuringMaintenance->handle(Object(Illuminate/Http/Request), Object(Closure))
#41 E:/website_trangsuc/laptrinhweb_thi_website_trangsuc/vendor/laravel/framework/src/Illuminate/Http/Middleware/HandleCors.php(61): Illuminate/Pipeline/Pipeline->Illuminate/Pipeline/{closure}(Object(Illuminate/Http/Request))
#42 E:/website_trangsuc/laptrinhweb_thi_website_trangsuc/vendor/laravel/framework/src/Illuminate/Pipeline/Pipeline.php(219): Illuminate/Http/Middleware/HandleCors->handle(Object(Illuminate/Http/Request), Object(Closure))
#43 E:/website_trangsuc/laptrinhweb_thi_website_trangsuc/vendor/laravel/framework/src/Illuminate/Http/Middleware/TrustProxies.php(58): Illuminate/Pipeline/Pipeline->Illuminate/Pipeline/{closure}(Object(Illuminate/Http/Request))
#44 E:/website_trangsuc/laptrinhweb_thi_website_trangsuc/vendor/laravel/framework/src/Illuminate/Pipeline/Pipeline.php(219): Illuminate/Http/Middleware/TrustProxies->handle(Object(Illuminate/Http/Request), Object(Closure))
#45 E:/website_trangsuc/laptrinhweb_thi_website_trangsuc/vendor/laravel/framework/src/Illuminate/Foundation/Http/Middleware/InvokeDeferredCallbacks.php(22): Illuminate/Pipeline/Pipeline->Illuminate/Pipeline/{closure}(Object(Illuminate/Http/Request))
#46 E:/website_trangsuc/laptrinhweb_thi_website_trangsuc/vendor/laravel/framework/src/Illuminate/Pipeline/Pipeline.php(219): Illuminate/Foundation/Http/Middleware/InvokeDeferredCallbacks->handle(Object(Illuminate/Http/Request), Object(Closure))
#47 E:/website_trangsuc/laptrinhweb_thi_website_trangsuc/vendor/laravel/framework/src/Illuminate/Http/Middleware/ValidatePathEncoding.php(26): Illuminate/Pipeline/Pipeline->Illuminate/Pipeline/{closure}(Object(Illuminate/Http/Request))
#48 E:/website_trangsuc/laptrinhweb_thi_website_trangsuc/vendor/laravel/framework/src/Illuminate/Pipeline/Pipeline.php(219): Illuminate/Http/Middleware/ValidatePathEncoding->handle(Object(Illuminate/Http/Request), Object(Closure))
#49 E:/website_trangsuc/laptrinhweb_thi_website_trangsuc/vendor/laravel/framework/src/Illuminate/Pipeline/Pipeline.php(137): Illuminate/Pipeline/Pipeline->Illuminate/Pipeline/{closure}(Object(Illuminate/Http/Request))
#50 E:/website_trangsuc/laptrinhweb_thi_website_trangsuc/vendor/laravel/framework/src/Illuminate/Foundation/Http/Kernel.php(175): Illuminate/Pipeline/Pipeline->then(Object(Closure))
#51 E:/website_trangsuc/laptrinhweb_thi_website_trangsuc/vendor/laravel/framework/src/Illuminate/Foundation/Http/Kernel.php(144): Illuminate/Foundation/Http/Kernel->sendRequestThroughRouter(Object(Illuminate/Http/Request))
#52 E:/website_trangsuc/laptrinhweb_thi_website_trangsuc/vendor/laravel/framework/src/Illuminate/Foundation/Application.php(1220): Illuminate/Foundation/Http/Kernel->handle(Object(Illuminate/Http/Request))
#53 E:/website_trangsuc/laptrinhweb_thi_website_trangsuc/public/index.php(20): Illuminate/Foundation/Application->handleRequest(Object(Illuminate/Http/Request))
#54 E:/website_trangsuc/laptrinhweb_thi_website_trangsuc/vendor/laravel/framework/src/Illuminate/Foundation/resources/server.php(23): require_once('E://website_tran...')
#55 {main}

[previous exception] [object] (Illuminate\\View\\ViewException(code: 0): SQLSTATE[HY000] [2002] No connection could be made because the target machine actively refused it (Connection: mysql, Host: 127.0.0.1, Port: 3306, Database: webshop_trangsuc, SQL: select * from `Banner` where `TrangThai` = 1) (View: E:\\website_trangsuc\\laptrinhweb_thi_website_trangsuc\\resources\\views\\components\\banner.blade.php) at E:/website_trangsuc/laptrinhweb_thi_website_trangsuc/vendor/laravel/framework/src/Illuminate/Database/Connection.php:838)
[stacktrace]
#0 E:/website_trangsuc/laptrinhweb_thi_website_trangsuc/vendor/laravel/framework/src/Illuminate/View/Engines/PhpEngine.php(59): Illuminate/View/Engines/CompilerEngine->handleViewException(Object(Illuminate/Database/QueryException), 3)
#1 E:/website_trangsuc/laptrinhweb_thi_website_trangsuc/vendor/laravel/framework/src/Illuminate/View/Engines/CompilerEngine.php(76): Illuminate/View/Engines/PhpEngine->evaluatePath('E://website_tran...', Array)
#2 E:/website_trangsuc/laptrinhweb_thi_website_trangsuc/vendor/laravel/framework/src/Illuminate/View/View.php(208): Illuminate/View/Engines/CompilerEngine->get('E://website_tran...', Array)
#3 E:/website_trangsuc/laptrinhweb_thi_website_trangsuc/vendor/laravel/framework/src/Illuminate/View/View.php(191): Illuminate/View/View->getContents()
#4 E:/website_trangsuc/laptrinhweb_thi_website_trangsuc/vendor/laravel/framework/src/Illuminate/View/View.php(160): Illuminate/View/View->renderContents()
#5 E:/website_trangsuc/laptrinhweb_thi_website_trangsuc/vendor/laravel/framework/src/Illuminate/View/Concerns/ManagesComponents.php(103): Illuminate/View/View->render()
#6 E:/website_trangsuc/laptrinhweb_thi_website_trangsuc/storage/framework/views/6464a70f796b9492a1dc89a8afa00e50.php(13): Illuminate/View/Factory->renderComponent()
#7 E:/website_trangsuc/laptrinhweb_thi_website_trangsuc/vendor/laravel/framework/src/Illuminate/Filesystem/Filesystem.php(123): require('E://website_tran...')
#8 E:/website_trangsuc/laptrinhweb_thi_website_trangsuc/vendor/laravel/framework/src/Illuminate/Filesystem/Filesystem.php(124): Illuminate/Filesystem/Filesystem::Illuminate/Filesystem/{closure}()
#9 E:/website_trangsuc/laptrinhweb_thi_website_trangsuc/vendor/laravel/framework/src/Illuminate/View/Engines/PhpEngine.php(57): Illuminate/Filesystem/Filesystem->getRequire('E://website_tran...', Array)
#10 E:/website_trangsuc/laptrinhweb_thi_website_trangsuc/vendor/laravel/framework/src/Illuminate/View/Engines/CompilerEngine.php(76): Illuminate/View/Engines/PhpEngine->evaluatePath('E://website_tran...', Array)
#11 E:/website_trangsuc/laptrinhweb_thi_website_trangsuc/vendor/laravel/framework/src/Illuminate/View/View.php(208): Illuminate/View/Engines/CompilerEngine->get('E://website_tran...', Array)
#12 E:/website_trangsuc/laptrinhweb_thi_website_trangsuc/vendor/laravel/framework/src/Illuminate/View/View.php(191): Illuminate/View/View->getContents()
#13 E:/website_trangsuc/laptrinhweb_thi_website_trangsuc/vendor/laravel/framework/src/Illuminate/View/View.php(160): Illuminate/View/View->renderContents()
#14 E:/website_trangsuc/laptrinhweb_thi_website_trangsuc/vendor/laravel/framework/src/Illuminate/Http/Response.php(78): Illuminate/View/View->render()
#15 E:/website_trangsuc/laptrinhweb_thi_website_trangsuc/vendor/laravel/framework/src/Illuminate/Http/Response.php(34): Illuminate/Http/Response->setContent(Object(Illuminate/View/View))
#16 E:/website_trangsuc/laptrinhweb_thi_website_trangsuc/vendor/laravel/framework/src/Illuminate/Routing/Router.php(939): Illuminate/Http/Response->__construct(Object(Illuminate/View/View), 200, Array)
#17 E:/website_trangsuc/laptrinhweb_thi_website_trangsuc/vendor/laravel/framework/src/Illuminate/Routing/Router.php(906): Illuminate/Routing/Router::toResponse(Object(Illuminate/Http/Request), Object(Illuminate/View/View))
#18 E:/website_trangsuc/laptrinhweb_thi_website_trangsuc/vendor/laravel/framework/src/Illuminate/Routing/Router.php(821): Illuminate/Routing/Router->prepareResponse(Object(Illuminate/Http/Request), Object(Illuminate/View/View))
#19 E:/website_trangsuc/laptrinhweb_thi_website_trangsuc/vendor/laravel/framework/src/Illuminate/Pipeline/Pipeline.php(180): Illuminate/Routing/Router->Illuminate/Routing/{closure}(Object(Illuminate/Http/Request))
#20 E:/website_trangsuc/laptrinhweb_thi_website_trangsuc/vendor/laravel/framework/src/Illuminate/Routing/Middleware/SubstituteBindings.php(50): Illuminate/Pipeline/Pipeline->Illuminate/Pipeline/{closure}(Object(Illuminate/Http/Request))
#21 E:/website_trangsuc/laptrinhweb_thi_website_trangsuc/vendor/laravel/framework/src/Illuminate/Pipeline/Pipeline.php(219): Illuminate/Routing/Middleware/SubstituteBindings->handle(Object(Illuminate/Http/Request), Object(Closure))
#22 E:/website_trangsuc/laptrinhweb_thi_website_trangsuc/vendor/laravel/framework/src/Illuminate/Foundation/Http/Middleware/VerifyCsrfToken.php(87): Illuminate/Pipeline/Pipeline->Illuminate/Pipeline/{closure}(Object(Illuminate/Http/Request))
#23 E:/website_trangsuc/laptrinhweb_thi_website_trangsuc/vendor/laravel/framework/src/Illuminate/Pipeline/Pipeline.php(219): Illuminate/Foundation/Http/Middleware/VerifyCsrfToken->handle(Object(Illuminate/Http/Request), Object(Closure))
#24 E:/website_trangsuc/laptrinhweb_thi_website_trangsuc/vendor/laravel/framework/src/Illuminate/View/Middleware/ShareErrorsFromSession.php(48): Illuminate/Pipeline/Pipeline->Illuminate/Pipeline/{closure}(Object(Illuminate/Http/Request))
#25 E:/website_trangsuc/laptrinhweb_thi_website_trangsuc/vendor/laravel/framework/src/Illuminate/Pipeline/Pipeline.php(219): Illuminate/View/Middleware/ShareErrorsFromSession->handle(Object(Illuminate/Http/Request), Object(Closure))
#26 E:/website_trangsuc/laptrinhweb_thi_website_trangsuc/vendor/laravel/framework/src/Illuminate/Session/Middleware/StartSession.php(120): Illuminate/Pipeline/Pipeline->Illuminate/Pipeline/{closure}(Object(Illuminate/Http/Request))
#27 E:/website_trangsuc/laptrinhweb_thi_website_trangsuc/vendor/laravel/framework/src/Illuminate/Session/Middleware/StartSession.php(63): Illuminate/Session/Middleware/StartSession->handleStatefulRequest(Object(Illuminate/Http/Request), Object(Illuminate/Session/Store), Object(Closure))
#28 E:/website_trangsuc/laptrinhweb_thi_website_trangsuc/vendor/laravel/framework/src/Illuminate/Pipeline/Pipeline.php(219): Illuminate/Session/Middleware/StartSession->handle(Object(Illuminate/Http/Request), Object(Closure))
#29 E:/website_trangsuc/laptrinhweb_thi_website_trangsuc/vendor/laravel/framework/src/Illuminate/Cookie/Middleware/AddQueuedCookiesToResponse.php(36): Illuminate/Pipeline/Pipeline->Illuminate/Pipeline/{closure}(Object(Illuminate/Http/Request))
#30 E:/website_trangsuc/laptrinhweb_thi_website_trangsuc/vendor/laravel/framework/src/Illuminate/Pipeline/Pipeline.php(219): Illuminate/Cookie/Middleware/AddQueuedCookiesToResponse->handle(Object(Illuminate/Http/Request), Object(Closure))
#31 E:/website_trangsuc/laptrinhweb_thi_website_trangsuc/vendor/laravel/framework/src/Illuminate/Cookie/Middleware/EncryptCookies.php(74): Illuminate/Pipeline/Pipeline->Illuminate/Pipeline/{closure}(Object(Illuminate/Http/Request))
#32 E:/website_trangsuc/laptrinhweb_thi_website_trangsuc/vendor/laravel/framework/src/Illuminate/Pipeline/Pipeline.php(219): Illuminate/Cookie/Middleware/EncryptCookies->handle(Object(Illuminate/Http/Request), Object(Closure))
#33 E:/website_trangsuc/laptrinhweb_thi_website_trangsuc/vendor/laravel/framework/src/Illuminate/Pipeline/Pipeline.php(137): Illuminate/Pipeline/Pipeline->Illuminate/Pipeline/{closure}(Object(Illuminate/Http/Request))
#34 E:/website_trangsuc/laptrinhweb_thi_website_trangsuc/vendor/laravel/framework/src/Illuminate/Routing/Router.php(821): Illuminate/Pipeline/Pipeline->then(Object(Closure))
#35 E:/website_trangsuc/laptrinhweb_thi_website_trangsuc/vendor/laravel/framework/src/Illuminate/Routing/Router.php(800): Illuminate/Routing/Router->runRouteWithinStack(Object(Illuminate/Routing/Route), Object(Illuminate/Http/Request))
#36 E:/website_trangsuc/laptrinhweb_thi_website_trangsuc/vendor/laravel/framework/src/Illuminate/Routing/Router.php(764): Illuminate/Routing/Router->runRoute(Object(Illuminate/Http/Request), Object(Illuminate/Routing/Route))
#37 E:/website_trangsuc/laptrinhweb_thi_website_trangsuc/vendor/laravel/framework/src/Illuminate/Routing/Router.php(753): Illuminate/Routing/Router->dispatchToRoute(Object(Illuminate/Http/Request))
#38 E:/website_trangsuc/laptrinhweb_thi_website_trangsuc/vendor/laravel/framework/src/Illuminate/Foundation/Http/Kernel.php(200): Illuminate/Routing/Router->dispatch(Object(Illuminate/Http/Request))
#39 E:/website_trangsuc/laptrinhweb_thi_website_trangsuc/vendor/laravel/framework/src/Illuminate/Pipeline/Pipeline.php(180): Illuminate/Foundation/Http/Kernel->Illuminate/Foundation/Http/{closure}(Object(Illuminate/Http/Request))
#40 E:/website_trangsuc/laptrinhweb_thi_website_trangsuc/vendor/laravel/framework/src/Illuminate/Foundation/Http/Middleware/TransformsRequest.php(21): Illuminate/Pipeline/Pipeline->Illuminate/Pipeline/{closure}(Object(Illuminate/Http/Request))
#41 E:/website_trangsuc/laptrinhweb_thi_website_trangsuc/vendor/laravel/framework/src/Illuminate/Foundation/Http/Middleware/ConvertEmptyStringsToNull.php(31): Illuminate/Foundation/Http/Middleware/TransformsRequest->handle(Object(Illuminate/Http/Request), Object(Closure))
#42 E:/website_trangsuc/laptrinhweb_thi_website_trangsuc/vendor/laravel/framework/src/Illuminate/Pipeline/Pipeline.php(219): Illuminate/Foundation/Http/Middleware/ConvertEmptyStringsToNull->handle(Object(Illuminate/Http/Request), Object(Closure))
#43 E:/website_trangsuc/laptrinhweb_thi_website_trangsuc/vendor/laravel/framework/src/Illuminate/Foundation/Http/Middleware/TransformsRequest.php(21): Illuminate/Pipeline/Pipeline->Illuminate/Pipeline/{closure}(Object(Illuminate/Http/Request))
#44 E:/website_trangsuc/laptrinhweb_thi_website_trangsuc/vendor/laravel/framework/src/Illuminate/Foundation/Http/Middleware/TrimStrings.php(51): Illuminate/Foundation/Http/Middleware/TransformsRequest->handle(Object(Illuminate/Http/Request), Object(Closure))
#45 E:/website_trangsuc/laptrinhweb_thi_website_trangsuc/vendor/laravel/framework/src/Illuminate/Pipeline/Pipeline.php(219): Illuminate/Foundation/Http/Middleware/TrimStrings->handle(Object(Illuminate/Http/Request), Object(Closure))
#46 E:/website_trangsuc/laptrinhweb_thi_website_trangsuc/vendor/laravel/framework/src/Illuminate/Http/Middleware/ValidatePostSize.php(27): Illuminate/Pipeline/Pipeline->Illuminate/Pipeline/{closure}(Object(Illuminate/Http/Request))
#47 E:/website_trangsuc/laptrinhweb_thi_website_trangsuc/vendor/laravel/framework/src/Illuminate/Pipeline/Pipeline.php(219): Illuminate/Http/Middleware/ValidatePostSize->handle(Object(Illuminate/Http/Request), Object(Closure))
#48 E:/website_trangsuc/laptrinhweb_thi_website_trangsuc/vendor/laravel/framework/src/Illuminate/Foundation/Http/Middleware/PreventRequestsDuringMaintenance.php(109): Illuminate/Pipeline/Pipeline->Illuminate/Pipeline/{closure}(Object(Illuminate/Http/Request))
#49 E:/website_trangsuc/laptrinhweb_thi_website_trangsuc/vendor/laravel/framework/src/Illuminate/Pipeline/Pipeline.php(219): Illuminate/Foundation/Http/Middleware/PreventRequestsDuringMaintenance->handle(Object(Illuminate/Http/Request), Object(Closure))
#50 E:/website_trangsuc/laptrinhweb_thi_website_trangsuc/vendor/laravel/framework/src/Illuminate/Http/Middleware/HandleCors.php(61): Illuminate/Pipeline/Pipeline->Illuminate/Pipeline/{closure}(Object(Illuminate/Http/Request))
#51 E:/website_trangsuc/laptrinhweb_thi_website_trangsuc/vendor/laravel/framework/src/Illuminate/Pipeline/Pipeline.php(219): Illuminate/Http/Middleware/HandleCors->handle(Object(Illuminate/Http/Request), Object(Closure))
#52 E:/website_trangsuc/laptrinhweb_thi_website_trangsuc/vendor/laravel/framework/src/Illuminate/Http/Middleware/TrustProxies.php(58): Illuminate/Pipeline/Pipeline->Illuminate/Pipeline/{closure}(Object(Illuminate/Http/Request))
#53 E:/website_trangsuc/laptrinhweb_thi_website_trangsuc/vendor/laravel/framework/src/Illuminate/Pipeline/Pipeline.php(219): Illuminate/Http/Middleware/TrustProxies->handle(Object(Illuminate/Http/Request), Object(Closure))
#54 E:/website_trangsuc/laptrinhweb_thi_website_trangsuc/vendor/laravel/framework/src/Illuminate/Foundation/Http/Middleware/InvokeDeferredCallbacks.php(22): Illuminate/Pipeline/Pipeline->Illuminate/Pipeline/{closure}(Object(Illuminate/Http/Request))
#55 E:/website_trangsuc/laptrinhweb_thi_website_trangsuc/vendor/laravel/framework/src/Illuminate/Pipeline/Pipeline.php(219): Illuminate/Foundation/Http/Middleware/InvokeDeferredCallbacks->handle(Object(Illuminate/Http/Request), Object(Closure))
#56 E:/website_trangsuc/laptrinhweb_thi_website_trangsuc/vendor/laravel/framework/src/Illuminate/Http/Middleware/ValidatePathEncoding.php(26): Illuminate/Pipeline/Pipeline->Illuminate/Pipeline/{closure}(Object(Illuminate/Http/Request))
#57 E:/website_trangsuc/laptrinhweb_thi_website_trangsuc/vendor/laravel/framework/src/Illuminate/Pipeline/Pipeline.php(219): Illuminate/Http/Middleware/ValidatePathEncoding->handle(Object(Illuminate/Http/Request), Object(Closure))
#58 E:/website_trangsuc/laptrinhweb_thi_website_trangsuc/vendor/laravel/framework/src/Illuminate/Pipeline/Pipeline.php(137): Illuminate/Pipeline/Pipeline->Illuminate/Pipeline/{closure}(Object(Illuminate/Http/Request))
#59 E:/website_trangsuc/laptrinhweb_thi_website_trangsuc/vendor/laravel/framework/src/Illuminate/Foundation/Http/Kernel.php(175): Illuminate/Pipeline/Pipeline->then(Object(Closure))
#60 E:/website_trangsuc/laptrinhweb_thi_website_trangsuc/vendor/laravel/framework/src/Illuminate/Foundation/Http/Kernel.php(144): Illuminate/Foundation/Http/Kernel->sendRequestThroughRouter(Object(Illuminate/Http/Request))
#61 E:/website_trangsuc/laptrinhweb_thi_website_trangsuc/vendor/laravel/framework/src/Illuminate/Foundation/Application.php(1220): Illuminate/Foundation/Http/Kernel->handle(Object(Illuminate/Http/Request))
#62 E:/website_trangsuc/laptrinhweb_thi_website_trangsuc/public/index.php(20): Illuminate/Foundation/Application->handleRequest(Object(Illuminate/Http/Request))
#63 E:/website_trangsuc/laptrinhweb_thi_website_trangsuc/vendor/laravel/framework/src/Illuminate/Foundation/resources/server.php(23): require_once('E://website_tran...')
#64 {main}

[previous exception] [object] (Illuminate\\Database\\QueryException(code: 2002): SQLSTATE[HY000] [2002] No connection could be made because the target machine actively refused it (Connection: mysql, Host: 127.0.0.1, Port: 3306, Database: webshop_trangsuc, SQL: select * from `Banner` where `TrangThai` = 1) at E:/website_trangsuc/laptrinhweb_thi_website_trangsuc/vendor/laravel/framework/src/Illuminate/Database/Connection.php:838)
[stacktrace]
#0 E:/website_trangsuc/laptrinhweb_thi_website_trangsuc/vendor/laravel/framework/src/Illuminate/Database/Connection.php(999): Illuminate/Database/Connection->runQueryCallback('select * from `...', Array, Object(Closure))
#1 E:/website_trangsuc/laptrinhweb_thi_website_trangsuc/vendor/laravel/framework/src/Illuminate/Database/Connection.php(978): Illuminate/Database/Connection->tryAgainIfCausedByLostConnection(Object(Illuminate/Database/QueryException), 'select * from `...', Array, Object(Closure))
#2 E:/website_trangsuc/laptrinhweb_thi_website_trangsuc/vendor/laravel/framework/src/Illuminate/Database/Connection.php(796): Illuminate/Database/Connection->handleQueryException(Object(Illuminate/Database/QueryException), 'select * from `...', Array, Object(Closure))
#3 E:/website_trangsuc/laptrinhweb_thi_website_trangsuc/vendor/laravel/framework/src/Illuminate/Database/Connection.php(411): Illuminate/Database/Connection->run('select * from `...', Array, Object(Closure))
#4 E:/website_trangsuc/laptrinhweb_thi_website_trangsuc/vendor/laravel/framework/src/Illuminate/Database/Query/Builder.php(3505): Illuminate/Database/Connection->select('select * from `...', Array, true)
#5 E:/website_trangsuc/laptrinhweb_thi_website_trangsuc/vendor/laravel/framework/src/Illuminate/Database/Query/Builder.php(3490): Illuminate/Database/Query/Builder->runSelect()
#6 E:/website_trangsuc/laptrinhweb_thi_website_trangsuc/vendor/laravel/framework/src/Illuminate/Database/Query/Builder.php(4080): Illuminate/Database/Query/Builder->Illuminate/Database/Query/{closure}()
#7 E:/website_trangsuc/laptrinhweb_thi_website_trangsuc/vendor/laravel/framework/src/Illuminate/Database/Query/Builder.php(3489): Illuminate/Database/Query/Builder->onceWithColumns(Array, Object(Closure))
#8 E:/website_trangsuc/laptrinhweb_thi_website_trangsuc/storage/framework/views/a4e272f84a7cba3fef1131c74cdce1cb.php(2): Illuminate/Database/Query/Builder->get()
#9 E:/website_trangsuc/laptrinhweb_thi_website_trangsuc/vendor/laravel/framework/src/Illuminate/Filesystem/Filesystem.php(123): require('E://website_tran...')
#10 E:/website_trangsuc/laptrinhweb_thi_website_trangsuc/vendor/laravel/framework/src/Illuminate/Filesystem/Filesystem.php(124): Illuminate/Filesystem/Filesystem::Illuminate/Filesystem/{closure}()
#11 E:/website_trangsuc/laptrinhweb_thi_website_trangsuc/vendor/laravel/framework/src/Illuminate/View/Engines/PhpEngine.php(57): Illuminate/Filesystem/Filesystem->getRequire('E://website_tran...', Array)
#12 E:/website_trangsuc/laptrinhweb_thi_website_trangsuc/vendor/laravel/framework/src/Illuminate/View/Engines/CompilerEngine.php(76): Illuminate/View/Engines/PhpEngine->evaluatePath('E://website_tran...', Array)
#13 E:/website_trangsuc/laptrinhweb_thi_website_trangsuc/vendor/laravel/framework/src/Illuminate/View/View.php(208): Illuminate/View/Engines/CompilerEngine->get('E://website_tran...', Array)
#14 E:/website_trangsuc/laptrinhweb_thi_website_trangsuc/vendor/laravel/framework/src/Illuminate/View/View.php(191): Illuminate/View/View->getContents()
#15 E:/website_trangsuc/laptrinhweb_thi_website_trangsuc/vendor/laravel/framework/src/Illuminate/View/View.php(160): Illuminate/View/View->renderContents()
#16 E:/website_trangsuc/laptrinhweb_thi_website_trangsuc/vendor/laravel/framework/src/Illuminate/View/Concerns/ManagesComponents.php(103): Illuminate/View/View->render()
#17 E:/website_trangsuc/laptrinhweb_thi_website_trangsuc/storage/framework/views/6464a70f796b9492a1dc89a8afa00e50.php(13): Illuminate/View/Factory->renderComponent()
#18 E:/website_trangsuc/laptrinhweb_thi_website_trangsuc/vendor/laravel/framework/src/Illuminate/Filesystem/Filesystem.php(123): require('E://website_tran...')
#19 E:/website_trangsuc/laptrinhweb_thi_website_trangsuc/vendor/laravel/framework/src/Illuminate/Filesystem/Filesystem.php(124): Illuminate/Filesystem/Filesystem::Illuminate/Filesystem/{closure}()
#20 E:/website_trangsuc/laptrinhweb_thi_website_trangsuc/vendor/laravel/framework/src/Illuminate/View/Engines/PhpEngine.php(57): Illuminate/Filesystem/Filesystem->getRequire('E://website_tran...', Array)
#21 E:/website_trangsuc/laptrinhweb_thi_website_trangsuc/vendor/laravel/framework/src/Illuminate/View/Engines/CompilerEngine.php(76): Illuminate/View/Engines/PhpEngine->evaluatePath('E://website_tran...', Array)
#22 E:/website_trangsuc/laptrinhweb_thi_website_trangsuc/vendor/laravel/framework/src/Illuminate/View/View.php(208): Illuminate/View/Engines/CompilerEngine->get('E://website_tran...', Array)
#23 E:/website_trangsuc/laptrinhweb_thi_website_trangsuc/vendor/laravel/framework/src/Illuminate/View/View.php(191): Illuminate/View/View->getContents()
#24 E:/website_trangsuc/laptrinhweb_thi_website_trangsuc/vendor/laravel/framework/src/Illuminate/View/View.php(160): Illuminate/View/View->renderContents()
#25 E:/website_trangsuc/laptrinhweb_thi_website_trangsuc/vendor/laravel/framework/src/Illuminate/Http/Response.php(78): Illuminate/View/View->render()
#26 E:/website_trangsuc/laptrinhweb_thi_website_trangsuc/vendor/laravel/framework/src/Illuminate/Http/Response.php(34): Illuminate/Http/Response->setContent(Object(Illuminate/View/View))
#27 E:/website_trangsuc/laptrinhweb_thi_website_trangsuc/vendor/laravel/framework/src/Illuminate/Routing/Router.php(939): Illuminate/Http/Response->__construct(Object(Illuminate/View/View), 200, Array)
#28 E:/website_trangsuc/laptrinhweb_thi_website_trangsuc/vendor/laravel/framework/src/Illuminate/Routing/Router.php(906): Illuminate/Routing/Router::toResponse(Object(Illuminate/Http/Request), Object(Illuminate/View/View))
#29 E:/website_trangsuc/laptrinhweb_thi_website_trangsuc/vendor/laravel/framework/src/Illuminate/Routing/Router.php(821): Illuminate/Routing/Router->prepareResponse(Object(Illuminate/Http/Request), Object(Illuminate/View/View))
#30 E:/website_trangsuc/laptrinhweb_thi_website_trangsuc/vendor/laravel/framework/src/Illuminate/Pipeline/Pipeline.php(180): Illuminate/Routing/Router->Illuminate/Routing/{closure}(Object(Illuminate/Http/Request))
#31 E:/website_trangsuc/laptrinhweb_thi_website_trangsuc/vendor/laravel/framework/src/Illuminate/Routing/Middleware/SubstituteBindings.php(50): Illuminate/Pipeline/Pipeline->Illuminate/Pipeline/{closure}(Object(Illuminate/Http/Request))
#32 E:/website_trangsuc/laptrinhweb_thi_website_trangsuc/vendor/laravel/framework/src/Illuminate/Pipeline/Pipeline.php(219): Illuminate/Routing/Middleware/SubstituteBindings->handle(Object(Illuminate/Http/Request), Object(Closure))
#33 E:/website_trangsuc/laptrinhweb_thi_website_trangsuc/vendor/laravel/framework/src/Illuminate/Foundation/Http/Middleware/VerifyCsrfToken.php(87): Illuminate/Pipeline/Pipeline->Illuminate/Pipeline/{closure}(Object(Illuminate/Http/Request))
#34 E:/website_trangsuc/laptrinhweb_thi_website_trangsuc/vendor/laravel/framework/src/Illuminate/Pipeline/Pipeline.php(219): Illuminate/Foundation/Http/Middleware/VerifyCsrfToken->handle(Object(Illuminate/Http/Request), Object(Closure))
#35 E:/website_trangsuc/laptrinhweb_thi_website_trangsuc/vendor/laravel/framework/src/Illuminate/View/Middleware/ShareErrorsFromSession.php(48): Illuminate/Pipeline/Pipeline->Illuminate/Pipeline/{closure}(Object(Illuminate/Http/Request))
#36 E:/website_trangsuc/laptrinhweb_thi_website_trangsuc/vendor/laravel/framework/src/Illuminate/Pipeline/Pipeline.php(219): Illuminate/View/Middleware/ShareErrorsFromSession->handle(Object(Illuminate/Http/Request), Object(Closure))
#37 E:/website_trangsuc/laptrinhweb_thi_website_trangsuc/vendor/laravel/framework/src/Illuminate/Session/Middleware/StartSession.php(120): Illuminate/Pipeline/Pipeline->Illuminate/Pipeline/{closure}(Object(Illuminate/Http/Request))
#38 E:/website_trangsuc/laptrinhweb_thi_website_trangsuc/vendor/laravel/framework/src/Illuminate/Session/Middleware/StartSession.php(63): Illuminate/Session/Middleware/StartSession->handleStatefulRequest(Object(Illuminate/Http/Request), Object(Illuminate/Session/Store), Object(Closure))
#39 E:/website_trangsuc/laptrinhweb_thi_website_trangsuc/vendor/laravel/framework/src/Illuminate/Pipeline/Pipeline.php(219): Illuminate/Session/Middleware/StartSession->handle(Object(Illuminate/Http/Request), Object(Closure))
#40 E:/website_trangsuc/laptrinhweb_thi_website_trangsuc/vendor/laravel/framework/src/Illuminate/Cookie/Middleware/AddQueuedCookiesToResponse.php(36): Illuminate/Pipeline/Pipeline->Illuminate/Pipeline/{closure}(Object(Illuminate/Http/Request))
#41 E:/website_trangsuc/laptrinhweb_thi_website_trangsuc/vendor/laravel/framework/src/Illuminate/Pipeline/Pipeline.php(219): Illuminate/Cookie/Middleware/AddQueuedCookiesToResponse->handle(Object(Illuminate/Http/Request), Object(Closure))
#42 E:/website_trangsuc/laptrinhweb_thi_website_trangsuc/vendor/laravel/framework/src/Illuminate/Cookie/Middleware/EncryptCookies.php(74): Illuminate/Pipeline/Pipeline->Illuminate/Pipeline/{closure}(Object(Illuminate/Http/Request))
#43 E:/website_trangsuc/laptrinhweb_thi_website_trangsuc/vendor/laravel/framework/src/Illuminate/Pipeline/Pipeline.php(219): Illuminate/Cookie/Middleware/EncryptCookies->handle(Object(Illuminate/Http/Request), Object(Closure))
#44 E:/website_trangsuc/laptrinhweb_thi_website_trangsuc/vendor/laravel/framework/src/Illuminate/Pipeline/Pipeline.php(137): Illuminate/Pipeline/Pipeline->Illuminate/Pipeline/{closure}(Object(Illuminate/Http/Request))
#45 E:/website_trangsuc/laptrinhweb_thi_website_trangsuc/vendor/laravel/framework/src/Illuminate/Routing/Router.php(821): Illuminate/Pipeline/Pipeline->then(Object(Closure))
#46 E:/website_trangsuc/laptrinhweb_thi_website_trangsuc/vendor/laravel/framework/src/Illuminate/Routing/Router.php(800): Illuminate/Routing/Router->runRouteWithinStack(Object(Illuminate/Routing/Route), Object(Illuminate/Http/Request))
#47 E:/website_trangsuc/laptrinhweb_thi_website_trangsuc/vendor/laravel/framework/src/Illuminate/Routing/Router.php(764): Illuminate/Routing/Router->runRoute(Object(Illuminate/Http/Request), Object(Illuminate/Routing/Route))
#48 E:/website_trangsuc/laptrinhweb_thi_website_trangsuc/vendor/laravel/framework/src/Illuminate/Routing/Router.php(753): Illuminate/Routing/Router->dispatchToRoute(Object(Illuminate/Http/Request))
#49 E:/website_trangsuc/laptrinhweb_thi_website_trangsuc/vendor/laravel/framework/src/Illuminate/Foundation/Http/Kernel.php(200): Illuminate/Routing/Router->dispatch(Object(Illuminate/Http/Request))
#50 E:/website_trangsuc/laptrinhweb_thi_website_trangsuc/vendor/laravel/framework/src/Illuminate/Pipeline/Pipeline.php(180): Illuminate/Foundation/Http/Kernel->Illuminate/Foundation/Http/{closure}(Object(Illuminate/Http/Request))
#51 E:/website_trangsuc/laptrinhweb_thi_website_trangsuc/vendor/laravel/framework/src/Illuminate/Foundation/Http/Middleware/TransformsRequest.php(21): Illuminate/Pipeline/Pipeline->Illuminate/Pipeline/{closure}(Object(Illuminate/Http/Request))
#52 E:/website_trangsuc/laptrinhweb_thi_website_trangsuc/vendor/laravel/framework/src/Illuminate/Foundation/Http/Middleware/ConvertEmptyStringsToNull.php(31): Illuminate/Foundation/Http/Middleware/TransformsRequest->handle(Object(Illuminate/Http/Request), Object(Closure))
#53 E:/website_trangsuc/laptrinhweb_thi_website_trangsuc/vendor/laravel/framework/src/Illuminate/Pipeline/Pipeline.php(219): Illuminate/Foundation/Http/Middleware/ConvertEmptyStringsToNull->handle(Object(Illuminate/Http/Request), Object(Closure))
#54 E:/website_trangsuc/laptrinhweb_thi_website_trangsuc/vendor/laravel/framework/src/Illuminate/Foundation/Http/Middleware/TransformsRequest.php(21): Illuminate/Pipeline/Pipeline->Illuminate/Pipeline/{closure}(Object(Illuminate/Http/Request))
#55 E:/website_trangsuc/laptrinhweb_thi_website_trangsuc/vendor/laravel/framework/src/Illuminate/Foundation/Http/Middleware/TrimStrings.php(51): Illuminate/Foundation/Http/Middleware/TransformsRequest->handle(Object(Illuminate/Http/Request), Object(Closure))
#56 E:/website_trangsuc/laptrinhweb_thi_website_trangsuc/vendor/laravel/framework/src/Illuminate/Pipeline/Pipeline.php(219): Illuminate/Foundation/Http/Middleware/TrimStrings->handle(Object(Illuminate/Http/Request), Object(Closure))
#57 E:/website_trangsuc/laptrinhweb_thi_website_trangsuc/vendor/laravel/framework/src/Illuminate/Http/Middleware/ValidatePostSize.php(27): Illuminate/Pipeline/Pipeline->Illuminate/Pipeline/{closure}(Object(Illuminate/Http/Request))
#58 E:/website_trangsuc/laptrinhweb_thi_website_trangsuc/vendor/laravel/framework/src/Illuminate/Pipeline/Pipeline.php(219): Illuminate/Http/Middleware/ValidatePostSize->handle(Object(Illuminate/Http/Request), Object(Closure))
#59 E:/website_trangsuc/laptrinhweb_thi_website_trangsuc/vendor/laravel/framework/src/Illuminate/Foundation/Http/Middleware/PreventRequestsDuringMaintenance.php(109): Illuminate/Pipeline/Pipeline->Illuminate/Pipeline/{closure}(Object(Illuminate/Http/Request))
#60 E:/website_trangsuc/laptrinhweb_thi_website_trangsuc/vendor/laravel/framework/src/Illuminate/Pipeline/Pipeline.php(219): Illuminate/Foundation/Http/Middleware/PreventRequestsDuringMaintenance->handle(Object(Illuminate/Http/Request), Object(Closure))
#61 E:/website_trangsuc/laptrinhweb_thi_website_trangsuc/vendor/laravel/framework/src/Illuminate/Http/Middleware/HandleCors.php(61): Illuminate/Pipeline/Pipeline->Illuminate/Pipeline/{closure}(Object(Illuminate/Http/Request))
#62 E:/website_trangsuc/laptrinhweb_thi_website_trangsuc/vendor/laravel/framework/src/Illuminate/Pipeline/Pipeline.php(219): Illuminate/Http/Middleware/HandleCors->handle(Object(Illuminate/Http/Request), Object(Closure))
#63 E:/website_trangsuc/laptrinhweb_thi_website_trangsuc/vendor/laravel/framework/src/Illuminate/Http/Middleware/TrustProxies.php(58): Illuminate/Pipeline/Pipeline->Illuminate/Pipeline/{closure}(Object(Illuminate/Http/Request))
#64 E:/website_trangsuc/laptrinhweb_thi_website_trangsuc/vendor/laravel/framework/src/Illuminate/Pipeline/Pipeline.php(219): Illuminate/Http/Middleware/TrustProxies->handle(Object(Illuminate/Http/Request), Object(Closure))
#65 E:/website_trangsuc/laptrinhweb_thi_website_trangsuc/vendor/laravel/framework/src/Illuminate/Foundation/Http/Middleware/InvokeDeferredCallbacks.php(22): Illuminate/Pipeline/Pipeline->Illuminate/Pipeline/{closure}(Object(Illuminate/Http/Request))
#66 E:/website_trangsuc/laptrinhweb_thi_website_trangsuc/vendor/laravel/framework/src/Illuminate/Pipeline/Pipeline.php(219): Illuminate/Foundation/Http/Middleware/InvokeDeferredCallbacks->handle(Object(Illuminate/Http/Request), Object(Closure))
#67 E:/website_trangsuc/laptrinhweb_thi_website_trangsuc/vendor/laravel/framework/src/Illuminate/Http/Middleware/ValidatePathEncoding.php(26): Illuminate/Pipeline/Pipeline->Illuminate/Pipeline/{closure}(Object(Illuminate/Http/Request))
#68 E:/website_trangsuc/laptrinhweb_thi_website_trangsuc/vendor/laravel/framework/src/Illuminate/Pipeline/Pipeline.php(219): Illuminate/Http/Middleware/ValidatePathEncoding->handle(Object(Illuminate/Http/Request), Object(Closure))
#69 E:/website_trangsuc/laptrinhweb_thi_website_trangsuc/vendor/laravel/framework/src/Illuminate/Pipeline/Pipeline.php(137): Illuminate/Pipeline/Pipeline->Illuminate/Pipeline/{closure}(Object(Illuminate/Http/Request))
#70 E:/website_trangsuc/laptrinhweb_thi_website_trangsuc/vendor/laravel/framework/src/Illuminate/Foundation/Http/Kernel.php(175): Illuminate/Pipeline/Pipeline->then(Object(Closure))
#71 E:/website_trangsuc/laptrinhweb_thi_website_trangsuc/vendor/laravel/framework/src/Illuminate/Foundation/Http/Kernel.php(144): Illuminate/Foundation/Http/Kernel->sendRequestThroughRouter(Object(Illuminate/Http/Request))
#72 E:/website_trangsuc/laptrinhweb_thi_website_trangsuc/vendor/laravel/framework/src/Illuminate/Foundation/Application.php(1220): Illuminate/Foundation/Http/Kernel->handle(Object(Illuminate/Http/Request))
#73 E:/website_trangsuc/laptrinhweb_thi_website_trangsuc/public/index.php(20): Illuminate/Foundation/Application->handleRequest(Object(Illuminate/Http/Request))
#74 E:/website_trangsuc/laptrinhweb_thi_website_trangsuc/vendor/laravel/framework/src/Illuminate/Foundation/resources/server.php(23): require_once('E://website_tran...')
#75 {main}

[previous exception] [object] (PDOException(code: 2002): SQLSTATE[HY000] [2002] No connection could be made because the target machine actively refused it at E:/website_trangsuc/laptrinhweb_thi_website_trangsuc/vendor/laravel/framework/src/Illuminate/Database/Connectors/Connector.php:66)
[stacktrace]
#0 E:/website_trangsuc/laptrinhweb_thi_website_trangsuc/vendor/laravel/framework/src/Illuminate/Database/Connectors/Connector.php(66): PDO->__construct('mysql:host=127....', 'root', Object(SensitiveParameterValue), Array)
#1 E:/website_trangsuc/laptrinhweb_thi_website_trangsuc/vendor/laravel/framework/src/Illuminate/Database/Connectors/Connector.php(85): Illuminate/Database/Connectors/Connector->createPdoConnection('mysql:host=127....', 'root', Object(SensitiveParameterValue), Array)
#2 E:/website_trangsuc/laptrinhweb_thi_website_trangsuc/vendor/laravel/framework/src/Illuminate/Database/Connectors/Connector.php(48): Illuminate/Database/Connectors/Connector->tryAgainIfCausedByLostConnection(Object(PDOException), 'mysql:host=127....', 'root', Object(SensitiveParameterValue), Array)
#3 E:/website_trangsuc/laptrinhweb_thi_website_trangsuc/vendor/laravel/framework/src/Illuminate/Database/Connectors/MySqlConnector.php(24): Illuminate/Database/Connectors/Connector->createConnection('mysql:host=127....', Array, Array)
#4 E:/website_trangsuc/laptrinhweb_thi_website_trangsuc/vendor/laravel/framework/src/Illuminate/Database/Connectors/ConnectionFactory.php(186): Illuminate/Database/Connectors/MySqlConnector->connect(Array)
#5 [internal function]: Illuminate/Database/Connectors/ConnectionFactory->Illuminate/Database/Connectors/{closure}()
#6 E:/website_trangsuc/laptrinhweb_thi_website_trangsuc/vendor/laravel/framework/src/Illuminate/Database/Connection.php(1257): call_user_func(Object(Closure))
#7 E:/website_trangsuc/laptrinhweb_thi_website_trangsuc/vendor/laravel/framework/src/Illuminate/Database/Connection.php(1295): Illuminate/Database/Connection->getPdo()
#8 E:/website_trangsuc/laptrinhweb_thi_website_trangsuc/vendor/laravel/framework/src/Illuminate/Database/Connection.php(525): Illuminate/Database/Connection->getReadPdo()
#9 E:/website_trangsuc/laptrinhweb_thi_website_trangsuc/vendor/laravel/framework/src/Illuminate/Database/Connection.php(420): Illuminate/Database/Connection->getPdoForSelect(true)
#10 E:/website_trangsuc/laptrinhweb_thi_website_trangsuc/vendor/laravel/framework/src/Illuminate/Database/Connection.php(827): Illuminate/Database/Connection->Illuminate/Database/{closure}('select * from `...', Array)
#11 E:/website_trangsuc/laptrinhweb_thi_website_trangsuc/vendor/laravel/framework/src/Illuminate/Database/Connection.php(999): Illuminate/Database/Connection->runQueryCallback('select * from `...', Array, Object(Closure))
#12 E:/website_trangsuc/laptrinhweb_thi_website_trangsuc/vendor/laravel/framework/src/Illuminate/Database/Connection.php(978): Illuminate/Database/Connection->tryAgainIfCausedByLostConnection(Object(Illuminate/Database/QueryException), 'select * from `...', Array, Object(Closure))
#13 E:/website_trangsuc/laptrinhweb_thi_website_trangsuc/vendor/laravel/framework/src/Illuminate/Database/Connection.php(796): Illuminate/Database/Connection->handleQueryException(Object(Illuminate/Database/QueryException), 'select * from `...', Array, Object(Closure))
#14 E:/website_trangsuc/laptrinhweb_thi_website_trangsuc/vendor/laravel/framework/src/Illuminate/Database/Connection.php(411): Illuminate/Database/Connection->run('select * from `...', Array, Object(Closure))
#15 E:/website_trangsuc/laptrinhweb_thi_website_trangsuc/vendor/laravel/framework/src/Illuminate/Database/Query/Builder.php(3505): Illuminate/Database/Connection->select('select * from `...', Array, true)
#16 E:/website_trangsuc/laptrinhweb_thi_website_trangsuc/vendor/laravel/framework/src/Illuminate/Database/Query/Builder.php(3490): Illuminate/Database/Query/Builder->runSelect()
#17 E:/website_trangsuc/laptrinhweb_thi_website_trangsuc/vendor/laravel/framework/src/Illuminate/Database/Query/Builder.php(4080): Illuminate/Database/Query/Builder->Illuminate/Database/Query/{closure}()
#18 E:/website_trangsuc/laptrinhweb_thi_website_trangsuc/vendor/laravel/framework/src/Illuminate/Database/Query/Builder.php(3489): Illuminate/Database/Query/Builder->onceWithColumns(Array, Object(Closure))
#19 E:/website_trangsuc/laptrinhweb_thi_website_trangsuc/storage/framework/views/a4e272f84a7cba3fef1131c74cdce1cb.php(2): Illuminate/Database/Query/Builder->get()
#20 E:/website_trangsuc/laptrinhweb_thi_website_trangsuc/vendor/laravel/framework/src/Illuminate/Filesystem/Filesystem.php(123): require('E://website_tran...')
#21 E:/website_trangsuc/laptrinhweb_thi_website_trangsuc/vendor/laravel/framework/src/Illuminate/Filesystem/Filesystem.php(124): Illuminate/Filesystem/Filesystem::Illuminate/Filesystem/{closure}()
#22 E:/website_trangsuc/laptrinhweb_thi_website_trangsuc/vendor/laravel/framework/src/Illuminate/View/Engines/PhpEngine.php(57): Illuminate/Filesystem/Filesystem->getRequire('E://website_tran...', Array)
#23 E:/website_trangsuc/laptrinhweb_thi_website_trangsuc/vendor/laravel/framework/src/Illuminate/View/Engines/CompilerEngine.php(76): Illuminate/View/Engines/PhpEngine->evaluatePath('E://website_tran...', Array)
#24 E:/website_trangsuc/laptrinhweb_thi_website_trangsuc/vendor/laravel/framework/src/Illuminate/View/View.php(208): Illuminate/View/Engines/CompilerEngine->get('E://website_tran...', Array)
#25 E:/website_trangsuc/laptrinhweb_thi_website_trangsuc/vendor/laravel/framework/src/Illuminate/View/View.php(191): Illuminate/View/View->getContents()
#26 E:/website_trangsuc/laptrinhweb_thi_website_trangsuc/vendor/laravel/framework/src/Illuminate/View/View.php(160): Illuminate/View/View->renderContents()
#27 E:/website_trangsuc/laptrinhweb_thi_website_trangsuc/vendor/laravel/framework/src/Illuminate/View/Concerns/ManagesComponents.php(103): Illuminate/View/View->render()
#28 E:/website_trangsuc/laptrinhweb_thi_website_trangsuc/storage/framework/views/6464a70f796b9492a1dc89a8afa00e50.php(13): Illuminate/View/Factory->renderComponent()
#29 E:/website_trangsuc/laptrinhweb_thi_website_trangsuc/vendor/laravel/framework/src/Illuminate/Filesystem/Filesystem.php(123): require('E://website_tran...')
#30 E:/website_trangsuc/laptrinhweb_thi_website_trangsuc/vendor/laravel/framework/src/Illuminate/Filesystem/Filesystem.php(124): Illuminate/Filesystem/Filesystem::Illuminate/Filesystem/{closure}()
#31 E:/website_trangsuc/laptrinhweb_thi_website_trangsuc/vendor/laravel/framework/src/Illuminate/View/Engines/PhpEngine.php(57): Illuminate/Filesystem/Filesystem->getRequire('E://website_tran...', Array)
#32 E:/website_trangsuc/laptrinhweb_thi_website_trangsuc/vendor/laravel/framework/src/Illuminate/View/Engines/CompilerEngine.php(76): Illuminate/View/Engines/PhpEngine->evaluatePath('E://website_tran...', Array)
#33 E:/website_trangsuc/laptrinhweb_thi_website_trangsuc/vendor/laravel/framework/src/Illuminate/View/View.php(208): Illuminate/View/Engines/CompilerEngine->get('E://website_tran...', Array)
#34 E:/website_trangsuc/laptrinhweb_thi_website_trangsuc/vendor/laravel/framework/src/Illuminate/View/View.php(191): Illuminate/View/View->getContents()
#35 E:/website_trangsuc/laptrinhweb_thi_website_trangsuc/vendor/laravel/framework/src/Illuminate/View/View.php(160): Illuminate/View/View->renderContents()
#36 E:/website_trangsuc/laptrinhweb_thi_website_trangsuc/vendor/laravel/framework/src/Illuminate/Http/Response.php(78): Illuminate/View/View->render()
#37 E:/website_trangsuc/laptrinhweb_thi_website_trangsuc/vendor/laravel/framework/src/Illuminate/Http/Response.php(34): Illuminate/Http/Response->setContent(Object(Illuminate/View/View))
#38 E:/website_trangsuc/laptrinhweb_thi_website_trangsuc/vendor/laravel/framework/src/Illuminate/Routing/Router.php(939): Illuminate/Http/Response->__construct(Object(Illuminate/View/View), 200, Array)
#39 E:/website_trangsuc/laptrinhweb_thi_website_trangsuc/vendor/laravel/framework/src/Illuminate/Routing/Router.php(906): Illuminate/Routing/Router::toResponse(Object(Illuminate/Http/Request), Object(Illuminate/View/View))
#40 E:/website_trangsuc/laptrinhweb_thi_website_trangsuc/vendor/laravel/framework/src/Illuminate/Routing/Router.php(821): Illuminate/Routing/Router->prepareResponse(Object(Illuminate/Http/Request), Object(Illuminate/View/View))
#41 E:/website_trangsuc/laptrinhweb_thi_website_trangsuc/vendor/laravel/framework/src/Illuminate/Pipeline/Pipeline.php(180): Illuminate/Routing/Router->Illuminate/Routing/{closure}(Object(Illuminate/Http/Request))
#42 E:/website_trangsuc/laptrinhweb_thi_website_trangsuc/vendor/laravel/framework/src/Illuminate/Routing/Middleware/SubstituteBindings.php(50): Illuminate/Pipeline/Pipeline->Illuminate/Pipeline/{closure}(Object(Illuminate/Http/Request))
#43 E:/website_trangsuc/laptrinhweb_thi_website_trangsuc/vendor/laravel/framework/src/Illuminate/Pipeline/Pipeline.php(219): Illuminate/Routing/Middleware/SubstituteBindings->handle(Object(Illuminate/Http/Request), Object(Closure))
#44 E:/website_trangsuc/laptrinhweb_thi_website_trangsuc/vendor/laravel/framework/src/Illuminate/Foundation/Http/Middleware/VerifyCsrfToken.php(87): Illuminate/Pipeline/Pipeline->Illuminate/Pipeline/{closure}(Object(Illuminate/Http/Request))
#45 E:/website_trangsuc/laptrinhweb_thi_website_trangsuc/vendor/laravel/framework/src/Illuminate/Pipeline/Pipeline.php(219): Illuminate/Foundation/Http/Middleware/VerifyCsrfToken->handle(Object(Illuminate/Http/Request), Object(Closure))
#46 E:/website_trangsuc/laptrinhweb_thi_website_trangsuc/vendor/laravel/framework/src/Illuminate/View/Middleware/ShareErrorsFromSession.php(48): Illuminate/Pipeline/Pipeline->Illuminate/Pipeline/{closure}(Object(Illuminate/Http/Request))
#47 E:/website_trangsuc/laptrinhweb_thi_website_trangsuc/vendor/laravel/framework/src/Illuminate/Pipeline/Pipeline.php(219): Illuminate/View/Middleware/ShareErrorsFromSession->handle(Object(Illuminate/Http/Request), Object(Closure))
#48 E:/website_trangsuc/laptrinhweb_thi_website_trangsuc/vendor/laravel/framework/src/Illuminate/Session/Middleware/StartSession.php(120): Illuminate/Pipeline/Pipeline->Illuminate/Pipeline/{closure}(Object(Illuminate/Http/Request))
#49 E:/website_trangsuc/laptrinhweb_thi_website_trangsuc/vendor/laravel/framework/src/Illuminate/Session/Middleware/StartSession.php(63): Illuminate/Session/Middleware/StartSession->handleStatefulRequest(Object(Illuminate/Http/Request), Object(Illuminate/Session/Store), Object(Closure))
#50 E:/website_trangsuc/laptrinhweb_thi_website_trangsuc/vendor/laravel/framework/src/Illuminate/Pipeline/Pipeline.php(219): Illuminate/Session/Middleware/StartSession->handle(Object(Illuminate/Http/Request), Object(Closure))
#51 E:/website_trangsuc/laptrinhweb_thi_website_trangsuc/vendor/laravel/framework/src/Illuminate/Cookie/Middleware/AddQueuedCookiesToResponse.php(36): Illuminate/Pipeline/Pipeline->Illuminate/Pipeline/{closure}(Object(Illuminate/Http/Request))
#52 E:/website_trangsuc/laptrinhweb_thi_website_trangsuc/vendor/laravel/framework/src/Illuminate/Pipeline/Pipeline.php(219): Illuminate/Cookie/Middleware/AddQueuedCookiesToResponse->handle(Object(Illuminate/Http/Request), Object(Closure))
#53 E:/website_trangsuc/laptrinhweb_thi_website_trangsuc/vendor/laravel/framework/src/Illuminate/Cookie/Middleware/EncryptCookies.php(74): Illuminate/Pipeline/Pipeline->Illuminate/Pipeline/{closure}(Object(Illuminate/Http/Request))
#54 E:/website_trangsuc/laptrinhweb_thi_website_trangsuc/vendor/laravel/framework/src/Illuminate/Pipeline/Pipeline.php(219): Illuminate/Cookie/Middleware/EncryptCookies->handle(Object(Illuminate/Http/Request), Object(Closure))
#55 E:/website_trangsuc/laptrinhweb_thi_website_trangsuc/vendor/laravel/framework/src/Illuminate/Pipeline/Pipeline.php(137): Illuminate/Pipeline/Pipeline->Illuminate/Pipeline/{closure}(Object(Illuminate/Http/Request))
#56 E:/website_trangsuc/laptrinhweb_thi_website_trangsuc/vendor/laravel/framework/src/Illuminate/Routing/Router.php(821): Illuminate/Pipeline/Pipeline->then(Object(Closure))
#57 E:/website_trangsuc/laptrinhweb_thi_website_trangsuc/vendor/laravel/framework/src/Illuminate/Routing/Router.php(800): Illuminate/Routing/Router->runRouteWithinStack(Object(Illuminate/Routing/Route), Object(Illuminate/Http/Request))
#58 E:/website_trangsuc/laptrinhweb_thi_website_trangsuc/vendor/laravel/framework/src/Illuminate/Routing/Router.php(764): Illuminate/Routing/Router->runRoute(Object(Illuminate/Http/Request), Object(Illuminate/Routing/Route))
#59 E:/website_trangsuc/laptrinhweb_thi_website_trangsuc/vendor/laravel/framework/src/Illuminate/Routing/Router.php(753): Illuminate/Routing/Router->dispatchToRoute(Object(Illuminate/Http/Request))
#60 E:/website_trangsuc/laptrinhweb_thi_website_trangsuc/vendor/laravel/framework/src/Illuminate/Foundation/Http/Kernel.php(200): Illuminate/Routing/Router->dispatch(Object(Illuminate/Http/Request))
#61 E:/website_trangsuc/laptrinhweb_thi_website_trangsuc/vendor/laravel/framework/src/Illuminate/Pipeline/Pipeline.php(180): Illuminate/Foundation/Http/Kernel->Illuminate/Foundation/Http/{closure}(Object(Illuminate/Http/Request))
#62 E:/website_trangsuc/laptrinhweb_thi_website_trangsuc/vendor/laravel/framework/src/Illuminate/Foundation/Http/Middleware/TransformsRequest.php(21): Illuminate/Pipeline/Pipeline->Illuminate/Pipeline/{closure}(Object(Illuminate/Http/Request))
#63 E:/website_trangsuc/laptrinhweb_thi_website_trangsuc/vendor/laravel/framework/src/Illuminate/Foundation/Http/Middleware/ConvertEmptyStringsToNull.php(31): Illuminate/Foundation/Http/Middleware/TransformsRequest->handle(Object(Illuminate/Http/Request), Object(Closure))
#64 E:/website_trangsuc/laptrinhweb_thi_website_trangsuc/vendor/laravel/framework/src/Illuminate/Pipeline/Pipeline.php(219): Illuminate/Foundation/Http/Middleware/ConvertEmptyStringsToNull->handle(Object(Illuminate/Http/Request), Object(Closure))
#65 E:/website_trangsuc/laptrinhweb_thi_website_trangsuc/vendor/laravel/framework/src/Illuminate/Foundation/Http/Middleware/TransformsRequest.php(21): Illuminate/Pipeline/Pipeline->Illuminate/Pipeline/{closure}(Object(Illuminate/Http/Request))
#66 E:/website_trangsuc/laptrinhweb_thi_website_trangsuc/vendor/laravel/framework/src/Illuminate/Foundation/Http/Middleware/TrimStrings.php(51): Illuminate/Foundation/Http/Middleware/TransformsRequest->handle(Object(Illuminate/Http/Request), Object(Closure))
#67 E:/website_trangsuc/laptrinhweb_thi_website_trangsuc/vendor/laravel/framework/src/Illuminate/Pipeline/Pipeline.php(219): Illuminate/Foundation/Http/Middleware/TrimStrings->handle(Object(Illuminate/Http/Request), Object(Closure))
#68 E:/website_trangsuc/laptrinhweb_thi_website_trangsuc/vendor/laravel/framework/src/Illuminate/Http/Middleware/ValidatePostSize.php(27): Illuminate/Pipeline/Pipeline->Illuminate/Pipeline/{closure}(Object(Illuminate/Http/Request))
#69 E:/website_trangsuc/laptrinhweb_thi_website_trangsuc/vendor/laravel/framework/src/Illuminate/Pipeline/Pipeline.php(219): Illuminate/Http/Middleware/ValidatePostSize->handle(Object(Illuminate/Http/Request), Object(Closure))
#70 E:/website_trangsuc/laptrinhweb_thi_website_trangsuc/vendor/laravel/framework/src/Illuminate/Foundation/Http/Middleware/PreventRequestsDuringMaintenance.php(109): Illuminate/Pipeline/Pipeline->Illuminate/Pipeline/{closure}(Object(Illuminate/Http/Request))
#71 E:/website_trangsuc/laptrinhweb_thi_website_trangsuc/vendor/laravel/framework/src/Illuminate/Pipeline/Pipeline.php(219): Illuminate/Foundation/Http/Middleware/PreventRequestsDuringMaintenance->handle(Object(Illuminate/Http/Request), Object(Closure))
#72 E:/website_trangsuc/laptrinhweb_thi_website_trangsuc/vendor/laravel/framework/src/Illuminate/Http/Middleware/HandleCors.php(61): Illuminate/Pipeline/Pipeline->Illuminate/Pipeline/{closure}(Object(Illuminate/Http/Request))
#73 E:/website_trangsuc/laptrinhweb_thi_website_trangsuc/vendor/laravel/framework/src/Illuminate/Pipeline/Pipeline.php(219): Illuminate/Http/Middleware/HandleCors->handle(Object(Illuminate/Http/Request), Object(Closure))
#74 E:/website_trangsuc/laptrinhweb_thi_website_trangsuc/vendor/laravel/framework/src/Illuminate/Http/Middleware/TrustProxies.php(58): Illuminate/Pipeline/Pipeline->Illuminate/Pipeline/{closure}(Object(Illuminate/Http/Request))
#75 E:/website_trangsuc/laptrinhweb_thi_website_trangsuc/vendor/laravel/framework/src/Illuminate/Pipeline/Pipeline.php(219): Illuminate/Http/Middleware/TrustProxies->handle(Object(Illuminate/Http/Request), Object(Closure))
#76 E:/website_trangsuc/laptrinhweb_thi_website_trangsuc/vendor/laravel/framework/src/Illuminate/Foundation/Http/Middleware/InvokeDeferredCallbacks.php(22): Illuminate/Pipeline/Pipeline->Illuminate/Pipeline/{closure}(Object(Illuminate/Http/Request))
#77 E:/website_trangsuc/laptrinhweb_thi_website_trangsuc/vendor/laravel/framework/src/Illuminate/Pipeline/Pipeline.php(219): Illuminate/Foundation/Http/Middleware/InvokeDeferredCallbacks->handle(Object(Illuminate/Http/Request), Object(Closure))
#78 E:/website_trangsuc/laptrinhweb_thi_website_trangsuc/vendor/laravel/framework/src/Illuminate/Http/Middleware/ValidatePathEncoding.php(26): Illuminate/Pipeline/Pipeline->Illuminate/Pipeline/{closure}(Object(Illuminate/Http/Request))
#79 E:/website_trangsuc/laptrinhweb_thi_website_trangsuc/vendor/laravel/framework/src/Illuminate/Pipeline/Pipeline.php(219): Illuminate/Http/Middleware/ValidatePathEncoding->handle(Object(Illuminate/Http/Request), Object(Closure))
#80 E:/website_trangsuc/laptrinhweb_thi_website_trangsuc/vendor/laravel/framework/src/Illuminate/Pipeline/Pipeline.php(137): Illuminate/Pipeline/Pipeline->Illuminate/Pipeline/{closure}(Object(Illuminate/Http/Request))
#81 E:/website_trangsuc/laptrinhweb_thi_website_trangsuc/vendor/laravel/framework/src/Illuminate/Foundation/Http/Kernel.php(175): Illuminate/Pipeline/Pipeline->then(Object(Closure))
#82 E:/website_trangsuc/laptrinhweb_thi_website_trangsuc/vendor/laravel/framework/src/Illuminate/Foundation/Http/Kernel.php(144): Illuminate/Foundation/Http/Kernel->sendRequestThroughRouter(Object(Illuminate/Http/Request))
#83 E:/website_trangsuc/laptrinhweb_thi_website_trangsuc/vendor/laravel/framework/src/Illuminate/Foundation/Application.php(1220): Illuminate/Foundation/Http/Kernel->handle(Object(Illuminate/Http/Request))
#84 E:/website_trangsuc/laptrinhweb_thi_website_trangsuc/public/index.php(20): Illuminate/Foundation/Application->handleRequest(Object(Illuminate/Http/Request))
#85 E:/website_trangsuc/laptrinhweb_thi_website_trangsuc/vendor/laravel/framework/src/Illuminate/Foundation/resources/server.php(23): require_once('E://website_tran...')
#86 {main}
"} 
[2026-05-30 17:42:37] local.ERROR: SQLSTATE[HY000] [2002] No connection could be made because the target machine actively refused it (Connection: mysql, Host: 127.0.0.1, Port: 3306, Database: webshop_trangsuc, SQL: select * from `Banner` where `TrangThai` = 1) (View: E:\website_trangsuc\laptrinhweb_thi_website_trangsuc\resources\views\components\banner.blade.php) (View: E:\website_trangsuc\laptrinhweb_thi_website_trangsuc\resources\views\components\banner.blade.php) {"exception":"[object] (Illuminate\\View\\ViewException(code: 0): SQLSTATE[HY000] [2002] No connection could be made because the target machine actively refused it (Connection: mysql, Host: 127.0.0.1, Port: 3306, Database: webshop_trangsuc, SQL: select * from `Banner` where `TrangThai` = 1) (View: E:\\website_trangsuc\\laptrinhweb_thi_website_trangsuc\\resources\\views\\components\\banner.blade.php) (View: E:\\website_trangsuc\\laptrinhweb_thi_website_trangsuc\\resources\\views\\components\\banner.blade.php) at E:/website_trangsuc/laptrinhweb_thi_website_trangsuc/vendor/laravel/framework/src/Illuminate/Database/Connection.php:838)
[stacktrace]
#0 E:/website_trangsuc/laptrinhweb_thi_website_trangsuc/vendor/laravel/framework/src/Illuminate/View/Engines/PhpEngine.php(59): Illuminate/View/Engines/CompilerEngine->handleViewException(Object(Illuminate/View/ViewException), 1)
#1 E:/website_trangsuc/laptrinhweb_thi_website_trangsuc/vendor/laravel/framework/src/Illuminate/View/Engines/CompilerEngine.php(76): Illuminate/View/Engines/PhpEngine->evaluatePath('E://website_tran...', Array)
#2 E:/website_trangsuc/laptrinhweb_thi_website_trangsuc/vendor/laravel/framework/src/Illuminate/View/View.php(208): Illuminate/View/Engines/CompilerEngine->get('E://website_tran...', Array)
#3 E:/website_trangsuc/laptrinhweb_thi_website_trangsuc/vendor/laravel/framework/src/Illuminate/View/View.php(191): Illuminate/View/View->getContents()
#4 E:/website_trangsuc/laptrinhweb_thi_website_trangsuc/vendor/laravel/framework/src/Illuminate/View/View.php(160): Illuminate/View/View->renderContents()
#5 E:/website_trangsuc/laptrinhweb_thi_website_trangsuc/vendor/laravel/framework/src/Illuminate/Http/Response.php(78): Illuminate/View/View->render()
#6 E:/website_trangsuc/laptrinhweb_thi_website_trangsuc/vendor/laravel/framework/src/Illuminate/Http/Response.php(34): Illuminate/Http/Response->setContent(Object(Illuminate/View/View))
#7 E:/website_trangsuc/laptrinhweb_thi_website_trangsuc/vendor/laravel/framework/src/Illuminate/Routing/Router.php(939): Illuminate/Http/Response->__construct(Object(Illuminate/View/View), 200, Array)
#8 E:/website_trangsuc/laptrinhweb_thi_website_trangsuc/vendor/laravel/framework/src/Illuminate/Routing/Router.php(906): Illuminate/Routing/Router::toResponse(Object(Illuminate/Http/Request), Object(Illuminate/View/View))
#9 E:/website_trangsuc/laptrinhweb_thi_website_trangsuc/vendor/laravel/framework/src/Illuminate/Routing/Router.php(821): Illuminate/Routing/Router->prepareResponse(Object(Illuminate/Http/Request), Object(Illuminate/View/View))
#10 E:/website_trangsuc/laptrinhweb_thi_website_trangsuc/vendor/laravel/framework/src/Illuminate/Pipeline/Pipeline.php(180): Illuminate/Routing/Router->Illuminate/Routing/{closure}(Object(Illuminate/Http/Request))
#11 E:/website_trangsuc/laptrinhweb_thi_website_trangsuc/vendor/laravel/framework/src/Illuminate/Routing/Middleware/SubstituteBindings.php(50): Illuminate/Pipeline/Pipeline->Illuminate/Pipeline/{closure}(Object(Illuminate/Http/Request))
#12 E:/website_trangsuc/laptrinhweb_thi_website_trangsuc/vendor/laravel/framework/src/Illuminate/Pipeline/Pipeline.php(219): Illuminate/Routing/Middleware/SubstituteBindings->handle(Object(Illuminate/Http/Request), Object(Closure))
#13 E:/website_trangsuc/laptrinhweb_thi_website_trangsuc/vendor/laravel/framework/src/Illuminate/Foundation/Http/Middleware/VerifyCsrfToken.php(87): Illuminate/Pipeline/Pipeline->Illuminate/Pipeline/{closure}(Object(Illuminate/Http/Request))
#14 E:/website_trangsuc/laptrinhweb_thi_website_trangsuc/vendor/laravel/framework/src/Illuminate/Pipeline/Pipeline.php(219): Illuminate/Foundation/Http/Middleware/VerifyCsrfToken->handle(Object(Illuminate/Http/Request), Object(Closure))
#15 E:/website_trangsuc/laptrinhweb_thi_website_trangsuc/vendor/laravel/framework/src/Illuminate/View/Middleware/ShareErrorsFromSession.php(48): Illuminate/Pipeline/Pipeline->Illuminate/Pipeline/{closure}(Object(Illuminate/Http/Request))
#16 E:/website_trangsuc/laptrinhweb_thi_website_trangsuc/vendor/laravel/framework/src/Illuminate/Pipeline/Pipeline.php(219): Illuminate/View/Middleware/ShareErrorsFromSession->handle(Object(Illuminate/Http/Request), Object(Closure))
#17 E:/website_trangsuc/laptrinhweb_thi_website_trangsuc/vendor/laravel/framework/src/Illuminate/Session/Middleware/StartSession.php(120): Illuminate/Pipeline/Pipeline->Illuminate/Pipeline/{closure}(Object(Illuminate/Http/Request))
#18 E:/website_trangsuc/laptrinhweb_thi_website_trangsuc/vendor/laravel/framework/src/Illuminate/Session/Middleware/StartSession.php(63): Illuminate/Session/Middleware/StartSession->handleStatefulRequest(Object(Illuminate/Http/Request), Object(Illuminate/Session/Store), Object(Closure))
#19 E:/website_trangsuc/laptrinhweb_thi_website_trangsuc/vendor/laravel/framework/src/Illuminate/Pipeline/Pipeline.php(219): Illuminate/Session/Middleware/StartSession->handle(Object(Illuminate/Http/Request), Object(Closure))
#20 E:/website_trangsuc/laptrinhweb_thi_website_trangsuc/vendor/laravel/framework/src/Illuminate/Cookie/Middleware/AddQueuedCookiesToResponse.php(36): Illuminate/Pipeline/Pipeline->Illuminate/Pipeline/{closure}(Object(Illuminate/Http/Request))
#21 E:/website_trangsuc/laptrinhweb_thi_website_trangsuc/vendor/laravel/framework/src/Illuminate/Pipeline/Pipeline.php(219): Illuminate/Cookie/Middleware/AddQueuedCookiesToResponse->handle(Object(Illuminate/Http/Request), Object(Closure))
#22 E:/website_trangsuc/laptrinhweb_thi_website_trangsuc/vendor/laravel/framework/src/Illuminate/Cookie/Middleware/EncryptCookies.php(74): Illuminate/Pipeline/Pipeline->Illuminate/Pipeline/{closure}(Object(Illuminate/Http/Request))
#23 E:/website_trangsuc/laptrinhweb_thi_website_trangsuc/vendor/laravel/framework/src/Illuminate/Pipeline/Pipeline.php(219): Illuminate/Cookie/Middleware/EncryptCookies->handle(Object(Illuminate/Http/Request), Object(Closure))
#24 E:/website_trangsuc/laptrinhweb_thi_website_trangsuc/vendor/laravel/framework/src/Illuminate/Pipeline/Pipeline.php(137): Illuminate/Pipeline/Pipeline->Illuminate/Pipeline/{closure}(Object(Illuminate/Http/Request))
#25 E:/website_trangsuc/laptrinhweb_thi_website_trangsuc/vendor/laravel/framework/src/Illuminate/Routing/Router.php(821): Illuminate/Pipeline/Pipeline->then(Object(Closure))
#26 E:/website_trangsuc/laptrinhweb_thi_website_trangsuc/vendor/laravel/framework/src/Illuminate/Routing/Router.php(800): Illuminate/Routing/Router->runRouteWithinStack(Object(Illuminate/Routing/Route), Object(Illuminate/Http/Request))
#27 E:/website_trangsuc/laptrinhweb_thi_website_trangsuc/vendor/laravel/framework/src/Illuminate/Routing/Router.php(764): Illuminate/Routing/Router->runRoute(Object(Illuminate/Http/Request), Object(Illuminate/Routing/Route))
#28 E:/website_trangsuc/laptrinhweb_thi_website_trangsuc/vendor/laravel/framework/src/Illuminate/Routing/Router.php(753): Illuminate/Routing/Router->dispatchToRoute(Object(Illuminate/Http/Request))
#29 E:/website_trangsuc/laptrinhweb_thi_website_trangsuc/vendor/laravel/framework/src/Illuminate/Foundation/Http/Kernel.php(200): Illuminate/Routing/Router->dispatch(Object(Illuminate/Http/Request))
#30 E:/website_trangsuc/laptrinhweb_thi_website_trangsuc/vendor/laravel/framework/src/Illuminate/Pipeline/Pipeline.php(180): Illuminate/Foundation/Http/Kernel->Illuminate/Foundation/Http/{closure}(Object(Illuminate/Http/Request))
#31 E:/website_trangsuc/laptrinhweb_thi_website_trangsuc/vendor/laravel/framework/src/Illuminate/Foundation/Http/Middleware/TransformsRequest.php(21): Illuminate/Pipeline/Pipeline->Illuminate/Pipeline/{closure}(Object(Illuminate/Http/Request))
#32 E:/website_trangsuc/laptrinhweb_thi_website_trangsuc/vendor/laravel/framework/src/Illuminate/Foundation/Http/Middleware/ConvertEmptyStringsToNull.php(31): Illuminate/Foundation/Http/Middleware/TransformsRequest->handle(Object(Illuminate/Http/Request), Object(Closure))
#33 E:/website_trangsuc/laptrinhweb_thi_website_trangsuc/vendor/laravel/framework/src/Illuminate/Pipeline/Pipeline.php(219): Illuminate/Foundation/Http/Middleware/ConvertEmptyStringsToNull->handle(Object(Illuminate/Http/Request), Object(Closure))
#34 E:/website_trangsuc/laptrinhweb_thi_website_trangsuc/vendor/laravel/framework/src/Illuminate/Foundation/Http/Middleware/TransformsRequest.php(21): Illuminate/Pipeline/Pipeline->Illuminate/Pipeline/{closure}(Object(Illuminate/Http/Request))
#35 E:/website_trangsuc/laptrinhweb_thi_website_trangsuc/vendor/laravel/framework/src/Illuminate/Foundation/Http/Middleware/TrimStrings.php(51): Illuminate/Foundation/Http/Middleware/TransformsRequest->handle(Object(Illuminate/Http/Request), Object(Closure))
#36 E:/website_trangsuc/laptrinhweb_thi_website_trangsuc/vendor/laravel/framework/src/Illuminate/Pipeline/Pipeline.php(219): Illuminate/Foundation/Http/Middleware/TrimStrings->handle(Object(Illuminate/Http/Request), Object(Closure))
#37 E:/website_trangsuc/laptrinhweb_thi_website_trangsuc/vendor/laravel/framework/src/Illuminate/Http/Middleware/ValidatePostSize.php(27): Illuminate/Pipeline/Pipeline->Illuminate/Pipeline/{closure}(Object(Illuminate/Http/Request))
#38 E:/website_trangsuc/laptrinhweb_thi_website_trangsuc/vendor/laravel/framework/src/Illuminate/Pipeline/Pipeline.php(219): Illuminate/Http/Middleware/ValidatePostSize->handle(Object(Illuminate/Http/Request), Object(Closure))
#39 E:/website_trangsuc/laptrinhweb_thi_website_trangsuc/vendor/laravel/framework/src/Illuminate/Foundation/Http/Middleware/PreventRequestsDuringMaintenance.php(109): Illuminate/Pipeline/Pipeline->Illuminate/Pipeline/{closure}(Object(Illuminate/Http/Request))
#40 E:/website_trangsuc/laptrinhweb_thi_website_trangsuc/vendor/laravel/framework/src/Illuminate/Pipeline/Pipeline.php(219): Illuminate/Foundation/Http/Middleware/PreventRequestsDuringMaintenance->handle(Object(Illuminate/Http/Request), Object(Closure))
#41 E:/website_trangsuc/laptrinhweb_thi_website_trangsuc/vendor/laravel/framework/src/Illuminate/Http/Middleware/HandleCors.php(61): Illuminate/Pipeline/Pipeline->Illuminate/Pipeline/{closure}(Object(Illuminate/Http/Request))
#42 E:/website_trangsuc/laptrinhweb_thi_website_trangsuc/vendor/laravel/framework/src/Illuminate/Pipeline/Pipeline.php(219): Illuminate/Http/Middleware/HandleCors->handle(Object(Illuminate/Http/Request), Object(Closure))
#43 E:/website_trangsuc/laptrinhweb_thi_website_trangsuc/vendor/laravel/framework/src/Illuminate/Http/Middleware/TrustProxies.php(58): Illuminate/Pipeline/Pipeline->Illuminate/Pipeline/{closure}(Object(Illuminate/Http/Request))
#44 E:/website_trangsuc/laptrinhweb_thi_website_trangsuc/vendor/laravel/framework/src/Illuminate/Pipeline/Pipeline.php(219): Illuminate/Http/Middleware/TrustProxies->handle(Object(Illuminate/Http/Request), Object(Closure))
#45 E:/website_trangsuc/laptrinhweb_thi_website_trangsuc/vendor/laravel/framework/src/Illuminate/Foundation/Http/Middleware/InvokeDeferredCallbacks.php(22): Illuminate/Pipeline/Pipeline->Illuminate/Pipeline/{closure}(Object(Illuminate/Http/Request))
#46 E:/website_trangsuc/laptrinhweb_thi_website_trangsuc/vendor/laravel/framework/src/Illuminate/Pipeline/Pipeline.php(219): Illuminate/Foundation/Http/Middleware/InvokeDeferredCallbacks->handle(Object(Illuminate/Http/Request), Object(Closure))
#47 E:/website_trangsuc/laptrinhweb_thi_website_trangsuc/vendor/laravel/framework/src/Illuminate/Http/Middleware/ValidatePathEncoding.php(26): Illuminate/Pipeline/Pipeline->Illuminate/Pipeline/{closure}(Object(Illuminate/Http/Request))
#48 E:/website_trangsuc/laptrinhweb_thi_website_trangsuc/vendor/laravel/framework/src/Illuminate/Pipeline/Pipeline.php(219): Illuminate/Http/Middleware/ValidatePathEncoding->handle(Object(Illuminate/Http/Request), Object(Closure))
#49 E:/website_trangsuc/laptrinhweb_thi_website_trangsuc/vendor/laravel/framework/src/Illuminate/Pipeline/Pipeline.php(137): Illuminate/Pipeline/Pipeline->Illuminate/Pipeline/{closure}(Object(Illuminate/Http/Request))
#50 E:/website_trangsuc/laptrinhweb_thi_website_trangsuc/vendor/laravel/framework/src/Illuminate/Foundation/Http/Kernel.php(175): Illuminate/Pipeline/Pipeline->then(Object(Closure))
#51 E:/website_trangsuc/laptrinhweb_thi_website_trangsuc/vendor/laravel/framework/src/Illuminate/Foundation/Http/Kernel.php(144): Illuminate/Foundation/Http/Kernel->sendRequestThroughRouter(Object(Illuminate/Http/Request))
#52 E:/website_trangsuc/laptrinhweb_thi_website_trangsuc/vendor/laravel/framework/src/Illuminate/Foundation/Application.php(1220): Illuminate/Foundation/Http/Kernel->handle(Object(Illuminate/Http/Request))
#53 E:/website_trangsuc/laptrinhweb_thi_website_trangsuc/public/index.php(20): Illuminate/Foundation/Application->handleRequest(Object(Illuminate/Http/Request))
#54 E:/website_trangsuc/laptrinhweb_thi_website_trangsuc/vendor/laravel/framework/src/Illuminate/Foundation/resources/server.php(23): require_once('E://website_tran...')
#55 {main}

[previous exception] [object] (Illuminate\\View\\ViewException(code: 0): SQLSTATE[HY000] [2002] No connection could be made because the target machine actively refused it (Connection: mysql, Host: 127.0.0.1, Port: 3306, Database: webshop_trangsuc, SQL: select * from `Banner` where `TrangThai` = 1) (View: E:\\website_trangsuc\\laptrinhweb_thi_website_trangsuc\\resources\\views\\components\\banner.blade.php) at E:/website_trangsuc/laptrinhweb_thi_website_trangsuc/vendor/laravel/framework/src/Illuminate/Database/Connection.php:838)
[stacktrace]
#0 E:/website_trangsuc/laptrinhweb_thi_website_trangsuc/vendor/laravel/framework/src/Illuminate/View/Engines/PhpEngine.php(59): Illuminate/View/Engines/CompilerEngine->handleViewException(Object(Illuminate/Database/QueryException), 3)
#1 E:/website_trangsuc/laptrinhweb_thi_website_trangsuc/vendor/laravel/framework/src/Illuminate/View/Engines/CompilerEngine.php(76): Illuminate/View/Engines/PhpEngine->evaluatePath('E://website_tran...', Array)
#2 E:/website_trangsuc/laptrinhweb_thi_website_trangsuc/vendor/laravel/framework/src/Illuminate/View/View.php(208): Illuminate/View/Engines/CompilerEngine->get('E://website_tran...', Array)
#3 E:/website_trangsuc/laptrinhweb_thi_website_trangsuc/vendor/laravel/framework/src/Illuminate/View/View.php(191): Illuminate/View/View->getContents()
#4 E:/website_trangsuc/laptrinhweb_thi_website_trangsuc/vendor/laravel/framework/src/Illuminate/View/View.php(160): Illuminate/View/View->renderContents()
#5 E:/website_trangsuc/laptrinhweb_thi_website_trangsuc/vendor/laravel/framework/src/Illuminate/View/Concerns/ManagesComponents.php(103): Illuminate/View/View->render()
#6 E:/website_trangsuc/laptrinhweb_thi_website_trangsuc/storage/framework/views/6464a70f796b9492a1dc89a8afa00e50.php(13): Illuminate/View/Factory->renderComponent()
#7 E:/website_trangsuc/laptrinhweb_thi_website_trangsuc/vendor/laravel/framework/src/Illuminate/Filesystem/Filesystem.php(123): require('E://website_tran...')
#8 E:/website_trangsuc/laptrinhweb_thi_website_trangsuc/vendor/laravel/framework/src/Illuminate/Filesystem/Filesystem.php(124): Illuminate/Filesystem/Filesystem::Illuminate/Filesystem/{closure}()
#9 E:/website_trangsuc/laptrinhweb_thi_website_trangsuc/vendor/laravel/framework/src/Illuminate/View/Engines/PhpEngine.php(57): Illuminate/Filesystem/Filesystem->getRequire('E://website_tran...', Array)
#10 E:/website_trangsuc/laptrinhweb_thi_website_trangsuc/vendor/laravel/framework/src/Illuminate/View/Engines/CompilerEngine.php(76): Illuminate/View/Engines/PhpEngine->evaluatePath('E://website_tran...', Array)
#11 E:/website_trangsuc/laptrinhweb_thi_website_trangsuc/vendor/laravel/framework/src/Illuminate/View/View.php(208): Illuminate/View/Engines/CompilerEngine->get('E://website_tran...', Array)
#12 E:/website_trangsuc/laptrinhweb_thi_website_trangsuc/vendor/laravel/framework/src/Illuminate/View/View.php(191): Illuminate/View/View->getContents()
#13 E:/website_trangsuc/laptrinhweb_thi_website_trangsuc/vendor/laravel/framework/src/Illuminate/View/View.php(160): Illuminate/View/View->renderContents()
#14 E:/website_trangsuc/laptrinhweb_thi_website_trangsuc/vendor/laravel/framework/src/Illuminate/Http/Response.php(78): Illuminate/View/View->render()
#15 E:/website_trangsuc/laptrinhweb_thi_website_trangsuc/vendor/laravel/framework/src/Illuminate/Http/Response.php(34): Illuminate/Http/Response->setContent(Object(Illuminate/View/View))
#16 E:/website_trangsuc/laptrinhweb_thi_website_trangsuc/vendor/laravel/framework/src/Illuminate/Routing/Router.php(939): Illuminate/Http/Response->__construct(Object(Illuminate/View/View), 200, Array)
#17 E:/website_trangsuc/laptrinhweb_thi_website_trangsuc/vendor/laravel/framework/src/Illuminate/Routing/Router.php(906): Illuminate/Routing/Router::toResponse(Object(Illuminate/Http/Request), Object(Illuminate/View/View))
#18 E:/website_trangsuc/laptrinhweb_thi_website_trangsuc/vendor/laravel/framework/src/Illuminate/Routing/Router.php(821): Illuminate/Routing/Router->prepareResponse(Object(Illuminate/Http/Request), Object(Illuminate/View/View))
#19 E:/website_trangsuc/laptrinhweb_thi_website_trangsuc/vendor/laravel/framework/src/Illuminate/Pipeline/Pipeline.php(180): Illuminate/Routing/Router->Illuminate/Routing/{closure}(Object(Illuminate/Http/Request))
#20 E:/website_trangsuc/laptrinhweb_thi_website_trangsuc/vendor/laravel/framework/src/Illuminate/Routing/Middleware/SubstituteBindings.php(50): Illuminate/Pipeline/Pipeline->Illuminate/Pipeline/{closure}(Object(Illuminate/Http/Request))
#21 E:/website_trangsuc/laptrinhweb_thi_website_trangsuc/vendor/laravel/framework/src/Illuminate/Pipeline/Pipeline.php(219): Illuminate/Routing/Middleware/SubstituteBindings->handle(Object(Illuminate/Http/Request), Object(Closure))
#22 E:/website_trangsuc/laptrinhweb_thi_website_trangsuc/vendor/laravel/framework/src/Illuminate/Foundation/Http/Middleware/VerifyCsrfToken.php(87): Illuminate/Pipeline/Pipeline->Illuminate/Pipeline/{closure}(Object(Illuminate/Http/Request))
#23 E:/website_trangsuc/laptrinhweb_thi_website_trangsuc/vendor/laravel/framework/src/Illuminate/Pipeline/Pipeline.php(219): Illuminate/Foundation/Http/Middleware/VerifyCsrfToken->handle(Object(Illuminate/Http/Request), Object(Closure))
#24 E:/website_trangsuc/laptrinhweb_thi_website_trangsuc/vendor/laravel/framework/src/Illuminate/View/Middleware/ShareErrorsFromSession.php(48): Illuminate/Pipeline/Pipeline->Illuminate/Pipeline/{closure}(Object(Illuminate/Http/Request))
#25 E:/website_trangsuc/laptrinhweb_thi_website_trangsuc/vendor/laravel/framework/src/Illuminate/Pipeline/Pipeline.php(219): Illuminate/View/Middleware/ShareErrorsFromSession->handle(Object(Illuminate/Http/Request), Object(Closure))
#26 E:/website_trangsuc/laptrinhweb_thi_website_trangsuc/vendor/laravel/framework/src/Illuminate/Session/Middleware/StartSession.php(120): Illuminate/Pipeline/Pipeline->Illuminate/Pipeline/{closure}(Object(Illuminate/Http/Request))
#27 E:/website_trangsuc/laptrinhweb_thi_website_trangsuc/vendor/laravel/framework/src/Illuminate/Session/Middleware/StartSession.php(63): Illuminate/Session/Middleware/StartSession->handleStatefulRequest(Object(Illuminate/Http/Request), Object(Illuminate/Session/Store), Object(Closure))
#28 E:/website_trangsuc/laptrinhweb_thi_website_trangsuc/vendor/laravel/framework/src/Illuminate/Pipeline/Pipeline.php(219): Illuminate/Session/Middleware/StartSession->handle(Object(Illuminate/Http/Request), Object(Closure))
#29 E:/website_trangsuc/laptrinhweb_thi_website_trangsuc/vendor/laravel/framework/src/Illuminate/Cookie/Middleware/AddQueuedCookiesToResponse.php(36): Illuminate/Pipeline/Pipeline->Illuminate/Pipeline/{closure}(Object(Illuminate/Http/Request))
#30 E:/website_trangsuc/laptrinhweb_thi_website_trangsuc/vendor/laravel/framework/src/Illuminate/Pipeline/Pipeline.php(219): Illuminate/Cookie/Middleware/AddQueuedCookiesToResponse->handle(Object(Illuminate/Http/Request), Object(Closure))
#31 E:/website_trangsuc/laptrinhweb_thi_website_trangsuc/vendor/laravel/framework/src/Illuminate/Cookie/Middleware/EncryptCookies.php(74): Illuminate/Pipeline/Pipeline->Illuminate/Pipeline/{closure}(Object(Illuminate/Http/Request))
#32 E:/website_trangsuc/laptrinhweb_thi_website_trangsuc/vendor/laravel/framework/src/Illuminate/Pipeline/Pipeline.php(219): Illuminate/Cookie/Middleware/EncryptCookies->handle(Object(Illuminate/Http/Request), Object(Closure))
#33 E:/website_trangsuc/laptrinhweb_thi_website_trangsuc/vendor/laravel/framework/src/Illuminate/Pipeline/Pipeline.php(137): Illuminate/Pipeline/Pipeline->Illuminate/Pipeline/{closure}(Object(Illuminate/Http/Request))
#34 E:/website_trangsuc/laptrinhweb_thi_website_trangsuc/vendor/laravel/framework/src/Illuminate/Routing/Router.php(821): Illuminate/Pipeline/Pipeline->then(Object(Closure))
#35 E:/website_trangsuc/laptrinhweb_thi_website_trangsuc/vendor/laravel/framework/src/Illuminate/Routing/Router.php(800): Illuminate/Routing/Router->runRouteWithinStack(Object(Illuminate/Routing/Route), Object(Illuminate/Http/Request))
#36 E:/website_trangsuc/laptrinhweb_thi_website_trangsuc/vendor/laravel/framework/src/Illuminate/Routing/Router.php(764): Illuminate/Routing/Router->runRoute(Object(Illuminate/Http/Request), Object(Illuminate/Routing/Route))
#37 E:/website_trangsuc/laptrinhweb_thi_website_trangsuc/vendor/laravel/framework/src/Illuminate/Routing/Router.php(753): Illuminate/Routing/Router->dispatchToRoute(Object(Illuminate/Http/Request))
#38 E:/website_trangsuc/laptrinhweb_thi_website_trangsuc/vendor/laravel/framework/src/Illuminate/Foundation/Http/Kernel.php(200): Illuminate/Routing/Router->dispatch(Object(Illuminate/Http/Request))
#39 E:/website_trangsuc/laptrinhweb_thi_website_trangsuc/vendor/laravel/framework/src/Illuminate/Pipeline/Pipeline.php(180): Illuminate/Foundation/Http/Kernel->Illuminate/Foundation/Http/{closure}(Object(Illuminate/Http/Request))
#40 E:/website_trangsuc/laptrinhweb_thi_website_trangsuc/vendor/laravel/framework/src/Illuminate/Foundation/Http/Middleware/TransformsRequest.php(21): Illuminate/Pipeline/Pipeline->Illuminate/Pipeline/{closure}(Object(Illuminate/Http/Request))
#41 E:/website_trangsuc/laptrinhweb_thi_website_trangsuc/vendor/laravel/framework/src/Illuminate/Foundation/Http/Middleware/ConvertEmptyStringsToNull.php(31): Illuminate/Foundation/Http/Middleware/TransformsRequest->handle(Object(Illuminate/Http/Request), Object(Closure))
#42 E:/website_trangsuc/laptrinhweb_thi_website_trangsuc/vendor/laravel/framework/src/Illuminate/Pipeline/Pipeline.php(219): Illuminate/Foundation/Http/Middleware/ConvertEmptyStringsToNull->handle(Object(Illuminate/Http/Request), Object(Closure))
#43 E:/website_trangsuc/laptrinhweb_thi_website_trangsuc/vendor/laravel/framework/src/Illuminate/Foundation/Http/Middleware/TransformsRequest.php(21): Illuminate/Pipeline/Pipeline->Illuminate/Pipeline/{closure}(Object(Illuminate/Http/Request))
#44 E:/website_trangsuc/laptrinhweb_thi_website_trangsuc/vendor/laravel/framework/src/Illuminate/Foundation/Http/Middleware/TrimStrings.php(51): Illuminate/Foundation/Http/Middleware/TransformsRequest->handle(Object(Illuminate/Http/Request), Object(Closure))
#45 E:/website_trangsuc/laptrinhweb_thi_website_trangsuc/vendor/laravel/framework/src/Illuminate/Pipeline/Pipeline.php(219): Illuminate/Foundation/Http/Middleware/TrimStrings->handle(Object(Illuminate/Http/Request), Object(Closure))
#46 E:/website_trangsuc/laptrinhweb_thi_website_trangsuc/vendor/laravel/framework/src/Illuminate/Http/Middleware/ValidatePostSize.php(27): Illuminate/Pipeline/Pipeline->Illuminate/Pipeline/{closure}(Object(Illuminate/Http/Request))
#47 E:/website_trangsuc/laptrinhweb_thi_website_trangsuc/vendor/laravel/framework/src/Illuminate/Pipeline/Pipeline.php(219): Illuminate/Http/Middleware/ValidatePostSize->handle(Object(Illuminate/Http/Request), Object(Closure))
#48 E:/website_trangsuc/laptrinhweb_thi_website_trangsuc/vendor/laravel/framework/src/Illuminate/Foundation/Http/Middleware/PreventRequestsDuringMaintenance.php(109): Illuminate/Pipeline/Pipeline->Illuminate/Pipeline/{closure}(Object(Illuminate/Http/Request))
#49 E:/website_trangsuc/laptrinhweb_thi_website_trangsuc/vendor/laravel/framework/src/Illuminate/Pipeline/Pipeline.php(219): Illuminate/Foundation/Http/Middleware/PreventRequestsDuringMaintenance->handle(Object(Illuminate/Http/Request), Object(Closure))
#50 E:/website_trangsuc/laptrinhweb_thi_website_trangsuc/vendor/laravel/framework/src/Illuminate/Http/Middleware/HandleCors.php(61): Illuminate/Pipeline/Pipeline->Illuminate/Pipeline/{closure}(Object(Illuminate/Http/Request))
#51 E:/website_trangsuc/laptrinhweb_thi_website_trangsuc/vendor/laravel/framework/src/Illuminate/Pipeline/Pipeline.php(219): Illuminate/Http/Middleware/HandleCors->handle(Object(Illuminate/Http/Request), Object(Closure))
#52 E:/website_trangsuc/laptrinhweb_thi_website_trangsuc/vendor/laravel/framework/src/Illuminate/Http/Middleware/TrustProxies.php(58): Illuminate/Pipeline/Pipeline->Illuminate/Pipeline/{closure}(Object(Illuminate/Http/Request))
#53 E:/website_trangsuc/laptrinhweb_thi_website_trangsuc/vendor/laravel/framework/src/Illuminate/Pipeline/Pipeline.php(219): Illuminate/Http/Middleware/TrustProxies->handle(Object(Illuminate/Http/Request), Object(Closure))
#54 E:/website_trangsuc/laptrinhweb_thi_website_trangsuc/vendor/laravel/framework/src/Illuminate/Foundation/Http/Middleware/InvokeDeferredCallbacks.php(22): Illuminate/Pipeline/Pipeline->Illuminate/Pipeline/{closure}(Object(Illuminate/Http/Request))
#55 E:/website_trangsuc/laptrinhweb_thi_website_trangsuc/vendor/laravel/framework/src/Illuminate/Pipeline/Pipeline.php(219): Illuminate/Foundation/Http/Middleware/InvokeDeferredCallbacks->handle(Object(Illuminate/Http/Request), Object(Closure))
#56 E:/website_trangsuc/laptrinhweb_thi_website_trangsuc/vendor/laravel/framework/src/Illuminate/Http/Middleware/ValidatePathEncoding.php(26): Illuminate/Pipeline/Pipeline->Illuminate/Pipeline/{closure}(Object(Illuminate/Http/Request))
#57 E:/website_trangsuc/laptrinhweb_thi_website_trangsuc/vendor/laravel/framework/src/Illuminate/Pipeline/Pipeline.php(219): Illuminate/Http/Middleware/ValidatePathEncoding->handle(Object(Illuminate/Http/Request), Object(Closure))
#58 E:/website_trangsuc/laptrinhweb_thi_website_trangsuc/vendor/laravel/framework/src/Illuminate/Pipeline/Pipeline.php(137): Illuminate/Pipeline/Pipeline->Illuminate/Pipeline/{closure}(Object(Illuminate/Http/Request))
#59 E:/website_trangsuc/laptrinhweb_thi_website_trangsuc/vendor/laravel/framework/src/Illuminate/Foundation/Http/Kernel.php(175): Illuminate/Pipeline/Pipeline->then(Object(Closure))
#60 E:/website_trangsuc/laptrinhweb_thi_website_trangsuc/vendor/laravel/framework/src/Illuminate/Foundation/Http/Kernel.php(144): Illuminate/Foundation/Http/Kernel->sendRequestThroughRouter(Object(Illuminate/Http/Request))
#61 E:/website_trangsuc/laptrinhweb_thi_website_trangsuc/vendor/laravel/framework/src/Illuminate/Foundation/Application.php(1220): Illuminate/Foundation/Http/Kernel->handle(Object(Illuminate/Http/Request))
#62 E:/website_trangsuc/laptrinhweb_thi_website_trangsuc/public/index.php(20): Illuminate/Foundation/Application->handleRequest(Object(Illuminate/Http/Request))
#63 E:/website_trangsuc/laptrinhweb_thi_website_trangsuc/vendor/laravel/framework/src/Illuminate/Foundation/resources/server.php(23): require_once('E://website_tran...')
#64 {main}

[previous exception] [object] (Illuminate\\Database\\QueryException(code: 2002): SQLSTATE[HY000] [2002] No connection could be made because the target machine actively refused it (Connection: mysql, Host: 127.0.0.1, Port: 3306, Database: webshop_trangsuc, SQL: select * from `Banner` where `TrangThai` = 1) at E:/website_trangsuc/laptrinhweb_thi_website_trangsuc/vendor/laravel/framework/src/Illuminate/Database/Connection.php:838)
[stacktrace]
#0 E:/website_trangsuc/laptrinhweb_thi_website_trangsuc/vendor/laravel/framework/src/Illuminate/Database/Connection.php(999): Illuminate/Database/Connection->runQueryCallback('select * from `...', Array, Object(Closure))
#1 E:/website_trangsuc/laptrinhweb_thi_website_trangsuc/vendor/laravel/framework/src/Illuminate/Database/Connection.php(978): Illuminate/Database/Connection->tryAgainIfCausedByLostConnection(Object(Illuminate/Database/QueryException), 'select * from `...', Array, Object(Closure))
#2 E:/website_trangsuc/laptrinhweb_thi_website_trangsuc/vendor/laravel/framework/src/Illuminate/Database/Connection.php(796): Illuminate/Database/Connection->handleQueryException(Object(Illuminate/Database/QueryException), 'select * from `...', Array, Object(Closure))
#3 E:/website_trangsuc/laptrinhweb_thi_website_trangsuc/vendor/laravel/framework/src/Illuminate/Database/Connection.php(411): Illuminate/Database/Connection->run('select * from `...', Array, Object(Closure))
#4 E:/website_trangsuc/laptrinhweb_thi_website_trangsuc/vendor/laravel/framework/src/Illuminate/Database/Query/Builder.php(3505): Illuminate/Database/Connection->select('select * from `...', Array, true)
#5 E:/website_trangsuc/laptrinhweb_thi_website_trangsuc/vendor/laravel/framework/src/Illuminate/Database/Query/Builder.php(3490): Illuminate/Database/Query/Builder->runSelect()
#6 E:/website_trangsuc/laptrinhweb_thi_website_trangsuc/vendor/laravel/framework/src/Illuminate/Database/Query/Builder.php(4080): Illuminate/Database/Query/Builder->Illuminate/Database/Query/{closure}()
#7 E:/website_trangsuc/laptrinhweb_thi_website_trangsuc/vendor/laravel/framework/src/Illuminate/Database/Query/Builder.php(3489): Illuminate/Database/Query/Builder->onceWithColumns(Array, Object(Closure))
#8 E:/website_trangsuc/laptrinhweb_thi_website_trangsuc/storage/framework/views/a4e272f84a7cba3fef1131c74cdce1cb.php(2): Illuminate/Database/Query/Builder->get()
#9 E:/website_trangsuc/laptrinhweb_thi_website_trangsuc/vendor/laravel/framework/src/Illuminate/Filesystem/Filesystem.php(123): require('E://website_tran...')
#10 E:/website_trangsuc/laptrinhweb_thi_website_trangsuc/vendor/laravel/framework/src/Illuminate/Filesystem/Filesystem.php(124): Illuminate/Filesystem/Filesystem::Illuminate/Filesystem/{closure}()
#11 E:/website_trangsuc/laptrinhweb_thi_website_trangsuc/vendor/laravel/framework/src/Illuminate/View/Engines/PhpEngine.php(57): Illuminate/Filesystem/Filesystem->getRequire('E://website_tran...', Array)
#12 E:/website_trangsuc/laptrinhweb_thi_website_trangsuc/vendor/laravel/framework/src/Illuminate/View/Engines/CompilerEngine.php(76): Illuminate/View/Engines/PhpEngine->evaluatePath('E://website_tran...', Array)
#13 E:/website_trangsuc/laptrinhweb_thi_website_trangsuc/vendor/laravel/framework/src/Illuminate/View/View.php(208): Illuminate/View/Engines/CompilerEngine->get('E://website_tran...', Array)
#14 E:/website_trangsuc/laptrinhweb_thi_website_trangsuc/vendor/laravel/framework/src/Illuminate/View/View.php(191): Illuminate/View/View->getContents()
#15 E:/website_trangsuc/laptrinhweb_thi_website_trangsuc/vendor/laravel/framework/src/Illuminate/View/View.php(160): Illuminate/View/View->renderContents()
#16 E:/website_trangsuc/laptrinhweb_thi_website_trangsuc/vendor/laravel/framework/src/Illuminate/View/Concerns/ManagesComponents.php(103): Illuminate/View/View->render()
#17 E:/website_trangsuc/laptrinhweb_thi_website_trangsuc/storage/framework/views/6464a70f796b9492a1dc89a8afa00e50.php(13): Illuminate/View/Factory->renderComponent()
#18 E:/website_trangsuc/laptrinhweb_thi_website_trangsuc/vendor/laravel/framework/src/Illuminate/Filesystem/Filesystem.php(123): require('E://website_tran...')
#19 E:/website_trangsuc/laptrinhweb_thi_website_trangsuc/vendor/laravel/framework/src/Illuminate/Filesystem/Filesystem.php(124): Illuminate/Filesystem/Filesystem::Illuminate/Filesystem/{closure}()
#20 E:/website_trangsuc/laptrinhweb_thi_website_trangsuc/vendor/laravel/framework/src/Illuminate/View/Engines/PhpEngine.php(57): Illuminate/Filesystem/Filesystem->getRequire('E://website_tran...', Array)
#21 E:/website_trangsuc/laptrinhweb_thi_website_trangsuc/vendor/laravel/framework/src/Illuminate/View/Engines/CompilerEngine.php(76): Illuminate/View/Engines/PhpEngine->evaluatePath('E://website_tran...', Array)
#22 E:/website_trangsuc/laptrinhweb_thi_website_trangsuc/vendor/laravel/framework/src/Illuminate/View/View.php(208): Illuminate/View/Engines/CompilerEngine->get('E://website_tran...', Array)
#23 E:/website_trangsuc/laptrinhweb_thi_website_trangsuc/vendor/laravel/framework/src/Illuminate/View/View.php(191): Illuminate/View/View->getContents()
#24 E:/website_trangsuc/laptrinhweb_thi_website_trangsuc/vendor/laravel/framework/src/Illuminate/View/View.php(160): Illuminate/View/View->renderContents()
#25 E:/website_trangsuc/laptrinhweb_thi_website_trangsuc/vendor/laravel/framework/src/Illuminate/Http/Response.php(78): Illuminate/View/View->render()
#26 E:/website_trangsuc/laptrinhweb_thi_website_trangsuc/vendor/laravel/framework/src/Illuminate/Http/Response.php(34): Illuminate/Http/Response->setContent(Object(Illuminate/View/View))
#27 E:/website_trangsuc/laptrinhweb_thi_website_trangsuc/vendor/laravel/framework/src/Illuminate/Routing/Router.php(939): Illuminate/Http/Response->__construct(Object(Illuminate/View/View), 200, Array)
#28 E:/website_trangsuc/laptrinhweb_thi_website_trangsuc/vendor/laravel/framework/src/Illuminate/Routing/Router.php(906): Illuminate/Routing/Router::toResponse(Object(Illuminate/Http/Request), Object(Illuminate/View/View))
#29 E:/website_trangsuc/laptrinhweb_thi_website_trangsuc/vendor/laravel/framework/src/Illuminate/Routing/Router.php(821): Illuminate/Routing/Router->prepareResponse(Object(Illuminate/Http/Request), Object(Illuminate/View/View))
#30 E:/website_trangsuc/laptrinhweb_thi_website_trangsuc/vendor/laravel/framework/src/Illuminate/Pipeline/Pipeline.php(180): Illuminate/Routing/Router->Illuminate/Routing/{closure}(Object(Illuminate/Http/Request))
#31 E:/website_trangsuc/laptrinhweb_thi_website_trangsuc/vendor/laravel/framework/src/Illuminate/Routing/Middleware/SubstituteBindings.php(50): Illuminate/Pipeline/Pipeline->Illuminate/Pipeline/{closure}(Object(Illuminate/Http/Request))
#32 E:/website_trangsuc/laptrinhweb_thi_website_trangsuc/vendor/laravel/framework/src/Illuminate/Pipeline/Pipeline.php(219): Illuminate/Routing/Middleware/SubstituteBindings->handle(Object(Illuminate/Http/Request), Object(Closure))
#33 E:/website_trangsuc/laptrinhweb_thi_website_trangsuc/vendor/laravel/framework/src/Illuminate/Foundation/Http/Middleware/VerifyCsrfToken.php(87): Illuminate/Pipeline/Pipeline->Illuminate/Pipeline/{closure}(Object(Illuminate/Http/Request))
#34 E:/website_trangsuc/laptrinhweb_thi_website_trangsuc/vendor/laravel/framework/src/Illuminate/Pipeline/Pipeline.php(219): Illuminate/Foundation/Http/Middleware/VerifyCsrfToken->handle(Object(Illuminate/Http/Request), Object(Closure))
#35 E:/website_trangsuc/laptrinhweb_thi_website_trangsuc/vendor/laravel/framework/src/Illuminate/View/Middleware/ShareErrorsFromSession.php(48): Illuminate/Pipeline/Pipeline->Illuminate/Pipeline/{closure}(Object(Illuminate/Http/Request))
#36 E:/website_trangsuc/laptrinhweb_thi_website_trangsuc/vendor/laravel/framework/src/Illuminate/Pipeline/Pipeline.php(219): Illuminate/View/Middleware/ShareErrorsFromSession->handle(Object(Illuminate/Http/Request), Object(Closure))
#37 E:/website_trangsuc/laptrinhweb_thi_website_trangsuc/vendor/laravel/framework/src/Illuminate/Session/Middleware/StartSession.php(120): Illuminate/Pipeline/Pipeline->Illuminate/Pipeline/{closure}(Object(Illuminate/Http/Request))
#38 E:/website_trangsuc/laptrinhweb_thi_website_trangsuc/vendor/laravel/framework/src/Illuminate/Session/Middleware/StartSession.php(63): Illuminate/Session/Middleware/StartSession->handleStatefulRequest(Object(Illuminate/Http/Request), Object(Illuminate/Session/Store), Object(Closure))
#39 E:/website_trangsuc/laptrinhweb_thi_website_trangsuc/vendor/laravel/framework/src/Illuminate/Pipeline/Pipeline.php(219): Illuminate/Session/Middleware/StartSession->handle(Object(Illuminate/Http/Request), Object(Closure))
#40 E:/website_trangsuc/laptrinhweb_thi_website_trangsuc/vendor/laravel/framework/src/Illuminate/Cookie/Middleware/AddQueuedCookiesToResponse.php(36): Illuminate/Pipeline/Pipeline->Illuminate/Pipeline/{closure}(Object(Illuminate/Http/Request))
#41 E:/website_trangsuc/laptrinhweb_thi_website_trangsuc/vendor/laravel/framework/src/Illuminate/Pipeline/Pipeline.php(219): Illuminate/Cookie/Middleware/AddQueuedCookiesToResponse->handle(Object(Illuminate/Http/Request), Object(Closure))
#42 E:/website_trangsuc/laptrinhweb_thi_website_trangsuc/vendor/laravel/framework/src/Illuminate/Cookie/Middleware/EncryptCookies.php(74): Illuminate/Pipeline/Pipeline->Illuminate/Pipeline/{closure}(Object(Illuminate/Http/Request))
#43 E:/website_trangsuc/laptrinhweb_thi_website_trangsuc/vendor/laravel/framework/src/Illuminate/Pipeline/Pipeline.php(219): Illuminate/Cookie/Middleware/EncryptCookies->handle(Object(Illuminate/Http/Request), Object(Closure))
#44 E:/website_trangsuc/laptrinhweb_thi_website_trangsuc/vendor/laravel/framework/src/Illuminate/Pipeline/Pipeline.php(137): Illuminate/Pipeline/Pipeline->Illuminate/Pipeline/{closure}(Object(Illuminate/Http/Request))
#45 E:/website_trangsuc/laptrinhweb_thi_website_trangsuc/vendor/laravel/framework/src/Illuminate/Routing/Router.php(821): Illuminate/Pipeline/Pipeline->then(Object(Closure))
#46 E:/website_trangsuc/laptrinhweb_thi_website_trangsuc/vendor/laravel/framework/src/Illuminate/Routing/Router.php(800): Illuminate/Routing/Router->runRouteWithinStack(Object(Illuminate/Routing/Route), Object(Illuminate/Http/Request))
#47 E:/website_trangsuc/laptrinhweb_thi_website_trangsuc/vendor/laravel/framework/src/Illuminate/Routing/Router.php(764): Illuminate/Routing/Router->runRoute(Object(Illuminate/Http/Request), Object(Illuminate/Routing/Route))
#48 E:/website_trangsuc/laptrinhweb_thi_website_trangsuc/vendor/laravel/framework/src/Illuminate/Routing/Router.php(753): Illuminate/Routing/Router->dispatchToRoute(Object(Illuminate/Http/Request))
#49 E:/website_trangsuc/laptrinhweb_thi_website_trangsuc/vendor/laravel/framework/src/Illuminate/Foundation/Http/Kernel.php(200): Illuminate/Routing/Router->dispatch(Object(Illuminate/Http/Request))
#50 E:/website_trangsuc/laptrinhweb_thi_website_trangsuc/vendor/laravel/framework/src/Illuminate/Pipeline/Pipeline.php(180): Illuminate/Foundation/Http/Kernel->Illuminate/Foundation/Http/{closure}(Object(Illuminate/Http/Request))
#51 E:/website_trangsuc/laptrinhweb_thi_website_trangsuc/vendor/laravel/framework/src/Illuminate/Foundation/Http/Middleware/TransformsRequest.php(21): Illuminate/Pipeline/Pipeline->Illuminate/Pipeline/{closure}(Object(Illuminate/Http/Request))
#52 E:/website_trangsuc/laptrinhweb_thi_website_trangsuc/vendor/laravel/framework/src/Illuminate/Foundation/Http/Middleware/ConvertEmptyStringsToNull.php(31): Illuminate/Foundation/Http/Middleware/TransformsRequest->handle(Object(Illuminate/Http/Request), Object(Closure))
#53 E:/website_trangsuc/laptrinhweb_thi_website_trangsuc/vendor/laravel/framework/src/Illuminate/Pipeline/Pipeline.php(219): Illuminate/Foundation/Http/Middleware/ConvertEmptyStringsToNull->handle(Object(Illuminate/Http/Request), Object(Closure))
#54 E:/website_trangsuc/laptrinhweb_thi_website_trangsuc/vendor/laravel/framework/src/Illuminate/Foundation/Http/Middleware/TransformsRequest.php(21): Illuminate/Pipeline/Pipeline->Illuminate/Pipeline/{closure}(Object(Illuminate/Http/Request))
#55 E:/website_trangsuc/laptrinhweb_thi_website_trangsuc/vendor/laravel/framework/src/Illuminate/Foundation/Http/Middleware/TrimStrings.php(51): Illuminate/Foundation/Http/Middleware/TransformsRequest->handle(Object(Illuminate/Http/Request), Object(Closure))
#56 E:/website_trangsuc/laptrinhweb_thi_website_trangsuc/vendor/laravel/framework/src/Illuminate/Pipeline/Pipeline.php(219): Illuminate/Foundation/Http/Middleware/TrimStrings->handle(Object(Illuminate/Http/Request), Object(Closure))
#57 E:/website_trangsuc/laptrinhweb_thi_website_trangsuc/vendor/laravel/framework/src/Illuminate/Http/Middleware/ValidatePostSize.php(27): Illuminate/Pipeline/Pipeline->Illuminate/Pipeline/{closure}(Object(Illuminate/Http/Request))
#58 E:/website_trangsuc/laptrinhweb_thi_website_trangsuc/vendor/laravel/framework/src/Illuminate/Pipeline/Pipeline.php(219): Illuminate/Http/Middleware/ValidatePostSize->handle(Object(Illuminate/Http/Request), Object(Closure))
#59 E:/website_trangsuc/laptrinhweb_thi_website_trangsuc/vendor/laravel/framework/src/Illuminate/Foundation/Http/Middleware/PreventRequestsDuringMaintenance.php(109): Illuminate/Pipeline/Pipeline->Illuminate/Pipeline/{closure}(Object(Illuminate/Http/Request))
#60 E:/website_trangsuc/laptrinhweb_thi_website_trangsuc/vendor/laravel/framework/src/Illuminate/Pipeline/Pipeline.php(219): Illuminate/Foundation/Http/Middleware/PreventRequestsDuringMaintenance->handle(Object(Illuminate/Http/Request), Object(Closure))
#61 E:/website_trangsuc/laptrinhweb_thi_website_trangsuc/vendor/laravel/framework/src/Illuminate/Http/Middleware/HandleCors.php(61): Illuminate/Pipeline/Pipeline->Illuminate/Pipeline/{closure}(Object(Illuminate/Http/Request))
#62 E:/website_trangsuc/laptrinhweb_thi_website_trangsuc/vendor/laravel/framework/src/Illuminate/Pipeline/Pipeline.php(219): Illuminate/Http/Middleware/HandleCors->handle(Object(Illuminate/Http/Request), Object(Closure))
#63 E:/website_trangsuc/laptrinhweb_thi_website_trangsuc/vendor/laravel/framework/src/Illuminate/Http/Middleware/TrustProxies.php(58): Illuminate/Pipeline/Pipeline->Illuminate/Pipeline/{closure}(Object(Illuminate/Http/Request))
#64 E:/website_trangsuc/laptrinhweb_thi_website_trangsuc/vendor/laravel/framework/src/Illuminate/Pipeline/Pipeline.php(219): Illuminate/Http/Middleware/TrustProxies->handle(Object(Illuminate/Http/Request), Object(Closure))
#65 E:/website_trangsuc/laptrinhweb_thi_website_trangsuc/vendor/laravel/framework/src/Illuminate/Foundation/Http/Middleware/InvokeDeferredCallbacks.php(22): Illuminate/Pipeline/Pipeline->Illuminate/Pipeline/{closure}(Object(Illuminate/Http/Request))
#66 E:/website_trangsuc/laptrinhweb_thi_website_trangsuc/vendor/laravel/framework/src/Illuminate/Pipeline/Pipeline.php(219): Illuminate/Foundation/Http/Middleware/InvokeDeferredCallbacks->handle(Object(Illuminate/Http/Request), Object(Closure))
#67 E:/website_trangsuc/laptrinhweb_thi_website_trangsuc/vendor/laravel/framework/src/Illuminate/Http/Middleware/ValidatePathEncoding.php(26): Illuminate/Pipeline/Pipeline->Illuminate/Pipeline/{closure}(Object(Illuminate/Http/Request))
#68 E:/website_trangsuc/laptrinhweb_thi_website_trangsuc/vendor/laravel/framework/src/Illuminate/Pipeline/Pipeline.php(219): Illuminate/Http/Middleware/ValidatePathEncoding->handle(Object(Illuminate/Http/Request), Object(Closure))
#69 E:/website_trangsuc/laptrinhweb_thi_website_trangsuc/vendor/laravel/framework/src/Illuminate/Pipeline/Pipeline.php(137): Illuminate/Pipeline/Pipeline->Illuminate/Pipeline/{closure}(Object(Illuminate/Http/Request))
#70 E:/website_trangsuc/laptrinhweb_thi_website_trangsuc/vendor/laravel/framework/src/Illuminate/Foundation/Http/Kernel.php(175): Illuminate/Pipeline/Pipeline->then(Object(Closure))
#71 E:/website_trangsuc/laptrinhweb_thi_website_trangsuc/vendor/laravel/framework/src/Illuminate/Foundation/Http/Kernel.php(144): Illuminate/Foundation/Http/Kernel->sendRequestThroughRouter(Object(Illuminate/Http/Request))
#72 E:/website_trangsuc/laptrinhweb_thi_website_trangsuc/vendor/laravel/framework/src/Illuminate/Foundation/Application.php(1220): Illuminate/Foundation/Http/Kernel->handle(Object(Illuminate/Http/Request))
#73 E:/website_trangsuc/laptrinhweb_thi_website_trangsuc/public/index.php(20): Illuminate/Foundation/Application->handleRequest(Object(Illuminate/Http/Request))
#74 E:/website_trangsuc/laptrinhweb_thi_website_trangsuc/vendor/laravel/framework/src/Illuminate/Foundation/resources/server.php(23): require_once('E://website_tran...')
#75 {main}

[previous exception] [object] (PDOException(code: 2002): SQLSTATE[HY000] [2002] No connection could be made because the target machine actively refused it at E:/website_trangsuc/laptrinhweb_thi_website_trangsuc/vendor/laravel/framework/src/Illuminate/Database/Connectors/Connector.php:66)
[stacktrace]
#0 E:/website_trangsuc/laptrinhweb_thi_website_trangsuc/vendor/laravel/framework/src/Illuminate/Database/Connectors/Connector.php(66): PDO->__construct('mysql:host=127....', 'root', Object(SensitiveParameterValue), Array)
#1 E:/website_trangsuc/laptrinhweb_thi_website_trangsuc/vendor/laravel/framework/src/Illuminate/Database/Connectors/Connector.php(85): Illuminate/Database/Connectors/Connector->createPdoConnection('mysql:host=127....', 'root', Object(SensitiveParameterValue), Array)
#2 E:/website_trangsuc/laptrinhweb_thi_website_trangsuc/vendor/laravel/framework/src/Illuminate/Database/Connectors/Connector.php(48): Illuminate/Database/Connectors/Connector->tryAgainIfCausedByLostConnection(Object(PDOException), 'mysql:host=127....', 'root', Object(SensitiveParameterValue), Array)
#3 E:/website_trangsuc/laptrinhweb_thi_website_trangsuc/vendor/laravel/framework/src/Illuminate/Database/Connectors/MySqlConnector.php(24): Illuminate/Database/Connectors/Connector->createConnection('mysql:host=127....', Array, Array)
#4 E:/website_trangsuc/laptrinhweb_thi_website_trangsuc/vendor/laravel/framework/src/Illuminate/Database/Connectors/ConnectionFactory.php(186): Illuminate/Database/Connectors/MySqlConnector->connect(Array)
#5 [internal function]: Illuminate/Database/Connectors/ConnectionFactory->Illuminate/Database/Connectors/{closure}()
#6 E:/website_trangsuc/laptrinhweb_thi_website_trangsuc/vendor/laravel/framework/src/Illuminate/Database/Connection.php(1257): call_user_func(Object(Closure))
#7 E:/website_trangsuc/laptrinhweb_thi_website_trangsuc/vendor/laravel/framework/src/Illuminate/Database/Connection.php(1295): Illuminate/Database/Connection->getPdo()
#8 E:/website_trangsuc/laptrinhweb_thi_website_trangsuc/vendor/laravel/framework/src/Illuminate/Database/Connection.php(525): Illuminate/Database/Connection->getReadPdo()
#9 E:/website_trangsuc/laptrinhweb_thi_website_trangsuc/vendor/laravel/framework/src/Illuminate/Database/Connection.php(420): Illuminate/Database/Connection->getPdoForSelect(true)
#10 E:/website_trangsuc/laptrinhweb_thi_website_trangsuc/vendor/laravel/framework/src/Illuminate/Database/Connection.php(827): Illuminate/Database/Connection->Illuminate/Database/{closure}('select * from `...', Array)
#11 E:/website_trangsuc/laptrinhweb_thi_website_trangsuc/vendor/laravel/framework/src/Illuminate/Database/Connection.php(999): Illuminate/Database/Connection->runQueryCallback('select * from `...', Array, Object(Closure))
#12 E:/website_trangsuc/laptrinhweb_thi_website_trangsuc/vendor/laravel/framework/src/Illuminate/Database/Connection.php(978): Illuminate/Database/Connection->tryAgainIfCausedByLostConnection(Object(Illuminate/Database/QueryException), 'select * from `...', Array, Object(Closure))
#13 E:/website_trangsuc/laptrinhweb_thi_website_trangsuc/vendor/laravel/framework/src/Illuminate/Database/Connection.php(796): Illuminate/Database/Connection->handleQueryException(Object(Illuminate/Database/QueryException), 'select * from `...', Array, Object(Closure))
#14 E:/website_trangsuc/laptrinhweb_thi_website_trangsuc/vendor/laravel/framework/src/Illuminate/Database/Connection.php(411): Illuminate/Database/Connection->run('select * from `...', Array, Object(Closure))
#15 E:/website_trangsuc/laptrinhweb_thi_website_trangsuc/vendor/laravel/framework/src/Illuminate/Database/Query/Builder.php(3505): Illuminate/Database/Connection->select('select * from `...', Array, true)
#16 E:/website_trangsuc/laptrinhweb_thi_website_trangsuc/vendor/laravel/framework/src/Illuminate/Database/Query/Builder.php(3490): Illuminate/Database/Query/Builder->runSelect()
#17 E:/website_trangsuc/laptrinhweb_thi_website_trangsuc/vendor/laravel/framework/src/Illuminate/Database/Query/Builder.php(4080): Illuminate/Database/Query/Builder->Illuminate/Database/Query/{closure}()
#18 E:/website_trangsuc/laptrinhweb_thi_website_trangsuc/vendor/laravel/framework/src/Illuminate/Database/Query/Builder.php(3489): Illuminate/Database/Query/Builder->onceWithColumns(Array, Object(Closure))
#19 E:/website_trangsuc/laptrinhweb_thi_website_trangsuc/storage/framework/views/a4e272f84a7cba3fef1131c74cdce1cb.php(2): Illuminate/Database/Query/Builder->get()
#20 E:/website_trangsuc/laptrinhweb_thi_website_trangsuc/vendor/laravel/framework/src/Illuminate/Filesystem/Filesystem.php(123): require('E://website_tran...')
#21 E:/website_trangsuc/laptrinhweb_thi_website_trangsuc/vendor/laravel/framework/src/Illuminate/Filesystem/Filesystem.php(124): Illuminate/Filesystem/Filesystem::Illuminate/Filesystem/{closure}()
#22 E:/website_trangsuc/laptrinhweb_thi_website_trangsuc/vendor/laravel/framework/src/Illuminate/View/Engines/PhpEngine.php(57): Illuminate/Filesystem/Filesystem->getRequire('E://website_tran...', Array)
#23 E:/website_trangsuc/laptrinhweb_thi_website_trangsuc/vendor/laravel/framework/src/Illuminate/View/Engines/CompilerEngine.php(76): Illuminate/View/Engines/PhpEngine->evaluatePath('E://website_tran...', Array)
#24 E:/website_trangsuc/laptrinhweb_thi_website_trangsuc/vendor/laravel/framework/src/Illuminate/View/View.php(208): Illuminate/View/Engines/CompilerEngine->get('E://website_tran...', Array)
#25 E:/website_trangsuc/laptrinhweb_thi_website_trangsuc/vendor/laravel/framework/src/Illuminate/View/View.php(191): Illuminate/View/View->getContents()
#26 E:/website_trangsuc/laptrinhweb_thi_website_trangsuc/vendor/laravel/framework/src/Illuminate/View/View.php(160): Illuminate/View/View->renderContents()
#27 E:/website_trangsuc/laptrinhweb_thi_website_trangsuc/vendor/laravel/framework/src/Illuminate/View/Concerns/ManagesComponents.php(103): Illuminate/View/View->render()
#28 E:/website_trangsuc/laptrinhweb_thi_website_trangsuc/storage/framework/views/6464a70f796b9492a1dc89a8afa00e50.php(13): Illuminate/View/Factory->renderComponent()
#29 E:/website_trangsuc/laptrinhweb_thi_website_trangsuc/vendor/laravel/framework/src/Illuminate/Filesystem/Filesystem.php(123): require('E://website_tran...')
#30 E:/website_trangsuc/laptrinhweb_thi_website_trangsuc/vendor/laravel/framework/src/Illuminate/Filesystem/Filesystem.php(124): Illuminate/Filesystem/Filesystem::Illuminate/Filesystem/{closure}()
#31 E:/website_trangsuc/laptrinhweb_thi_website_trangsuc/vendor/laravel/framework/src/Illuminate/View/Engines/PhpEngine.php(57): Illuminate/Filesystem/Filesystem->getRequire('E://website_tran...', Array)
#32 E:/website_trangsuc/laptrinhweb_thi_website_trangsuc/vendor/laravel/framework/src/Illuminate/View/Engines/CompilerEngine.php(76): Illuminate/View/Engines/PhpEngine->evaluatePath('E://website_tran...', Array)
#33 E:/website_trangsuc/laptrinhweb_thi_website_trangsuc/vendor/laravel/framework/src/Illuminate/View/View.php(208): Illuminate/View/Engines/CompilerEngine->get('E://website_tran...', Array)
#34 E:/website_trangsuc/laptrinhweb_thi_website_trangsuc/vendor/laravel/framework/src/Illuminate/View/View.php(191): Illuminate/View/View->getContents()
#35 E:/website_trangsuc/laptrinhweb_thi_website_trangsuc/vendor/laravel/framework/src/Illuminate/View/View.php(160): Illuminate/View/View->renderContents()
#36 E:/website_trangsuc/laptrinhweb_thi_website_trangsuc/vendor/laravel/framework/src/Illuminate/Http/Response.php(78): Illuminate/View/View->render()
#37 E:/website_trangsuc/laptrinhweb_thi_website_trangsuc/vendor/laravel/framework/src/Illuminate/Http/Response.php(34): Illuminate/Http/Response->setContent(Object(Illuminate/View/View))
#38 E:/website_trangsuc/laptrinhweb_thi_website_trangsuc/vendor/laravel/framework/src/Illuminate/Routing/Router.php(939): Illuminate/Http/Response->__construct(Object(Illuminate/View/View), 200, Array)
#39 E:/website_trangsuc/laptrinhweb_thi_website_trangsuc/vendor/laravel/framework/src/Illuminate/Routing/Router.php(906): Illuminate/Routing/Router::toResponse(Object(Illuminate/Http/Request), Object(Illuminate/View/View))
#40 E:/website_trangsuc/laptrinhweb_thi_website_trangsuc/vendor/laravel/framework/src/Illuminate/Routing/Router.php(821): Illuminate/Routing/Router->prepareResponse(Object(Illuminate/Http/Request), Object(Illuminate/View/View))
#41 E:/website_trangsuc/laptrinhweb_thi_website_trangsuc/vendor/laravel/framework/src/Illuminate/Pipeline/Pipeline.php(180): Illuminate/Routing/Router->Illuminate/Routing/{closure}(Object(Illuminate/Http/Request))
#42 E:/website_trangsuc/laptrinhweb_thi_website_trangsuc/vendor/laravel/framework/src/Illuminate/Routing/Middleware/SubstituteBindings.php(50): Illuminate/Pipeline/Pipeline->Illuminate/Pipeline/{closure}(Object(Illuminate/Http/Request))
#43 E:/website_trangsuc/laptrinhweb_thi_website_trangsuc/vendor/laravel/framework/src/Illuminate/Pipeline/Pipeline.php(219): Illuminate/Routing/Middleware/SubstituteBindings->handle(Object(Illuminate/Http/Request), Object(Closure))
#44 E:/website_trangsuc/laptrinhweb_thi_website_trangsuc/vendor/laravel/framework/src/Illuminate/Foundation/Http/Middleware/VerifyCsrfToken.php(87): Illuminate/Pipeline/Pipeline->Illuminate/Pipeline/{closure}(Object(Illuminate/Http/Request))
#45 E:/website_trangsuc/laptrinhweb_thi_website_trangsuc/vendor/laravel/framework/src/Illuminate/Pipeline/Pipeline.php(219): Illuminate/Foundation/Http/Middleware/VerifyCsrfToken->handle(Object(Illuminate/Http/Request), Object(Closure))
#46 E:/website_trangsuc/laptrinhweb_thi_website_trangsuc/vendor/laravel/framework/src/Illuminate/View/Middleware/ShareErrorsFromSession.php(48): Illuminate/Pipeline/Pipeline->Illuminate/Pipeline/{closure}(Object(Illuminate/Http/Request))
#47 E:/website_trangsuc/laptrinhweb_thi_website_trangsuc/vendor/laravel/framework/src/Illuminate/Pipeline/Pipeline.php(219): Illuminate/View/Middleware/ShareErrorsFromSession->handle(Object(Illuminate/Http/Request), Object(Closure))
#48 E:/website_trangsuc/laptrinhweb_thi_website_trangsuc/vendor/laravel/framework/src/Illuminate/Session/Middleware/StartSession.php(120): Illuminate/Pipeline/Pipeline->Illuminate/Pipeline/{closure}(Object(Illuminate/Http/Request))
#49 E:/website_trangsuc/laptrinhweb_thi_website_trangsuc/vendor/laravel/framework/src/Illuminate/Session/Middleware/StartSession.php(63): Illuminate/Session/Middleware/StartSession->handleStatefulRequest(Object(Illuminate/Http/Request), Object(Illuminate/Session/Store), Object(Closure))
#50 E:/website_trangsuc/laptrinhweb_thi_website_trangsuc/vendor/laravel/framework/src/Illuminate/Pipeline/Pipeline.php(219): Illuminate/Session/Middleware/StartSession->handle(Object(Illuminate/Http/Request), Object(Closure))
#51 E:/website_trangsuc/laptrinhweb_thi_website_trangsuc/vendor/laravel/framework/src/Illuminate/Cookie/Middleware/AddQueuedCookiesToResponse.php(36): Illuminate/Pipeline/Pipeline->Illuminate/Pipeline/{closure}(Object(Illuminate/Http/Request))
#52 E:/website_trangsuc/laptrinhweb_thi_website_trangsuc/vendor/laravel/framework/src/Illuminate/Pipeline/Pipeline.php(219): Illuminate/Cookie/Middleware/AddQueuedCookiesToResponse->handle(Object(Illuminate/Http/Request), Object(Closure))
#53 E:/website_trangsuc/laptrinhweb_thi_website_trangsuc/vendor/laravel/framework/src/Illuminate/Cookie/Middleware/EncryptCookies.php(74): Illuminate/Pipeline/Pipeline->Illuminate/Pipeline/{closure}(Object(Illuminate/Http/Request))
#54 E:/website_trangsuc/laptrinhweb_thi_website_trangsuc/vendor/laravel/framework/src/Illuminate/Pipeline/Pipeline.php(219): Illuminate/Cookie/Middleware/EncryptCookies->handle(Object(Illuminate/Http/Request), Object(Closure))
#55 E:/website_trangsuc/laptrinhweb_thi_website_trangsuc/vendor/laravel/framework/src/Illuminate/Pipeline/Pipeline.php(137): Illuminate/Pipeline/Pipeline->Illuminate/Pipeline/{closure}(Object(Illuminate/Http/Request))
#56 E:/website_trangsuc/laptrinhweb_thi_website_trangsuc/vendor/laravel/framework/src/Illuminate/Routing/Router.php(821): Illuminate/Pipeline/Pipeline->then(Object(Closure))
#57 E:/website_trangsuc/laptrinhweb_thi_website_trangsuc/vendor/laravel/framework/src/Illuminate/Routing/Router.php(800): Illuminate/Routing/Router->runRouteWithinStack(Object(Illuminate/Routing/Route), Object(Illuminate/Http/Request))
#58 E:/website_trangsuc/laptrinhweb_thi_website_trangsuc/vendor/laravel/framework/src/Illuminate/Routing/Router.php(764): Illuminate/Routing/Router->runRoute(Object(Illuminate/Http/Request), Object(Illuminate/Routing/Route))
#59 E:/website_trangsuc/laptrinhweb_thi_website_trangsuc/vendor/laravel/framework/src/Illuminate/Routing/Router.php(753): Illuminate/Routing/Router->dispatchToRoute(Object(Illuminate/Http/Request))
#60 E:/website_trangsuc/laptrinhweb_thi_website_trangsuc/vendor/laravel/framework/src/Illuminate/Foundation/Http/Kernel.php(200): Illuminate/Routing/Router->dispatch(Object(Illuminate/Http/Request))
#61 E:/website_trangsuc/laptrinhweb_thi_website_trangsuc/vendor/laravel/framework/src/Illuminate/Pipeline/Pipeline.php(180): Illuminate/Foundation/Http/Kernel->Illuminate/Foundation/Http/{closure}(Object(Illuminate/Http/Request))
#62 E:/website_trangsuc/laptrinhweb_thi_website_trangsuc/vendor/laravel/framework/src/Illuminate/Foundation/Http/Middleware/TransformsRequest.php(21): Illuminate/Pipeline/Pipeline->Illuminate/Pipeline/{closure}(Object(Illuminate/Http/Request))
#63 E:/website_trangsuc/laptrinhweb_thi_website_trangsuc/vendor/laravel/framework/src/Illuminate/Foundation/Http/Middleware/ConvertEmptyStringsToNull.php(31): Illuminate/Foundation/Http/Middleware/TransformsRequest->handle(Object(Illuminate/Http/Request), Object(Closure))
#64 E:/website_trangsuc/laptrinhweb_thi_website_trangsuc/vendor/laravel/framework/src/Illuminate/Pipeline/Pipeline.php(219): Illuminate/Foundation/Http/Middleware/ConvertEmptyStringsToNull->handle(Object(Illuminate/Http/Request), Object(Closure))
#65 E:/website_trangsuc/laptrinhweb_thi_website_trangsuc/vendor/laravel/framework/src/Illuminate/Foundation/Http/Middleware/TransformsRequest.php(21): Illuminate/Pipeline/Pipeline->Illuminate/Pipeline/{closure}(Object(Illuminate/Http/Request))
#66 E:/website_trangsuc/laptrinhweb_thi_website_trangsuc/vendor/laravel/framework/src/Illuminate/Foundation/Http/Middleware/TrimStrings.php(51): Illuminate/Foundation/Http/Middleware/TransformsRequest->handle(Object(Illuminate/Http/Request), Object(Closure))
#67 E:/website_trangsuc/laptrinhweb_thi_website_trangsuc/vendor/laravel/framework/src/Illuminate/Pipeline/Pipeline.php(219): Illuminate/Foundation/Http/Middleware/TrimStrings->handle(Object(Illuminate/Http/Request), Object(Closure))
#68 E:/website_trangsuc/laptrinhweb_thi_website_trangsuc/vendor/laravel/framework/src/Illuminate/Http/Middleware/ValidatePostSize.php(27): Illuminate/Pipeline/Pipeline->Illuminate/Pipeline/{closure}(Object(Illuminate/Http/Request))
#69 E:/website_trangsuc/laptrinhweb_thi_website_trangsuc/vendor/laravel/framework/src/Illuminate/Pipeline/Pipeline.php(219): Illuminate/Http/Middleware/ValidatePostSize->handle(Object(Illuminate/Http/Request), Object(Closure))
#70 E:/website_trangsuc/laptrinhweb_thi_website_trangsuc/vendor/laravel/framework/src/Illuminate/Foundation/Http/Middleware/PreventRequestsDuringMaintenance.php(109): Illuminate/Pipeline/Pipeline->Illuminate/Pipeline/{closure}(Object(Illuminate/Http/Request))
#71 E:/website_trangsuc/laptrinhweb_thi_website_trangsuc/vendor/laravel/framework/src/Illuminate/Pipeline/Pipeline.php(219): Illuminate/Foundation/Http/Middleware/PreventRequestsDuringMaintenance->handle(Object(Illuminate/Http/Request), Object(Closure))
#72 E:/website_trangsuc/laptrinhweb_thi_website_trangsuc/vendor/laravel/framework/src/Illuminate/Http/Middleware/HandleCors.php(61): Illuminate/Pipeline/Pipeline->Illuminate/Pipeline/{closure}(Object(Illuminate/Http/Request))
#73 E:/website_trangsuc/laptrinhweb_thi_website_trangsuc/vendor/laravel/framework/src/Illuminate/Pipeline/Pipeline.php(219): Illuminate/Http/Middleware/HandleCors->handle(Object(Illuminate/Http/Request), Object(Closure))
#74 E:/website_trangsuc/laptrinhweb_thi_website_trangsuc/vendor/laravel/framework/src/Illuminate/Http/Middleware/TrustProxies.php(58): Illuminate/Pipeline/Pipeline->Illuminate/Pipeline/{closure}(Object(Illuminate/Http/Request))
#75 E:/website_trangsuc/laptrinhweb_thi_website_trangsuc/vendor/laravel/framework/src/Illuminate/Pipeline/Pipeline.php(219): Illuminate/Http/Middleware/TrustProxies->handle(Object(Illuminate/Http/Request), Object(Closure))
#76 E:/website_trangsuc/laptrinhweb_thi_website_trangsuc/vendor/laravel/framework/src/Illuminate/Foundation/Http/Middleware/InvokeDeferredCallbacks.php(22): Illuminate/Pipeline/Pipeline->Illuminate/Pipeline/{closure}(Object(Illuminate/Http/Request))
#77 E:/website_trangsuc/laptrinhweb_thi_website_trangsuc/vendor/laravel/framework/src/Illuminate/Pipeline/Pipeline.php(219): Illuminate/Foundation/Http/Middleware/InvokeDeferredCallbacks->handle(Object(Illuminate/Http/Request), Object(Closure))
#78 E:/website_trangsuc/laptrinhweb_thi_website_trangsuc/vendor/laravel/framework/src/Illuminate/Http/Middleware/ValidatePathEncoding.php(26): Illuminate/Pipeline/Pipeline->Illuminate/Pipeline/{closure}(Object(Illuminate/Http/Request))
#79 E:/website_trangsuc/laptrinhweb_thi_website_trangsuc/vendor/laravel/framework/src/Illuminate/Pipeline/Pipeline.php(219): Illuminate/Http/Middleware/ValidatePathEncoding->handle(Object(Illuminate/Http/Request), Object(Closure))
#80 E:/website_trangsuc/laptrinhweb_thi_website_trangsuc/vendor/laravel/framework/src/Illuminate/Pipeline/Pipeline.php(137): Illuminate/Pipeline/Pipeline->Illuminate/Pipeline/{closure}(Object(Illuminate/Http/Request))
#81 E:/website_trangsuc/laptrinhweb_thi_website_trangsuc/vendor/laravel/framework/src/Illuminate/Foundation/Http/Kernel.php(175): Illuminate/Pipeline/Pipeline->then(Object(Closure))
#82 E:/website_trangsuc/laptrinhweb_thi_website_trangsuc/vendor/laravel/framework/src/Illuminate/Foundation/Http/Kernel.php(144): Illuminate/Foundation/Http/Kernel->sendRequestThroughRouter(Object(Illuminate/Http/Request))
#83 E:/website_trangsuc/laptrinhweb_thi_website_trangsuc/vendor/laravel/framework/src/Illuminate/Foundation/Application.php(1220): Illuminate/Foundation/Http/Kernel->handle(Object(Illuminate/Http/Request))
#84 E:/website_trangsuc/laptrinhweb_thi_website_trangsuc/public/index.php(20): Illuminate/Foundation/Application->handleRequest(Object(Illuminate/Http/Request))
#85 E:/website_trangsuc/laptrinhweb_thi_website_trangsuc/vendor/laravel/framework/src/Illuminate/Foundation/resources/server.php(23): require_once('E://website_tran...')
#86 {main}
"} 
[2026-05-31 08:40:26] local.ERROR: SQLSTATE[HY000] [2002] No connection could be made because the target machine actively refused it (Connection: mysql, Host: 127.0.0.1, Port: 3306, Database: webshop_trangsuc, SQL: select * from `tai_khoan` where `TenDangNhap` = user0036 limit 1) {"exception":"[object] (Illuminate\\Database\\QueryException(code: 2002): SQLSTATE[HY000] [2002] No connection could be made because the target machine actively refused it (Connection: mysql, Host: 127.0.0.1, Port: 3306, Database: webshop_trangsuc, SQL: select * from `tai_khoan` where `TenDangNhap` = user0036 limit 1) at E:/website_trangsuc/laptrinhweb_thi_website_trangsuc/vendor/laravel/framework/src/Illuminate/Database/Connection.php:838)
[stacktrace]
#0 E:/website_trangsuc/laptrinhweb_thi_website_trangsuc/vendor/laravel/framework/src/Illuminate/Database/Connection.php(999): Illuminate/Database/Connection->runQueryCallback('select * from `...', Array, Object(Closure))
#1 E:/website_trangsuc/laptrinhweb_thi_website_trangsuc/vendor/laravel/framework/src/Illuminate/Database/Connection.php(978): Illuminate/Database/Connection->tryAgainIfCausedByLostConnection(Object(Illuminate/Database/QueryException), 'select * from `...', Array, Object(Closure))
#2 E:/website_trangsuc/laptrinhweb_thi_website_trangsuc/vendor/laravel/framework/src/Illuminate/Database/Connection.php(796): Illuminate/Database/Connection->handleQueryException(Object(Illuminate/Database/QueryException), 'select * from `...', Array, Object(Closure))
#3 E:/website_trangsuc/laptrinhweb_thi_website_trangsuc/vendor/laravel/framework/src/Illuminate/Database/Connection.php(411): Illuminate/Database/Connection->run('select * from `...', Array, Object(Closure))
#4 E:/website_trangsuc/laptrinhweb_thi_website_trangsuc/vendor/laravel/framework/src/Illuminate/Database/Query/Builder.php(3505): Illuminate/Database/Connection->select('select * from `...', Array, true)
#5 E:/website_trangsuc/laptrinhweb_thi_website_trangsuc/vendor/laravel/framework/src/Illuminate/Database/Query/Builder.php(3490): Illuminate/Database/Query/Builder->runSelect()
#6 E:/website_trangsuc/laptrinhweb_thi_website_trangsuc/vendor/laravel/framework/src/Illuminate/Database/Query/Builder.php(4080): Illuminate/Database/Query/Builder->Illuminate/Database/Query/{closure}()
#7 E:/website_trangsuc/laptrinhweb_thi_website_trangsuc/vendor/laravel/framework/src/Illuminate/Database/Query/Builder.php(3489): Illuminate/Database/Query/Builder->onceWithColumns(Array, Object(Closure))
#8 E:/website_trangsuc/laptrinhweb_thi_website_trangsuc/vendor/laravel/framework/src/Illuminate/Database/Eloquent/Builder.php(902): Illuminate/Database/Query/Builder->get(Array)
#9 E:/website_trangsuc/laptrinhweb_thi_website_trangsuc/vendor/laravel/framework/src/Illuminate/Database/Eloquent/Builder.php(884): Illuminate/Database/Eloquent/Builder->getModels(Array)
#10 E:/website_trangsuc/laptrinhweb_thi_website_trangsuc/vendor/laravel/framework/src/Illuminate/Database/Concerns/BuildsQueries.php(366): Illuminate/Database/Eloquent/Builder->get(Array)
#11 E:/website_trangsuc/laptrinhweb_thi_website_trangsuc/app/Http/Controllers/AuthController.php(193): Illuminate/Database/Eloquent/Builder->first()
#12 E:/website_trangsuc/laptrinhweb_thi_website_trangsuc/vendor/laravel/framework/src/Illuminate/Routing/ControllerDispatcher.php(46): App/Http/Controllers/AuthController->login(Object(Illuminate/Http/Request))
#13 E:/website_trangsuc/laptrinhweb_thi_website_trangsuc/vendor/laravel/framework/src/Illuminate/Routing/Route.php(265): Illuminate/Routing/ControllerDispatcher->dispatch(Object(Illuminate/Routing/Route), Object(App/Http/Controllers/AuthController), 'login')
#14 E:/website_trangsuc/laptrinhweb_thi_website_trangsuc/vendor/laravel/framework/src/Illuminate/Routing/Route.php(211): Illuminate/Routing/Route->runController()
#15 E:/website_trangsuc/laptrinhweb_thi_website_trangsuc/vendor/laravel/framework/src/Illuminate/Routing/Router.php(822): Illuminate/Routing/Route->run()
#16 E:/website_trangsuc/laptrinhweb_thi_website_trangsuc/vendor/laravel/framework/src/Illuminate/Pipeline/Pipeline.php(180): Illuminate/Routing/Router->Illuminate/Routing/{closure}(Object(Illuminate/Http/Request))
#17 E:/website_trangsuc/laptrinhweb_thi_website_trangsuc/vendor/laravel/framework/src/Illuminate/Routing/Middleware/SubstituteBindings.php(50): Illuminate/Pipeline/Pipeline->Illuminate/Pipeline/{closure}(Object(Illuminate/Http/Request))
#18 E:/website_trangsuc/laptrinhweb_thi_website_trangsuc/vendor/laravel/framework/src/Illuminate/Pipeline/Pipeline.php(219): Illuminate/Routing/Middleware/SubstituteBindings->handle(Object(Illuminate/Http/Request), Object(Closure))
#19 E:/website_trangsuc/laptrinhweb_thi_website_trangsuc/vendor/laravel/framework/src/Illuminate/Foundation/Http/Middleware/VerifyCsrfToken.php(87): Illuminate/Pipeline/Pipeline->Illuminate/Pipeline/{closure}(Object(Illuminate/Http/Request))
#20 E:/website_trangsuc/laptrinhweb_thi_website_trangsuc/vendor/laravel/framework/src/Illuminate/Pipeline/Pipeline.php(219): Illuminate/Foundation/Http/Middleware/VerifyCsrfToken->handle(Object(Illuminate/Http/Request), Object(Closure))
#21 E:/website_trangsuc/laptrinhweb_thi_website_trangsuc/vendor/laravel/framework/src/Illuminate/View/Middleware/ShareErrorsFromSession.php(48): Illuminate/Pipeline/Pipeline->Illuminate/Pipeline/{closure}(Object(Illuminate/Http/Request))
#22 E:/website_trangsuc/laptrinhweb_thi_website_trangsuc/vendor/laravel/framework/src/Illuminate/Pipeline/Pipeline.php(219): Illuminate/View/Middleware/ShareErrorsFromSession->handle(Object(Illuminate/Http/Request), Object(Closure))
#23 E:/website_trangsuc/laptrinhweb_thi_website_trangsuc/vendor/laravel/framework/src/Illuminate/Session/Middleware/StartSession.php(120): Illuminate/Pipeline/Pipeline->Illuminate/Pipeline/{closure}(Object(Illuminate/Http/Request))
#24 E:/website_trangsuc/laptrinhweb_thi_website_trangsuc/vendor/laravel/framework/src/Illuminate/Session/Middleware/StartSession.php(63): Illuminate/Session/Middleware/StartSession->handleStatefulRequest(Object(Illuminate/Http/Request), Object(Illuminate/Session/Store), Object(Closure))
#25 E:/website_trangsuc/laptrinhweb_thi_website_trangsuc/vendor/laravel/framework/src/Illuminate/Pipeline/Pipeline.php(219): Illuminate/Session/Middleware/StartSession->handle(Object(Illuminate/Http/Request), Object(Closure))
#26 E:/website_trangsuc/laptrinhweb_thi_website_trangsuc/vendor/laravel/framework/src/Illuminate/Cookie/Middleware/AddQueuedCookiesToResponse.php(36): Illuminate/Pipeline/Pipeline->Illuminate/Pipeline/{closure}(Object(Illuminate/Http/Request))
#27 E:/website_trangsuc/laptrinhweb_thi_website_trangsuc/vendor/laravel/framework/src/Illuminate/Pipeline/Pipeline.php(219): Illuminate/Cookie/Middleware/AddQueuedCookiesToResponse->handle(Object(Illuminate/Http/Request), Object(Closure))
#28 E:/website_trangsuc/laptrinhweb_thi_website_trangsuc/vendor/laravel/framework/src/Illuminate/Cookie/Middleware/EncryptCookies.php(74): Illuminate/Pipeline/Pipeline->Illuminate/Pipeline/{closure}(Object(Illuminate/Http/Request))
#29 E:/website_trangsuc/laptrinhweb_thi_website_trangsuc/vendor/laravel/framework/src/Illuminate/Pipeline/Pipeline.php(219): Illuminate/Cookie/Middleware/EncryptCookies->handle(Object(Illuminate/Http/Request), Object(Closure))
#30 E:/website_trangsuc/laptrinhweb_thi_website_trangsuc/vendor/laravel/framework/src/Illuminate/Pipeline/Pipeline.php(137): Illuminate/Pipeline/Pipeline->Illuminate/Pipeline/{closure}(Object(Illuminate/Http/Request))
#31 E:/website_trangsuc/laptrinhweb_thi_website_trangsuc/vendor/laravel/framework/src/Illuminate/Routing/Router.php(821): Illuminate/Pipeline/Pipeline->then(Object(Closure))
#32 E:/website_trangsuc/laptrinhweb_thi_website_trangsuc/vendor/laravel/framework/src/Illuminate/Routing/Router.php(800): Illuminate/Routing/Router->runRouteWithinStack(Object(Illuminate/Routing/Route), Object(Illuminate/Http/Request))
#33 E:/website_trangsuc/laptrinhweb_thi_website_trangsuc/vendor/laravel/framework/src/Illuminate/Routing/Router.php(764): Illuminate/Routing/Router->runRoute(Object(Illuminate/Http/Request), Object(Illuminate/Routing/Route))
#34 E:/website_trangsuc/laptrinhweb_thi_website_trangsuc/vendor/laravel/framework/src/Illuminate/Routing/Router.php(753): Illuminate/Routing/Router->dispatchToRoute(Object(Illuminate/Http/Request))
#35 E:/website_trangsuc/laptrinhweb_thi_website_trangsuc/vendor/laravel/framework/src/Illuminate/Foundation/Http/Kernel.php(200): Illuminate/Routing/Router->dispatch(Object(Illuminate/Http/Request))
#36 E:/website_trangsuc/laptrinhweb_thi_website_trangsuc/vendor/laravel/framework/src/Illuminate/Pipeline/Pipeline.php(180): Illuminate/Foundation/Http/Kernel->Illuminate/Foundation/Http/{closure}(Object(Illuminate/Http/Request))
#37 E:/website_trangsuc/laptrinhweb_thi_website_trangsuc/vendor/laravel/framework/src/Illuminate/Foundation/Http/Middleware/TransformsRequest.php(21): Illuminate/Pipeline/Pipeline->Illuminate/Pipeline/{closure}(Object(Illuminate/Http/Request))
#38 E:/website_trangsuc/laptrinhweb_thi_website_trangsuc/vendor/laravel/framework/src/Illuminate/Foundation/Http/Middleware/ConvertEmptyStringsToNull.php(31): Illuminate/Foundation/Http/Middleware/TransformsRequest->handle(Object(Illuminate/Http/Request), Object(Closure))
#39 E:/website_trangsuc/laptrinhweb_thi_website_trangsuc/vendor/laravel/framework/src/Illuminate/Pipeline/Pipeline.php(219): Illuminate/Foundation/Http/Middleware/ConvertEmptyStringsToNull->handle(Object(Illuminate/Http/Request), Object(Closure))
#40 E:/website_trangsuc/laptrinhweb_thi_website_trangsuc/vendor/laravel/framework/src/Illuminate/Foundation/Http/Middleware/TransformsRequest.php(21): Illuminate/Pipeline/Pipeline->Illuminate/Pipeline/{closure}(Object(Illuminate/Http/Request))
#41 E:/website_trangsuc/laptrinhweb_thi_website_trangsuc/vendor/laravel/framework/src/Illuminate/Foundation/Http/Middleware/TrimStrings.php(51): Illuminate/Foundation/Http/Middleware/TransformsRequest->handle(Object(Illuminate/Http/Request), Object(Closure))
#42 E:/website_trangsuc/laptrinhweb_thi_website_trangsuc/vendor/laravel/framework/src/Illuminate/Pipeline/Pipeline.php(219): Illuminate/Foundation/Http/Middleware/TrimStrings->handle(Object(Illuminate/Http/Request), Object(Closure))
#43 E:/website_trangsuc/laptrinhweb_thi_website_trangsuc/vendor/laravel/framework/src/Illuminate/Http/Middleware/ValidatePostSize.php(27): Illuminate/Pipeline/Pipeline->Illuminate/Pipeline/{closure}(Object(Illuminate/Http/Request))
#44 E:/website_trangsuc/laptrinhweb_thi_website_trangsuc/vendor/laravel/framework/src/Illuminate/Pipeline/Pipeline.php(219): Illuminate/Http/Middleware/ValidatePostSize->handle(Object(Illuminate/Http/Request), Object(Closure))
#45 E:/website_trangsuc/laptrinhweb_thi_website_trangsuc/vendor/laravel/framework/src/Illuminate/Foundation/Http/Middleware/PreventRequestsDuringMaintenance.php(109): Illuminate/Pipeline/Pipeline->Illuminate/Pipeline/{closure}(Object(Illuminate/Http/Request))
#46 E:/website_trangsuc/laptrinhweb_thi_website_trangsuc/vendor/laravel/framework/src/Illuminate/Pipeline/Pipeline.php(219): Illuminate/Foundation/Http/Middleware/PreventRequestsDuringMaintenance->handle(Object(Illuminate/Http/Request), Object(Closure))
#47 E:/website_trangsuc/laptrinhweb_thi_website_trangsuc/vendor/laravel/framework/src/Illuminate/Http/Middleware/HandleCors.php(61): Illuminate/Pipeline/Pipeline->Illuminate/Pipeline/{closure}(Object(Illuminate/Http/Request))
#48 E:/website_trangsuc/laptrinhweb_thi_website_trangsuc/vendor/laravel/framework/src/Illuminate/Pipeline/Pipeline.php(219): Illuminate/Http/Middleware/HandleCors->handle(Object(Illuminate/Http/Request), Object(Closure))
#49 E:/website_trangsuc/laptrinhweb_thi_website_trangsuc/vendor/laravel/framework/src/Illuminate/Http/Middleware/TrustProxies.php(58): Illuminate/Pipeline/Pipeline->Illuminate/Pipeline/{closure}(Object(Illuminate/Http/Request))
#50 E:/website_trangsuc/laptrinhweb_thi_website_trangsuc/vendor/laravel/framework/src/Illuminate/Pipeline/Pipeline.php(219): Illuminate/Http/Middleware/TrustProxies->handle(Object(Illuminate/Http/Request), Object(Closure))
#51 E:/website_trangsuc/laptrinhweb_thi_website_trangsuc/vendor/laravel/framework/src/Illuminate/Foundation/Http/Middleware/InvokeDeferredCallbacks.php(22): Illuminate/Pipeline/Pipeline->Illuminate/Pipeline/{closure}(Object(Illuminate/Http/Request))
#52 E:/website_trangsuc/laptrinhweb_thi_website_trangsuc/vendor/laravel/framework/src/Illuminate/Pipeline/Pipeline.php(219): Illuminate/Foundation/Http/Middleware/InvokeDeferredCallbacks->handle(Object(Illuminate/Http/Request), Object(Closure))
#53 E:/website_trangsuc/laptrinhweb_thi_website_trangsuc/vendor/laravel/framework/src/Illuminate/Http/Middleware/ValidatePathEncoding.php(26): Illuminate/Pipeline/Pipeline->Illuminate/Pipeline/{closure}(Object(Illuminate/Http/Request))
#54 E:/website_trangsuc/laptrinhweb_thi_website_trangsuc/vendor/laravel/framework/src/Illuminate/Pipeline/Pipeline.php(219): Illuminate/Http/Middleware/ValidatePathEncoding->handle(Object(Illuminate/Http/Request), Object(Closure))
#55 E:/website_trangsuc/laptrinhweb_thi_website_trangsuc/vendor/laravel/framework/src/Illuminate/Pipeline/Pipeline.php(137): Illuminate/Pipeline/Pipeline->Illuminate/Pipeline/{closure}(Object(Illuminate/Http/Request))
#56 E:/website_trangsuc/laptrinhweb_thi_website_trangsuc/vendor/laravel/framework/src/Illuminate/Foundation/Http/Kernel.php(175): Illuminate/Pipeline/Pipeline->then(Object(Closure))
#57 E:/website_trangsuc/laptrinhweb_thi_website_trangsuc/vendor/laravel/framework/src/Illuminate/Foundation/Http/Kernel.php(144): Illuminate/Foundation/Http/Kernel->sendRequestThroughRouter(Object(Illuminate/Http/Request))
#58 E:/website_trangsuc/laptrinhweb_thi_website_trangsuc/vendor/laravel/framework/src/Illuminate/Foundation/Application.php(1220): Illuminate/Foundation/Http/Kernel->handle(Object(Illuminate/Http/Request))
#59 E:/website_trangsuc/laptrinhweb_thi_website_trangsuc/public/index.php(20): Illuminate/Foundation/Application->handleRequest(Object(Illuminate/Http/Request))
#60 E:/website_trangsuc/laptrinhweb_thi_website_trangsuc/vendor/laravel/framework/src/Illuminate/Foundation/resources/server.php(23): require_once('E://website_tran...')
#61 {main}

[previous exception] [object] (PDOException(code: 2002): SQLSTATE[HY000] [2002] No connection could be made because the target machine actively refused it at E:/website_trangsuc/laptrinhweb_thi_website_trangsuc/vendor/laravel/framework/src/Illuminate/Database/Connectors/Connector.php:66)
[stacktrace]
#0 E:/website_trangsuc/laptrinhweb_thi_website_trangsuc/vendor/laravel/framework/src/Illuminate/Database/Connectors/Connector.php(66): PDO->__construct('mysql:host=127....', 'root', Object(SensitiveParameterValue), Array)
#1 E:/website_trangsuc/laptrinhweb_thi_website_trangsuc/vendor/laravel/framework/src/Illuminate/Database/Connectors/Connector.php(85): Illuminate/Database/Connectors/Connector->createPdoConnection('mysql:host=127....', 'root', Object(SensitiveParameterValue), Array)
#2 E:/website_trangsuc/laptrinhweb_thi_website_trangsuc/vendor/laravel/framework/src/Illuminate/Database/Connectors/Connector.php(48): Illuminate/Database/Connectors/Connector->tryAgainIfCausedByLostConnection(Object(PDOException), 'mysql:host=127....', 'root', Object(SensitiveParameterValue), Array)
#3 E:/website_trangsuc/laptrinhweb_thi_website_trangsuc/vendor/laravel/framework/src/Illuminate/Database/Connectors/MySqlConnector.php(24): Illuminate/Database/Connectors/Connector->createConnection('mysql:host=127....', Array, Array)
#4 E:/website_trangsuc/laptrinhweb_thi_website_trangsuc/vendor/laravel/framework/src/Illuminate/Database/Connectors/ConnectionFactory.php(186): Illuminate/Database/Connectors/MySqlConnector->connect(Array)
#5 [internal function]: Illuminate/Database/Connectors/ConnectionFactory->Illuminate/Database/Connectors/{closure}()
#6 E:/website_trangsuc/laptrinhweb_thi_website_trangsuc/vendor/laravel/framework/src/Illuminate/Database/Connection.php(1257): call_user_func(Object(Closure))
#7 E:/website_trangsuc/laptrinhweb_thi_website_trangsuc/vendor/laravel/framework/src/Illuminate/Database/Connection.php(1295): Illuminate/Database/Connection->getPdo()
#8 E:/website_trangsuc/laptrinhweb_thi_website_trangsuc/vendor/laravel/framework/src/Illuminate/Database/Connection.php(525): Illuminate/Database/Connection->getReadPdo()
#9 E:/website_trangsuc/laptrinhweb_thi_website_trangsuc/vendor/laravel/framework/src/Illuminate/Database/Connection.php(420): Illuminate/Database/Connection->getPdoForSelect(true)
#10 E:/website_trangsuc/laptrinhweb_thi_website_trangsuc/vendor/laravel/framework/src/Illuminate/Database/Connection.php(827): Illuminate/Database/Connection->Illuminate/Database/{closure}('select * from `...', Array)
#11 E:/website_trangsuc/laptrinhweb_thi_website_trangsuc/vendor/laravel/framework/src/Illuminate/Database/Connection.php(999): Illuminate/Database/Connection->runQueryCallback('select * from `...', Array, Object(Closure))
#12 E:/website_trangsuc/laptrinhweb_thi_website_trangsuc/vendor/laravel/framework/src/Illuminate/Database/Connection.php(978): Illuminate/Database/Connection->tryAgainIfCausedByLostConnection(Object(Illuminate/Database/QueryException), 'select * from `...', Array, Object(Closure))
#13 E:/website_trangsuc/laptrinhweb_thi_website_trangsuc/vendor/laravel/framework/src/Illuminate/Database/Connection.php(796): Illuminate/Database/Connection->handleQueryException(Object(Illuminate/Database/QueryException), 'select * from `...', Array, Object(Closure))
#14 E:/website_trangsuc/laptrinhweb_thi_website_trangsuc/vendor/laravel/framework/src/Illuminate/Database/Connection.php(411): Illuminate/Database/Connection->run('select * from `...', Array, Object(Closure))
#15 E:/website_trangsuc/laptrinhweb_thi_website_trangsuc/vendor/laravel/framework/src/Illuminate/Database/Query/Builder.php(3505): Illuminate/Database/Connection->select('select * from `...', Array, true)
#16 E:/website_trangsuc/laptrinhweb_thi_website_trangsuc/vendor/laravel/framework/src/Illuminate/Database/Query/Builder.php(3490): Illuminate/Database/Query/Builder->runSelect()
#17 E:/website_trangsuc/laptrinhweb_thi_website_trangsuc/vendor/laravel/framework/src/Illuminate/Database/Query/Builder.php(4080): Illuminate/Database/Query/Builder->Illuminate/Database/Query/{closure}()
#18 E:/website_trangsuc/laptrinhweb_thi_website_trangsuc/vendor/laravel/framework/src/Illuminate/Database/Query/Builder.php(3489): Illuminate/Database/Query/Builder->onceWithColumns(Array, Object(Closure))
#19 E:/website_trangsuc/laptrinhweb_thi_website_trangsuc/vendor/laravel/framework/src/Illuminate/Database/Eloquent/Builder.php(902): Illuminate/Database/Query/Builder->get(Array)
#20 E:/website_trangsuc/laptrinhweb_thi_website_trangsuc/vendor/laravel/framework/src/Illuminate/Database/Eloquent/Builder.php(884): Illuminate/Database/Eloquent/Builder->getModels(Array)
#21 E:/website_trangsuc/laptrinhweb_thi_website_trangsuc/vendor/laravel/framework/src/Illuminate/Database/Concerns/BuildsQueries.php(366): Illuminate/Database/Eloquent/Builder->get(Array)
#22 E:/website_trangsuc/laptrinhweb_thi_website_trangsuc/app/Http/Controllers/AuthController.php(193): Illuminate/Database/Eloquent/Builder->first()
#23 E:/website_trangsuc/laptrinhweb_thi_website_trangsuc/vendor/laravel/framework/src/Illuminate/Routing/ControllerDispatcher.php(46): App/Http/Controllers/AuthController->login(Object(Illuminate/Http/Request))
#24 E:/website_trangsuc/laptrinhweb_thi_website_trangsuc/vendor/laravel/framework/src/Illuminate/Routing/Route.php(265): Illuminate/Routing/ControllerDispatcher->dispatch(Object(Illuminate/Routing/Route), Object(App/Http/Controllers/AuthController), 'login')
#25 E:/website_trangsuc/laptrinhweb_thi_website_trangsuc/vendor/laravel/framework/src/Illuminate/Routing/Route.php(211): Illuminate/Routing/Route->runController()
#26 E:/website_trangsuc/laptrinhweb_thi_website_trangsuc/vendor/laravel/framework/src/Illuminate/Routing/Router.php(822): Illuminate/Routing/Route->run()
#27 E:/website_trangsuc/laptrinhweb_thi_website_trangsuc/vendor/laravel/framework/src/Illuminate/Pipeline/Pipeline.php(180): Illuminate/Routing/Router->Illuminate/Routing/{closure}(Object(Illuminate/Http/Request))
#28 E:/website_trangsuc/laptrinhweb_thi_website_trangsuc/vendor/laravel/framework/src/Illuminate/Routing/Middleware/SubstituteBindings.php(50): Illuminate/Pipeline/Pipeline->Illuminate/Pipeline/{closure}(Object(Illuminate/Http/Request))
#29 E:/website_trangsuc/laptrinhweb_thi_website_trangsuc/vendor/laravel/framework/src/Illuminate/Pipeline/Pipeline.php(219): Illuminate/Routing/Middleware/SubstituteBindings->handle(Object(Illuminate/Http/Request), Object(Closure))
#30 E:/website_trangsuc/laptrinhweb_thi_website_trangsuc/vendor/laravel/framework/src/Illuminate/Foundation/Http/Middleware/VerifyCsrfToken.php(87): Illuminate/Pipeline/Pipeline->Illuminate/Pipeline/{closure}(Object(Illuminate/Http/Request))
#31 E:/website_trangsuc/laptrinhweb_thi_website_trangsuc/vendor/laravel/framework/src/Illuminate/Pipeline/Pipeline.php(219): Illuminate/Foundation/Http/Middleware/VerifyCsrfToken->handle(Object(Illuminate/Http/Request), Object(Closure))
#32 E:/website_trangsuc/laptrinhweb_thi_website_trangsuc/vendor/laravel/framework/src/Illuminate/View/Middleware/ShareErrorsFromSession.php(48): Illuminate/Pipeline/Pipeline->Illuminate/Pipeline/{closure}(Object(Illuminate/Http/Request))
#33 E:/website_trangsuc/laptrinhweb_thi_website_trangsuc/vendor/laravel/framework/src/Illuminate/Pipeline/Pipeline.php(219): Illuminate/View/Middleware/ShareErrorsFromSession->handle(Object(Illuminate/Http/Request), Object(Closure))
#34 E:/website_trangsuc/laptrinhweb_thi_website_trangsuc/vendor/laravel/framework/src/Illuminate/Session/Middleware/StartSession.php(120): Illuminate/Pipeline/Pipeline->Illuminate/Pipeline/{closure}(Object(Illuminate/Http/Request))
#35 E:/website_trangsuc/laptrinhweb_thi_website_trangsuc/vendor/laravel/framework/src/Illuminate/Session/Middleware/StartSession.php(63): Illuminate/Session/Middleware/StartSession->handleStatefulRequest(Object(Illuminate/Http/Request), Object(Illuminate/Session/Store), Object(Closure))
#36 E:/website_trangsuc/laptrinhweb_thi_website_trangsuc/vendor/laravel/framework/src/Illuminate/Pipeline/Pipeline.php(219): Illuminate/Session/Middleware/StartSession->handle(Object(Illuminate/Http/Request), Object(Closure))
#37 E:/website_trangsuc/laptrinhweb_thi_website_trangsuc/vendor/laravel/framework/src/Illuminate/Cookie/Middleware/AddQueuedCookiesToResponse.php(36): Illuminate/Pipeline/Pipeline->Illuminate/Pipeline/{closure}(Object(Illuminate/Http/Request))
#38 E:/website_trangsuc/laptrinhweb_thi_website_trangsuc/vendor/laravel/framework/src/Illuminate/Pipeline/Pipeline.php(219): Illuminate/Cookie/Middleware/AddQueuedCookiesToResponse->handle(Object(Illuminate/Http/Request), Object(Closure))
#39 E:/website_trangsuc/laptrinhweb_thi_website_trangsuc/vendor/laravel/framework/src/Illuminate/Cookie/Middleware/EncryptCookies.php(74): Illuminate/Pipeline/Pipeline->Illuminate/Pipeline/{closure}(Object(Illuminate/Http/Request))
#40 E:/website_trangsuc/laptrinhweb_thi_website_trangsuc/vendor/laravel/framework/src/Illuminate/Pipeline/Pipeline.php(219): Illuminate/Cookie/Middleware/EncryptCookies->handle(Object(Illuminate/Http/Request), Object(Closure))
#41 E:/website_trangsuc/laptrinhweb_thi_website_trangsuc/vendor/laravel/framework/src/Illuminate/Pipeline/Pipeline.php(137): Illuminate/Pipeline/Pipeline->Illuminate/Pipeline/{closure}(Object(Illuminate/Http/Request))
#42 E:/website_trangsuc/laptrinhweb_thi_website_trangsuc/vendor/laravel/framework/src/Illuminate/Routing/Router.php(821): Illuminate/Pipeline/Pipeline->then(Object(Closure))
#43 E:/website_trangsuc/laptrinhweb_thi_website_trangsuc/vendor/laravel/framework/src/Illuminate/Routing/Router.php(800): Illuminate/Routing/Router->runRouteWithinStack(Object(Illuminate/Routing/Route), Object(Illuminate/Http/Request))
#44 E:/website_trangsuc/laptrinhweb_thi_website_trangsuc/vendor/laravel/framework/src/Illuminate/Routing/Router.php(764): Illuminate/Routing/Router->runRoute(Object(Illuminate/Http/Request), Object(Illuminate/Routing/Route))
#45 E:/website_trangsuc/laptrinhweb_thi_website_trangsuc/vendor/laravel/framework/src/Illuminate/Routing/Router.php(753): Illuminate/Routing/Router->dispatchToRoute(Object(Illuminate/Http/Request))
#46 E:/website_trangsuc/laptrinhweb_thi_website_trangsuc/vendor/laravel/framework/src/Illuminate/Foundation/Http/Kernel.php(200): Illuminate/Routing/Router->dispatch(Object(Illuminate/Http/Request))
#47 E:/website_trangsuc/laptrinhweb_thi_website_trangsuc/vendor/laravel/framework/src/Illuminate/Pipeline/Pipeline.php(180): Illuminate/Foundation/Http/Kernel->Illuminate/Foundation/Http/{closure}(Object(Illuminate/Http/Request))
#48 E:/website_trangsuc/laptrinhweb_thi_website_trangsuc/vendor/laravel/framework/src/Illuminate/Foundation/Http/Middleware/TransformsRequest.php(21): Illuminate/Pipeline/Pipeline->Illuminate/Pipeline/{closure}(Object(Illuminate/Http/Request))
#49 E:/website_trangsuc/laptrinhweb_thi_website_trangsuc/vendor/laravel/framework/src/Illuminate/Foundation/Http/Middleware/ConvertEmptyStringsToNull.php(31): Illuminate/Foundation/Http/Middleware/TransformsRequest->handle(Object(Illuminate/Http/Request), Object(Closure))
#50 E:/website_trangsuc/laptrinhweb_thi_website_trangsuc/vendor/laravel/framework/src/Illuminate/Pipeline/Pipeline.php(219): Illuminate/Foundation/Http/Middleware/ConvertEmptyStringsToNull->handle(Object(Illuminate/Http/Request), Object(Closure))
#51 E:/website_trangsuc/laptrinhweb_thi_website_trangsuc/vendor/laravel/framework/src/Illuminate/Foundation/Http/Middleware/TransformsRequest.php(21): Illuminate/Pipeline/Pipeline->Illuminate/Pipeline/{closure}(Object(Illuminate/Http/Request))
#52 E:/website_trangsuc/laptrinhweb_thi_website_trangsuc/vendor/laravel/framework/src/Illuminate/Foundation/Http/Middleware/TrimStrings.php(51): Illuminate/Foundation/Http/Middleware/TransformsRequest->handle(Object(Illuminate/Http/Request), Object(Closure))
#53 E:/website_trangsuc/laptrinhweb_thi_website_trangsuc/vendor/laravel/framework/src/Illuminate/Pipeline/Pipeline.php(219): Illuminate/Foundation/Http/Middleware/TrimStrings->handle(Object(Illuminate/Http/Request), Object(Closure))
#54 E:/website_trangsuc/laptrinhweb_thi_website_trangsuc/vendor/laravel/framework/src/Illuminate/Http/Middleware/ValidatePostSize.php(27): Illuminate/Pipeline/Pipeline->Illuminate/Pipeline/{closure}(Object(Illuminate/Http/Request))
#55 E:/website_trangsuc/laptrinhweb_thi_website_trangsuc/vendor/laravel/framework/src/Illuminate/Pipeline/Pipeline.php(219): Illuminate/Http/Middleware/ValidatePostSize->handle(Object(Illuminate/Http/Request), Object(Closure))
#56 E:/website_trangsuc/laptrinhweb_thi_website_trangsuc/vendor/laravel/framework/src/Illuminate/Foundation/Http/Middleware/PreventRequestsDuringMaintenance.php(109): Illuminate/Pipeline/Pipeline->Illuminate/Pipeline/{closure}(Object(Illuminate/Http/Request))
#57 E:/website_trangsuc/laptrinhweb_thi_website_trangsuc/vendor/laravel/framework/src/Illuminate/Pipeline/Pipeline.php(219): Illuminate/Foundation/Http/Middleware/PreventRequestsDuringMaintenance->handle(Object(Illuminate/Http/Request), Object(Closure))
#58 E:/website_trangsuc/laptrinhweb_thi_website_trangsuc/vendor/laravel/framework/src/Illuminate/Http/Middleware/HandleCors.php(61): Illuminate/Pipeline/Pipeline->Illuminate/Pipeline/{closure}(Object(Illuminate/Http/Request))
#59 E:/website_trangsuc/laptrinhweb_thi_website_trangsuc/vendor/laravel/framework/src/Illuminate/Pipeline/Pipeline.php(219): Illuminate/Http/Middleware/HandleCors->handle(Object(Illuminate/Http/Request), Object(Closure))
#60 E:/website_trangsuc/laptrinhweb_thi_website_trangsuc/vendor/laravel/framework/src/Illuminate/Http/Middleware/TrustProxies.php(58): Illuminate/Pipeline/Pipeline->Illuminate/Pipeline/{closure}(Object(Illuminate/Http/Request))
#61 E:/website_trangsuc/laptrinhweb_thi_website_trangsuc/vendor/laravel/framework/src/Illuminate/Pipeline/Pipeline.php(219): Illuminate/Http/Middleware/TrustProxies->handle(Object(Illuminate/Http/Request), Object(Closure))
#62 E:/website_trangsuc/laptrinhweb_thi_website_trangsuc/vendor/laravel/framework/src/Illuminate/Foundation/Http/Middleware/InvokeDeferredCallbacks.php(22): Illuminate/Pipeline/Pipeline->Illuminate/Pipeline/{closure}(Object(Illuminate/Http/Request))
#63 E:/website_trangsuc/laptrinhweb_thi_website_trangsuc/vendor/laravel/framework/src/Illuminate/Pipeline/Pipeline.php(219): Illuminate/Foundation/Http/Middleware/InvokeDeferredCallbacks->handle(Object(Illuminate/Http/Request), Object(Closure))
#64 E:/website_trangsuc/laptrinhweb_thi_website_trangsuc/vendor/laravel/framework/src/Illuminate/Http/Middleware/ValidatePathEncoding.php(26): Illuminate/Pipeline/Pipeline->Illuminate/Pipeline/{closure}(Object(Illuminate/Http/Request))
#65 E:/website_trangsuc/laptrinhweb_thi_website_trangsuc/vendor/laravel/framework/src/Illuminate/Pipeline/Pipeline.php(219): Illuminate/Http/Middleware/ValidatePathEncoding->handle(Object(Illuminate/Http/Request), Object(Closure))
#66 E:/website_trangsuc/laptrinhweb_thi_website_trangsuc/vendor/laravel/framework/src/Illuminate/Pipeline/Pipeline.php(137): Illuminate/Pipeline/Pipeline->Illuminate/Pipeline/{closure}(Object(Illuminate/Http/Request))
#67 E:/website_trangsuc/laptrinhweb_thi_website_trangsuc/vendor/laravel/framework/src/Illuminate/Foundation/Http/Kernel.php(175): Illuminate/Pipeline/Pipeline->then(Object(Closure))
#68 E:/website_trangsuc/laptrinhweb_thi_website_trangsuc/vendor/laravel/framework/src/Illuminate/Foundation/Http/Kernel.php(144): Illuminate/Foundation/Http/Kernel->sendRequestThroughRouter(Object(Illuminate/Http/Request))
#69 E:/website_trangsuc/laptrinhweb_thi_website_trangsuc/vendor/laravel/framework/src/Illuminate/Foundation/Application.php(1220): Illuminate/Foundation/Http/Kernel->handle(Object(Illuminate/Http/Request))
#70 E:/website_trangsuc/laptrinhweb_thi_website_trangsuc/public/index.php(20): Illuminate/Foundation/Application->handleRequest(Object(Illuminate/Http/Request))
#71 E:/website_trangsuc/laptrinhweb_thi_website_trangsuc/vendor/laravel/framework/src/Illuminate/Foundation/resources/server.php(23): require_once('E://website_tran...')
#72 {main}
"} 
[2026-05-31 08:42:23] local.ERROR: syntax error, unexpected token "endif", expecting end of file (View: E:\website_trangsuc\laptrinhweb_thi_website_trangsuc\resources\views\partials\header.blade.php) (View: E:\website_trangsuc\laptrinhweb_thi_website_trangsuc\resources\views\partials\header.blade.php) (View: E:\website_trangsuc\laptrinhweb_thi_website_trangsuc\resources\views\partials\header.blade.php) {"exception":"[object] (Illuminate\\View\\ViewException(code: 0): syntax error, unexpected token \"endif\", expecting end of file (View: E:\\website_trangsuc\\laptrinhweb_thi_website_trangsuc\\resources\\views\\partials\\header.blade.php) (View: E:\\website_trangsuc\\laptrinhweb_thi_website_trangsuc\\resources\\views\\partials\\header.blade.php) (View: E:\\website_trangsuc\\laptrinhweb_thi_website_trangsuc\\resources\\views\\partials\\header.blade.php) at E:/website_trangsuc/laptrinhweb_thi_website_trangsuc/storage/framework/views/7096621760d82c808dcefa7427f14a3b.php:22)
[stacktrace]
#0 E:/website_trangsuc/laptrinhweb_thi_website_trangsuc/vendor/laravel/framework/src/Illuminate/View/Engines/PhpEngine.php(59): Illuminate/View/Engines/CompilerEngine->handleViewException(Object(Illuminate/View/ViewException), 1)
#1 E:/website_trangsuc/laptrinhweb_thi_website_trangsuc/vendor/laravel/framework/src/Illuminate/View/Engines/CompilerEngine.php(76): Illuminate/View/Engines/PhpEngine->evaluatePath('E://website_tran...', Array)
#2 E:/website_trangsuc/laptrinhweb_thi_website_trangsuc/vendor/laravel/framework/src/Illuminate/View/View.php(208): Illuminate/View/Engines/CompilerEngine->get('E://website_tran...', Array)
#3 E:/website_trangsuc/laptrinhweb_thi_website_trangsuc/vendor/laravel/framework/src/Illuminate/View/View.php(191): Illuminate/View/View->getContents()
#4 E:/website_trangsuc/laptrinhweb_thi_website_trangsuc/vendor/laravel/framework/src/Illuminate/View/View.php(160): Illuminate/View/View->renderContents()
#5 E:/website_trangsuc/laptrinhweb_thi_website_trangsuc/vendor/laravel/framework/src/Illuminate/Http/Response.php(78): Illuminate/View/View->render()
#6 E:/website_trangsuc/laptrinhweb_thi_website_trangsuc/vendor/laravel/framework/src/Illuminate/Http/Response.php(34): Illuminate/Http/Response->setContent(Object(Illuminate/View/View))
#7 E:/website_trangsuc/laptrinhweb_thi_website_trangsuc/vendor/laravel/framework/src/Illuminate/Routing/Router.php(939): Illuminate/Http/Response->__construct(Object(Illuminate/View/View), 200, Array)
#8 E:/website_trangsuc/laptrinhweb_thi_website_trangsuc/vendor/laravel/framework/src/Illuminate/Routing/Router.php(906): Illuminate/Routing/Router::toResponse(Object(Illuminate/Http/Request), Object(Illuminate/View/View))
#9 E:/website_trangsuc/laptrinhweb_thi_website_trangsuc/vendor/laravel/framework/src/Illuminate/Routing/Router.php(821): Illuminate/Routing/Router->prepareResponse(Object(Illuminate/Http/Request), Object(Illuminate/View/View))
#10 E:/website_trangsuc/laptrinhweb_thi_website_trangsuc/vendor/laravel/framework/src/Illuminate/Pipeline/Pipeline.php(180): Illuminate/Routing/Router->Illuminate/Routing/{closure}(Object(Illuminate/Http/Request))
#11 E:/website_trangsuc/laptrinhweb_thi_website_trangsuc/vendor/laravel/framework/src/Illuminate/Routing/Middleware/SubstituteBindings.php(50): Illuminate/Pipeline/Pipeline->Illuminate/Pipeline/{closure}(Object(Illuminate/Http/Request))
#12 E:/website_trangsuc/laptrinhweb_thi_website_trangsuc/vendor/laravel/framework/src/Illuminate/Pipeline/Pipeline.php(219): Illuminate/Routing/Middleware/SubstituteBindings->handle(Object(Illuminate/Http/Request), Object(Closure))
#13 E:/website_trangsuc/laptrinhweb_thi_website_trangsuc/vendor/laravel/framework/src/Illuminate/Foundation/Http/Middleware/VerifyCsrfToken.php(87): Illuminate/Pipeline/Pipeline->Illuminate/Pipeline/{closure}(Object(Illuminate/Http/Request))
#14 E:/website_trangsuc/laptrinhweb_thi_website_trangsuc/vendor/laravel/framework/src/Illuminate/Pipeline/Pipeline.php(219): Illuminate/Foundation/Http/Middleware/VerifyCsrfToken->handle(Object(Illuminate/Http/Request), Object(Closure))
#15 E:/website_trangsuc/laptrinhweb_thi_website_trangsuc/vendor/laravel/framework/src/Illuminate/View/Middleware/ShareErrorsFromSession.php(48): Illuminate/Pipeline/Pipeline->Illuminate/Pipeline/{closure}(Object(Illuminate/Http/Request))
#16 E:/website_trangsuc/laptrinhweb_thi_website_trangsuc/vendor/laravel/framework/src/Illuminate/Pipeline/Pipeline.php(219): Illuminate/View/Middleware/ShareErrorsFromSession->handle(Object(Illuminate/Http/Request), Object(Closure))
#17 E:/website_trangsuc/laptrinhweb_thi_website_trangsuc/vendor/laravel/framework/src/Illuminate/Session/Middleware/StartSession.php(120): Illuminate/Pipeline/Pipeline->Illuminate/Pipeline/{closure}(Object(Illuminate/Http/Request))
#18 E:/website_trangsuc/laptrinhweb_thi_website_trangsuc/vendor/laravel/framework/src/Illuminate/Session/Middleware/StartSession.php(63): Illuminate/Session/Middleware/StartSession->handleStatefulRequest(Object(Illuminate/Http/Request), Object(Illuminate/Session/Store), Object(Closure))
#19 E:/website_trangsuc/laptrinhweb_thi_website_trangsuc/vendor/laravel/framework/src/Illuminate/Pipeline/Pipeline.php(219): Illuminate/Session/Middleware/StartSession->handle(Object(Illuminate/Http/Request), Object(Closure))
#20 E:/website_trangsuc/laptrinhweb_thi_website_trangsuc/vendor/laravel/framework/src/Illuminate/Cookie/Middleware/AddQueuedCookiesToResponse.php(36): Illuminate/Pipeline/Pipeline->Illuminate/Pipeline/{closure}(Object(Illuminate/Http/Request))
#21 E:/website_trangsuc/laptrinhweb_thi_website_trangsuc/vendor/laravel/framework/src/Illuminate/Pipeline/Pipeline.php(219): Illuminate/Cookie/Middleware/AddQueuedCookiesToResponse->handle(Object(Illuminate/Http/Request), Object(Closure))
#22 E:/website_trangsuc/laptrinhweb_thi_website_trangsuc/vendor/laravel/framework/src/Illuminate/Cookie/Middleware/EncryptCookies.php(74): Illuminate/Pipeline/Pipeline->Illuminate/Pipeline/{closure}(Object(Illuminate/Http/Request))
#23 E:/website_trangsuc/laptrinhweb_thi_website_trangsuc/vendor/laravel/framework/src/Illuminate/Pipeline/Pipeline.php(219): Illuminate/Cookie/Middleware/EncryptCookies->handle(Object(Illuminate/Http/Request), Object(Closure))
#24 E:/website_trangsuc/laptrinhweb_thi_website_trangsuc/vendor/laravel/framework/src/Illuminate/Pipeline/Pipeline.php(137): Illuminate/Pipeline/Pipeline->Illuminate/Pipeline/{closure}(Object(Illuminate/Http/Request))
#25 E:/website_trangsuc/laptrinhweb_thi_website_trangsuc/vendor/laravel/framework/src/Illuminate/Routing/Router.php(821): Illuminate/Pipeline/Pipeline->then(Object(Closure))
#26 E:/website_trangsuc/laptrinhweb_thi_website_trangsuc/vendor/laravel/framework/src/Illuminate/Routing/Router.php(800): Illuminate/Routing/Router->runRouteWithinStack(Object(Illuminate/Routing/Route), Object(Illuminate/Http/Request))
#27 E:/website_trangsuc/laptrinhweb_thi_website_trangsuc/vendor/laravel/framework/src/Illuminate/Routing/Router.php(764): Illuminate/Routing/Router->runRoute(Object(Illuminate/Http/Request), Object(Illuminate/Routing/Route))
#28 E:/website_trangsuc/laptrinhweb_thi_website_trangsuc/vendor/laravel/framework/src/Illuminate/Routing/Router.php(753): Illuminate/Routing/Router->dispatchToRoute(Object(Illuminate/Http/Request))
#29 E:/website_trangsuc/laptrinhweb_thi_website_trangsuc/vendor/laravel/framework/src/Illuminate/Foundation/Http/Kernel.php(200): Illuminate/Routing/Router->dispatch(Object(Illuminate/Http/Request))
#30 E:/website_trangsuc/laptrinhweb_thi_website_trangsuc/vendor/laravel/framework/src/Illuminate/Pipeline/Pipeline.php(180): Illuminate/Foundation/Http/Kernel->Illuminate/Foundation/Http/{closure}(Object(Illuminate/Http/Request))
#31 E:/website_trangsuc/laptrinhweb_thi_website_trangsuc/vendor/laravel/framework/src/Illuminate/Foundation/Http/Middleware/TransformsRequest.php(21): Illuminate/Pipeline/Pipeline->Illuminate/Pipeline/{closure}(Object(Illuminate/Http/Request))
#32 E:/website_trangsuc/laptrinhweb_thi_website_trangsuc/vendor/laravel/framework/src/Illuminate/Foundation/Http/Middleware/ConvertEmptyStringsToNull.php(31): Illuminate/Foundation/Http/Middleware/TransformsRequest->handle(Object(Illuminate/Http/Request), Object(Closure))
#33 E:/website_trangsuc/laptrinhweb_thi_website_trangsuc/vendor/laravel/framework/src/Illuminate/Pipeline/Pipeline.php(219): Illuminate/Foundation/Http/Middleware/ConvertEmptyStringsToNull->handle(Object(Illuminate/Http/Request), Object(Closure))
#34 E:/website_trangsuc/laptrinhweb_thi_website_trangsuc/vendor/laravel/framework/src/Illuminate/Foundation/Http/Middleware/TransformsRequest.php(21): Illuminate/Pipeline/Pipeline->Illuminate/Pipeline/{closure}(Object(Illuminate/Http/Request))
#35 E:/website_trangsuc/laptrinhweb_thi_website_trangsuc/vendor/laravel/framework/src/Illuminate/Foundation/Http/Middleware/TrimStrings.php(51): Illuminate/Foundation/Http/Middleware/TransformsRequest->handle(Object(Illuminate/Http/Request), Object(Closure))
#36 E:/website_trangsuc/laptrinhweb_thi_website_trangsuc/vendor/laravel/framework/src/Illuminate/Pipeline/Pipeline.php(219): Illuminate/Foundation/Http/Middleware/TrimStrings->handle(Object(Illuminate/Http/Request), Object(Closure))
#37 E:/website_trangsuc/laptrinhweb_thi_website_trangsuc/vendor/laravel/framework/src/Illuminate/Http/Middleware/ValidatePostSize.php(27): Illuminate/Pipeline/Pipeline->Illuminate/Pipeline/{closure}(Object(Illuminate/Http/Request))
#38 E:/website_trangsuc/laptrinhweb_thi_website_trangsuc/vendor/laravel/framework/src/Illuminate/Pipeline/Pipeline.php(219): Illuminate/Http/Middleware/ValidatePostSize->handle(Object(Illuminate/Http/Request), Object(Closure))
#39 E:/website_trangsuc/laptrinhweb_thi_website_trangsuc/vendor/laravel/framework/src/Illuminate/Foundation/Http/Middleware/PreventRequestsDuringMaintenance.php(109): Illuminate/Pipeline/Pipeline->Illuminate/Pipeline/{closure}(Object(Illuminate/Http/Request))
#40 E:/website_trangsuc/laptrinhweb_thi_website_trangsuc/vendor/laravel/framework/src/Illuminate/Pipeline/Pipeline.php(219): Illuminate/Foundation/Http/Middleware/PreventRequestsDuringMaintenance->handle(Object(Illuminate/Http/Request), Object(Closure))
#41 E:/website_trangsuc/laptrinhweb_thi_website_trangsuc/vendor/laravel/framework/src/Illuminate/Http/Middleware/HandleCors.php(61): Illuminate/Pipeline/Pipeline->Illuminate/Pipeline/{closure}(Object(Illuminate/Http/Request))
#42 E:/website_trangsuc/laptrinhweb_thi_website_trangsuc/vendor/laravel/framework/src/Illuminate/Pipeline/Pipeline.php(219): Illuminate/Http/Middleware/HandleCors->handle(Object(Illuminate/Http/Request), Object(Closure))
#43 E:/website_trangsuc/laptrinhweb_thi_website_trangsuc/vendor/laravel/framework/src/Illuminate/Http/Middleware/TrustProxies.php(58): Illuminate/Pipeline/Pipeline->Illuminate/Pipeline/{closure}(Object(Illuminate/Http/Request))
#44 E:/website_trangsuc/laptrinhweb_thi_website_trangsuc/vendor/laravel/framework/src/Illuminate/Pipeline/Pipeline.php(219): Illuminate/Http/Middleware/TrustProxies->handle(Object(Illuminate/Http/Request), Object(Closure))
#45 E:/website_trangsuc/laptrinhweb_thi_website_trangsuc/vendor/laravel/framework/src/Illuminate/Foundation/Http/Middleware/InvokeDeferredCallbacks.php(22): Illuminate/Pipeline/Pipeline->Illuminate/Pipeline/{closure}(Object(Illuminate/Http/Request))
#46 E:/website_trangsuc/laptrinhweb_thi_website_trangsuc/vendor/laravel/framework/src/Illuminate/Pipeline/Pipeline.php(219): Illuminate/Foundation/Http/Middleware/InvokeDeferredCallbacks->handle(Object(Illuminate/Http/Request), Object(Closure))
#47 E:/website_trangsuc/laptrinhweb_thi_website_trangsuc/vendor/laravel/framework/src/Illuminate/Http/Middleware/ValidatePathEncoding.php(26): Illuminate/Pipeline/Pipeline->Illuminate/Pipeline/{closure}(Object(Illuminate/Http/Request))
#48 E:/website_trangsuc/laptrinhweb_thi_website_trangsuc/vendor/laravel/framework/src/Illuminate/Pipeline/Pipeline.php(219): Illuminate/Http/Middleware/ValidatePathEncoding->handle(Object(Illuminate/Http/Request), Object(Closure))
#49 E:/website_trangsuc/laptrinhweb_thi_website_trangsuc/vendor/laravel/framework/src/Illuminate/Pipeline/Pipeline.php(137): Illuminate/Pipeline/Pipeline->Illuminate/Pipeline/{closure}(Object(Illuminate/Http/Request))
#50 E:/website_trangsuc/laptrinhweb_thi_website_trangsuc/vendor/laravel/framework/src/Illuminate/Foundation/Http/Kernel.php(175): Illuminate/Pipeline/Pipeline->then(Object(Closure))
#51 E:/website_trangsuc/laptrinhweb_thi_website_trangsuc/vendor/laravel/framework/src/Illuminate/Foundation/Http/Kernel.php(144): Illuminate/Foundation/Http/Kernel->sendRequestThroughRouter(Object(Illuminate/Http/Request))
#52 E:/website_trangsuc/laptrinhweb_thi_website_trangsuc/vendor/laravel/framework/src/Illuminate/Foundation/Application.php(1220): Illuminate/Foundation/Http/Kernel->handle(Object(Illuminate/Http/Request))
#53 E:/website_trangsuc/laptrinhweb_thi_website_trangsuc/public/index.php(20): Illuminate/Foundation/Application->handleRequest(Object(Illuminate/Http/Request))
#54 E:/website_trangsuc/laptrinhweb_thi_website_trangsuc/vendor/laravel/framework/src/Illuminate/Foundation/resources/server.php(23): require_once('E://website_tran...')
#55 {main}

[previous exception] [object] (Illuminate\\View\\ViewException(code: 0): syntax error, unexpected token \"endif\", expecting end of file (View: E:\\website_trangsuc\\laptrinhweb_thi_website_trangsuc\\resources\\views\\partials\\header.blade.php) (View: E:\\website_trangsuc\\laptrinhweb_thi_website_trangsuc\\resources\\views\\partials\\header.blade.php) at E:/website_trangsuc/laptrinhweb_thi_website_trangsuc/storage/framework/views/7096621760d82c808dcefa7427f14a3b.php:22)
[stacktrace]
#0 E:/website_trangsuc/laptrinhweb_thi_website_trangsuc/vendor/laravel/framework/src/Illuminate/View/Engines/PhpEngine.php(59): Illuminate/View/Engines/CompilerEngine->handleViewException(Object(Illuminate/View/ViewException), 2)
#1 E:/website_trangsuc/laptrinhweb_thi_website_trangsuc/vendor/laravel/framework/src/Illuminate/View/Engines/CompilerEngine.php(76): Illuminate/View/Engines/PhpEngine->evaluatePath('E://website_tran...', Array)
#2 E:/website_trangsuc/laptrinhweb_thi_website_trangsuc/vendor/laravel/framework/src/Illuminate/View/View.php(208): Illuminate/View/Engines/CompilerEngine->get('E://website_tran...', Array)
#3 E:/website_trangsuc/laptrinhweb_thi_website_trangsuc/vendor/laravel/framework/src/Illuminate/View/View.php(191): Illuminate/View/View->getContents()
#4 E:/website_trangsuc/laptrinhweb_thi_website_trangsuc/vendor/laravel/framework/src/Illuminate/View/View.php(160): Illuminate/View/View->renderContents()
#5 E:/website_trangsuc/laptrinhweb_thi_website_trangsuc/storage/framework/views/6464a70f796b9492a1dc89a8afa00e50.php(24): Illuminate/View/View->render()
#6 E:/website_trangsuc/laptrinhweb_thi_website_trangsuc/vendor/laravel/framework/src/Illuminate/Filesystem/Filesystem.php(123): require('E://website_tran...')
#7 E:/website_trangsuc/laptrinhweb_thi_website_trangsuc/vendor/laravel/framework/src/Illuminate/Filesystem/Filesystem.php(124): Illuminate/Filesystem/Filesystem::Illuminate/Filesystem/{closure}()
#8 E:/website_trangsuc/laptrinhweb_thi_website_trangsuc/vendor/laravel/framework/src/Illuminate/View/Engines/PhpEngine.php(57): Illuminate/Filesystem/Filesystem->getRequire('E://website_tran...', Array)
#9 E:/website_trangsuc/laptrinhweb_thi_website_trangsuc/vendor/laravel/framework/src/Illuminate/View/Engines/CompilerEngine.php(76): Illuminate/View/Engines/PhpEngine->evaluatePath('E://website_tran...', Array)
#10 E:/website_trangsuc/laptrinhweb_thi_website_trangsuc/vendor/laravel/framework/src/Illuminate/View/View.php(208): Illuminate/View/Engines/CompilerEngine->get('E://website_tran...', Array)
#11 E:/website_trangsuc/laptrinhweb_thi_website_trangsuc/vendor/laravel/framework/src/Illuminate/View/View.php(191): Illuminate/View/View->getContents()
#12 E:/website_trangsuc/laptrinhweb_thi_website_trangsuc/vendor/laravel/framework/src/Illuminate/View/View.php(160): Illuminate/View/View->renderContents()
#13 E:/website_trangsuc/laptrinhweb_thi_website_trangsuc/vendor/laravel/framework/src/Illuminate/Http/Response.php(78): Illuminate/View/View->render()
#14 E:/website_trangsuc/laptrinhweb_thi_website_trangsuc/vendor/laravel/framework/src/Illuminate/Http/Response.php(34): Illuminate/Http/Response->setContent(Object(Illuminate/View/View))
#15 E:/website_trangsuc/laptrinhweb_thi_website_trangsuc/vendor/laravel/framework/src/Illuminate/Routing/Router.php(939): Illuminate/Http/Response->__construct(Object(Illuminate/View/View), 200, Array)
#16 E:/website_trangsuc/laptrinhweb_thi_website_trangsuc/vendor/laravel/framework/src/Illuminate/Routing/Router.php(906): Illuminate/Routing/Router::toResponse(Object(Illuminate/Http/Request), Object(Illuminate/View/View))
#17 E:/website_trangsuc/laptrinhweb_thi_website_trangsuc/vendor/laravel/framework/src/Illuminate/Routing/Router.php(821): Illuminate/Routing/Router->prepareResponse(Object(Illuminate/Http/Request), Object(Illuminate/View/View))
#18 E:/website_trangsuc/laptrinhweb_thi_website_trangsuc/vendor/laravel/framework/src/Illuminate/Pipeline/Pipeline.php(180): Illuminate/Routing/Router->Illuminate/Routing/{closure}(Object(Illuminate/Http/Request))
#19 E:/website_trangsuc/laptrinhweb_thi_website_trangsuc/vendor/laravel/framework/src/Illuminate/Routing/Middleware/SubstituteBindings.php(50): Illuminate/Pipeline/Pipeline->Illuminate/Pipeline/{closure}(Object(Illuminate/Http/Request))
#20 E:/website_trangsuc/laptrinhweb_thi_website_trangsuc/vendor/laravel/framework/src/Illuminate/Pipeline/Pipeline.php(219): Illuminate/Routing/Middleware/SubstituteBindings->handle(Object(Illuminate/Http/Request), Object(Closure))
#21 E:/website_trangsuc/laptrinhweb_thi_website_trangsuc/vendor/laravel/framework/src/Illuminate/Foundation/Http/Middleware/VerifyCsrfToken.php(87): Illuminate/Pipeline/Pipeline->Illuminate/Pipeline/{closure}(Object(Illuminate/Http/Request))
#22 E:/website_trangsuc/laptrinhweb_thi_website_trangsuc/vendor/laravel/framework/src/Illuminate/Pipeline/Pipeline.php(219): Illuminate/Foundation/Http/Middleware/VerifyCsrfToken->handle(Object(Illuminate/Http/Request), Object(Closure))
#23 E:/website_trangsuc/laptrinhweb_thi_website_trangsuc/vendor/laravel/framework/src/Illuminate/View/Middleware/ShareErrorsFromSession.php(48): Illuminate/Pipeline/Pipeline->Illuminate/Pipeline/{closure}(Object(Illuminate/Http/Request))
#24 E:/website_trangsuc/laptrinhweb_thi_website_trangsuc/vendor/laravel/framework/src/Illuminate/Pipeline/Pipeline.php(219): Illuminate/View/Middleware/ShareErrorsFromSession->handle(Object(Illuminate/Http/Request), Object(Closure))
#25 E:/website_trangsuc/laptrinhweb_thi_website_trangsuc/vendor/laravel/framework/src/Illuminate/Session/Middleware/StartSession.php(120): Illuminate/Pipeline/Pipeline->Illuminate/Pipeline/{closure}(Object(Illuminate/Http/Request))
#26 E:/website_trangsuc/laptrinhweb_thi_website_trangsuc/vendor/laravel/framework/src/Illuminate/Session/Middleware/StartSession.php(63): Illuminate/Session/Middleware/StartSession->handleStatefulRequest(Object(Illuminate/Http/Request), Object(Illuminate/Session/Store), Object(Closure))
#27 E:/website_trangsuc/laptrinhweb_thi_website_trangsuc/vendor/laravel/framework/src/Illuminate/Pipeline/Pipeline.php(219): Illuminate/Session/Middleware/StartSession->handle(Object(Illuminate/Http/Request), Object(Closure))
#28 E:/website_trangsuc/laptrinhweb_thi_website_trangsuc/vendor/laravel/framework/src/Illuminate/Cookie/Middleware/AddQueuedCookiesToResponse.php(36): Illuminate/Pipeline/Pipeline->Illuminate/Pipeline/{closure}(Object(Illuminate/Http/Request))
#29 E:/website_trangsuc/laptrinhweb_thi_website_trangsuc/vendor/laravel/framework/src/Illuminate/Pipeline/Pipeline.php(219): Illuminate/Cookie/Middleware/AddQueuedCookiesToResponse->handle(Object(Illuminate/Http/Request), Object(Closure))
#30 E:/website_trangsuc/laptrinhweb_thi_website_trangsuc/vendor/laravel/framework/src/Illuminate/Cookie/Middleware/EncryptCookies.php(74): Illuminate/Pipeline/Pipeline->Illuminate/Pipeline/{closure}(Object(Illuminate/Http/Request))
#31 E:/website_trangsuc/laptrinhweb_thi_website_trangsuc/vendor/laravel/framework/src/Illuminate/Pipeline/Pipeline.php(219): Illuminate/Cookie/Middleware/EncryptCookies->handle(Object(Illuminate/Http/Request), Object(Closure))
#32 E:/website_trangsuc/laptrinhweb_thi_website_trangsuc/vendor/laravel/framework/src/Illuminate/Pipeline/Pipeline.php(137): Illuminate/Pipeline/Pipeline->Illuminate/Pipeline/{closure}(Object(Illuminate/Http/Request))
#33 E:/website_trangsuc/laptrinhweb_thi_website_trangsuc/vendor/laravel/framework/src/Illuminate/Routing/Router.php(821): Illuminate/Pipeline/Pipeline->then(Object(Closure))
#34 E:/website_trangsuc/laptrinhweb_thi_website_trangsuc/vendor/laravel/framework/src/Illuminate/Routing/Router.php(800): Illuminate/Routing/Router->runRouteWithinStack(Object(Illuminate/Routing/Route), Object(Illuminate/Http/Request))
#35 E:/website_trangsuc/laptrinhweb_thi_website_trangsuc/vendor/laravel/framework/src/Illuminate/Routing/Router.php(764): Illuminate/Routing/Router->runRoute(Object(Illuminate/Http/Request), Object(Illuminate/Routing/Route))
#36 E:/website_trangsuc/laptrinhweb_thi_website_trangsuc/vendor/laravel/framework/src/Illuminate/Routing/Router.php(753): Illuminate/Routing/Router->dispatchToRoute(Object(Illuminate/Http/Request))
#37 E:/website_trangsuc/laptrinhweb_thi_website_trangsuc/vendor/laravel/framework/src/Illuminate/Foundation/Http/Kernel.php(200): Illuminate/Routing/Router->dispatch(Object(Illuminate/Http/Request))
#38 E:/website_trangsuc/laptrinhweb_thi_website_trangsuc/vendor/laravel/framework/src/Illuminate/Pipeline/Pipeline.php(180): Illuminate/Foundation/Http/Kernel->Illuminate/Foundation/Http/{closure}(Object(Illuminate/Http/Request))
#39 E:/website_trangsuc/laptrinhweb_thi_website_trangsuc/vendor/laravel/framework/src/Illuminate/Foundation/Http/Middleware/TransformsRequest.php(21): Illuminate/Pipeline/Pipeline->Illuminate/Pipeline/{closure}(Object(Illuminate/Http/Request))
#40 E:/website_trangsuc/laptrinhweb_thi_website_trangsuc/vendor/laravel/framework/src/Illuminate/Foundation/Http/Middleware/ConvertEmptyStringsToNull.php(31): Illuminate/Foundation/Http/Middleware/TransformsRequest->handle(Object(Illuminate/Http/Request), Object(Closure))
#41 E:/website_trangsuc/laptrinhweb_thi_website_trangsuc/vendor/laravel/framework/src/Illuminate/Pipeline/Pipeline.php(219): Illuminate/Foundation/Http/Middleware/ConvertEmptyStringsToNull->handle(Object(Illuminate/Http/Request), Object(Closure))
#42 E:/website_trangsuc/laptrinhweb_thi_website_trangsuc/vendor/laravel/framework/src/Illuminate/Foundation/Http/Middleware/TransformsRequest.php(21): Illuminate/Pipeline/Pipeline->Illuminate/Pipeline/{closure}(Object(Illuminate/Http/Request))
#43 E:/website_trangsuc/laptrinhweb_thi_website_trangsuc/vendor/laravel/framework/src/Illuminate/Foundation/Http/Middleware/TrimStrings.php(51): Illuminate/Foundation/Http/Middleware/TransformsRequest->handle(Object(Illuminate/Http/Request), Object(Closure))
#44 E:/website_trangsuc/laptrinhweb_thi_website_trangsuc/vendor/laravel/framework/src/Illuminate/Pipeline/Pipeline.php(219): Illuminate/Foundation/Http/Middleware/TrimStrings->handle(Object(Illuminate/Http/Request), Object(Closure))
#45 E:/website_trangsuc/laptrinhweb_thi_website_trangsuc/vendor/laravel/framework/src/Illuminate/Http/Middleware/ValidatePostSize.php(27): Illuminate/Pipeline/Pipeline->Illuminate/Pipeline/{closure}(Object(Illuminate/Http/Request))
#46 E:/website_trangsuc/laptrinhweb_thi_website_trangsuc/vendor/laravel/framework/src/Illuminate/Pipeline/Pipeline.php(219): Illuminate/Http/Middleware/ValidatePostSize->handle(Object(Illuminate/Http/Request), Object(Closure))
#47 E:/website_trangsuc/laptrinhweb_thi_website_trangsuc/vendor/laravel/framework/src/Illuminate/Foundation/Http/Middleware/PreventRequestsDuringMaintenance.php(109): Illuminate/Pipeline/Pipeline->Illuminate/Pipeline/{closure}(Object(Illuminate/Http/Request))
#48 E:/website_trangsuc/laptrinhweb_thi_website_trangsuc/vendor/laravel/framework/src/Illuminate/Pipeline/Pipeline.php(219): Illuminate/Foundation/Http/Middleware/PreventRequestsDuringMaintenance->handle(Object(Illuminate/Http/Request), Object(Closure))
#49 E:/website_trangsuc/laptrinhweb_thi_website_trangsuc/vendor/laravel/framework/src/Illuminate/Http/Middleware/HandleCors.php(61): Illuminate/Pipeline/Pipeline->Illuminate/Pipeline/{closure}(Object(Illuminate/Http/Request))
#50 E:/website_trangsuc/laptrinhweb_thi_website_trangsuc/vendor/laravel/framework/src/Illuminate/Pipeline/Pipeline.php(219): Illuminate/Http/Middleware/HandleCors->handle(Object(Illuminate/Http/Request), Object(Closure))
#51 E:/website_trangsuc/laptrinhweb_thi_website_trangsuc/vendor/laravel/framework/src/Illuminate/Http/Middleware/TrustProxies.php(58): Illuminate/Pipeline/Pipeline->Illuminate/Pipeline/{closure}(Object(Illuminate/Http/Request))
#52 E:/website_trangsuc/laptrinhweb_thi_website_trangsuc/vendor/laravel/framework/src/Illuminate/Pipeline/Pipeline.php(219): Illuminate/Http/Middleware/TrustProxies->handle(Object(Illuminate/Http/Request), Object(Closure))
#53 E:/website_trangsuc/laptrinhweb_thi_website_trangsuc/vendor/laravel/framework/src/Illuminate/Foundation/Http/Middleware/InvokeDeferredCallbacks.php(22): Illuminate/Pipeline/Pipeline->Illuminate/Pipeline/{closure}(Object(Illuminate/Http/Request))
#54 E:/website_trangsuc/laptrinhweb_thi_website_trangsuc/vendor/laravel/framework/src/Illuminate/Pipeline/Pipeline.php(219): Illuminate/Foundation/Http/Middleware/InvokeDeferredCallbacks->handle(Object(Illuminate/Http/Request), Object(Closure))
#55 E:/website_trangsuc/laptrinhweb_thi_website_trangsuc/vendor/laravel/framework/src/Illuminate/Http/Middleware/ValidatePathEncoding.php(26): Illuminate/Pipeline/Pipeline->Illuminate/Pipeline/{closure}(Object(Illuminate/Http/Request))
#56 E:/website_trangsuc/laptrinhweb_thi_website_trangsuc/vendor/laravel/framework/src/Illuminate/Pipeline/Pipeline.php(219): Illuminate/Http/Middleware/ValidatePathEncoding->handle(Object(Illuminate/Http/Request), Object(Closure))
#57 E:/website_trangsuc/laptrinhweb_thi_website_trangsuc/vendor/laravel/framework/src/Illuminate/Pipeline/Pipeline.php(137): Illuminate/Pipeline/Pipeline->Illuminate/Pipeline/{closure}(Object(Illuminate/Http/Request))
#58 E:/website_trangsuc/laptrinhweb_thi_website_trangsuc/vendor/laravel/framework/src/Illuminate/Foundation/Http/Kernel.php(175): Illuminate/Pipeline/Pipeline->then(Object(Closure))
#59 E:/website_trangsuc/laptrinhweb_thi_website_trangsuc/vendor/laravel/framework/src/Illuminate/Foundation/Http/Kernel.php(144): Illuminate/Foundation/Http/Kernel->sendRequestThroughRouter(Object(Illuminate/Http/Request))
#60 E:/website_trangsuc/laptrinhweb_thi_website_trangsuc/vendor/laravel/framework/src/Illuminate/Foundation/Application.php(1220): Illuminate/Foundation/Http/Kernel->handle(Object(Illuminate/Http/Request))
#61 E:/website_trangsuc/laptrinhweb_thi_website_trangsuc/public/index.php(20): Illuminate/Foundation/Application->handleRequest(Object(Illuminate/Http/Request))
#62 E:/website_trangsuc/laptrinhweb_thi_website_trangsuc/vendor/laravel/framework/src/Illuminate/Foundation/resources/server.php(23): require_once('E://website_tran...')
#63 {main}

[previous exception] [object] (Illuminate\\View\\ViewException(code: 0): syntax error, unexpected token \"endif\", expecting end of file (View: E:\\website_trangsuc\\laptrinhweb_thi_website_trangsuc\\resources\\views\\partials\\header.blade.php) at E:/website_trangsuc/laptrinhweb_thi_website_trangsuc/storage/framework/views/7096621760d82c808dcefa7427f14a3b.php:22)
[stacktrace]
#0 E:/website_trangsuc/laptrinhweb_thi_website_trangsuc/vendor/laravel/framework/src/Illuminate/View/Engines/PhpEngine.php(59): Illuminate/View/Engines/CompilerEngine->handleViewException(Object(ParseError), 3)
#1 E:/website_trangsuc/laptrinhweb_thi_website_trangsuc/vendor/laravel/framework/src/Illuminate/View/Engines/CompilerEngine.php(76): Illuminate/View/Engines/PhpEngine->evaluatePath('E://website_tran...', Array)
#2 E:/website_trangsuc/laptrinhweb_thi_website_trangsuc/vendor/laravel/framework/src/Illuminate/View/View.php(208): Illuminate/View/Engines/CompilerEngine->get('E://website_tran...', Array)
#3 E:/website_trangsuc/laptrinhweb_thi_website_trangsuc/vendor/laravel/framework/src/Illuminate/View/View.php(191): Illuminate/View/View->getContents()
#4 E:/website_trangsuc/laptrinhweb_thi_website_trangsuc/vendor/laravel/framework/src/Illuminate/View/View.php(160): Illuminate/View/View->renderContents()
#5 E:/website_trangsuc/laptrinhweb_thi_website_trangsuc/storage/framework/views/dfcf19d923680090cce472b959f6b4d3.php(18): Illuminate/View/View->render()
#6 E:/website_trangsuc/laptrinhweb_thi_website_trangsuc/vendor/laravel/framework/src/Illuminate/Filesystem/Filesystem.php(123): require('E://website_tran...')
#7 E:/website_trangsuc/laptrinhweb_thi_website_trangsuc/vendor/laravel/framework/src/Illuminate/Filesystem/Filesystem.php(124): Illuminate/Filesystem/Filesystem::Illuminate/Filesystem/{closure}()
#8 E:/website_trangsuc/laptrinhweb_thi_website_trangsuc/vendor/laravel/framework/src/Illuminate/View/Engines/PhpEngine.php(57): Illuminate/Filesystem/Filesystem->getRequire('E://website_tran...', Array)
#9 E:/website_trangsuc/laptrinhweb_thi_website_trangsuc/vendor/laravel/framework/src/Illuminate/View/Engines/CompilerEngine.php(76): Illuminate/View/Engines/PhpEngine->evaluatePath('E://website_tran...', Array)
#10 E:/website_trangsuc/laptrinhweb_thi_website_trangsuc/vendor/laravel/framework/src/Illuminate/View/View.php(208): Illuminate/View/Engines/CompilerEngine->get('E://website_tran...', Array)
#11 E:/website_trangsuc/laptrinhweb_thi_website_trangsuc/vendor/laravel/framework/src/Illuminate/View/View.php(191): Illuminate/View/View->getContents()
#12 E:/website_trangsuc/laptrinhweb_thi_website_trangsuc/vendor/laravel/framework/src/Illuminate/View/View.php(160): Illuminate/View/View->renderContents()
#13 E:/website_trangsuc/laptrinhweb_thi_website_trangsuc/storage/framework/views/6464a70f796b9492a1dc89a8afa00e50.php(24): Illuminate/View/View->render()
#14 E:/website_trangsuc/laptrinhweb_thi_website_trangsuc/vendor/laravel/framework/src/Illuminate/Filesystem/Filesystem.php(123): require('E://website_tran...')
#15 E:/website_trangsuc/laptrinhweb_thi_website_trangsuc/vendor/laravel/framework/src/Illuminate/Filesystem/Filesystem.php(124): Illuminate/Filesystem/Filesystem::Illuminate/Filesystem/{closure}()
#16 E:/website_trangsuc/laptrinhweb_thi_website_trangsuc/vendor/laravel/framework/src/Illuminate/View/Engines/PhpEngine.php(57): Illuminate/Filesystem/Filesystem->getRequire('E://website_tran...', Array)
#17 E:/website_trangsuc/laptrinhweb_thi_website_trangsuc/vendor/laravel/framework/src/Illuminate/View/Engines/CompilerEngine.php(76): Illuminate/View/Engines/PhpEngine->evaluatePath('E://website_tran...', Array)
#18 E:/website_trangsuc/laptrinhweb_thi_website_trangsuc/vendor/laravel/framework/src/Illuminate/View/View.php(208): Illuminate/View/Engines/CompilerEngine->get('E://website_tran...', Array)
#19 E:/website_trangsuc/laptrinhweb_thi_website_trangsuc/vendor/laravel/framework/src/Illuminate/View/View.php(191): Illuminate/View/View->getContents()
#20 E:/website_trangsuc/laptrinhweb_thi_website_trangsuc/vendor/laravel/framework/src/Illuminate/View/View.php(160): Illuminate/View/View->renderContents()
#21 E:/website_trangsuc/laptrinhweb_thi_website_trangsuc/vendor/laravel/framework/src/Illuminate/Http/Response.php(78): Illuminate/View/View->render()
#22 E:/website_trangsuc/laptrinhweb_thi_website_trangsuc/vendor/laravel/framework/src/Illuminate/Http/Response.php(34): Illuminate/Http/Response->setContent(Object(Illuminate/View/View))
#23 E:/website_trangsuc/laptrinhweb_thi_website_trangsuc/vendor/laravel/framework/src/Illuminate/Routing/Router.php(939): Illuminate/Http/Response->__construct(Object(Illuminate/View/View), 200, Array)
#24 E:/website_trangsuc/laptrinhweb_thi_website_trangsuc/vendor/laravel/framework/src/Illuminate/Routing/Router.php(906): Illuminate/Routing/Router::toResponse(Object(Illuminate/Http/Request), Object(Illuminate/View/View))
#25 E:/website_trangsuc/laptrinhweb_thi_website_trangsuc/vendor/laravel/framework/src/Illuminate/Routing/Router.php(821): Illuminate/Routing/Router->prepareResponse(Object(Illuminate/Http/Request), Object(Illuminate/View/View))
#26 E:/website_trangsuc/laptrinhweb_thi_website_trangsuc/vendor/laravel/framework/src/Illuminate/Pipeline/Pipeline.php(180): Illuminate/Routing/Router->Illuminate/Routing/{closure}(Object(Illuminate/Http/Request))
#27 E:/website_trangsuc/laptrinhweb_thi_website_trangsuc/vendor/laravel/framework/src/Illuminate/Routing/Middleware/SubstituteBindings.php(50): Illuminate/Pipeline/Pipeline->Illuminate/Pipeline/{closure}(Object(Illuminate/Http/Request))
#28 E:/website_trangsuc/laptrinhweb_thi_website_trangsuc/vendor/laravel/framework/src/Illuminate/Pipeline/Pipeline.php(219): Illuminate/Routing/Middleware/SubstituteBindings->handle(Object(Illuminate/Http/Request), Object(Closure))
#29 E:/website_trangsuc/laptrinhweb_thi_website_trangsuc/vendor/laravel/framework/src/Illuminate/Foundation/Http/Middleware/VerifyCsrfToken.php(87): Illuminate/Pipeline/Pipeline->Illuminate/Pipeline/{closure}(Object(Illuminate/Http/Request))
#30 E:/website_trangsuc/laptrinhweb_thi_website_trangsuc/vendor/laravel/framework/src/Illuminate/Pipeline/Pipeline.php(219): Illuminate/Foundation/Http/Middleware/VerifyCsrfToken->handle(Object(Illuminate/Http/Request), Object(Closure))
#31 E:/website_trangsuc/laptrinhweb_thi_website_trangsuc/vendor/laravel/framework/src/Illuminate/View/Middleware/ShareErrorsFromSession.php(48): Illuminate/Pipeline/Pipeline->Illuminate/Pipeline/{closure}(Object(Illuminate/Http/Request))
#32 E:/website_trangsuc/laptrinhweb_thi_website_trangsuc/vendor/laravel/framework/src/Illuminate/Pipeline/Pipeline.php(219): Illuminate/View/Middleware/ShareErrorsFromSession->handle(Object(Illuminate/Http/Request), Object(Closure))
#33 E:/website_trangsuc/laptrinhweb_thi_website_trangsuc/vendor/laravel/framework/src/Illuminate/Session/Middleware/StartSession.php(120): Illuminate/Pipeline/Pipeline->Illuminate/Pipeline/{closure}(Object(Illuminate/Http/Request))
#34 E:/website_trangsuc/laptrinhweb_thi_website_trangsuc/vendor/laravel/framework/src/Illuminate/Session/Middleware/StartSession.php(63): Illuminate/Session/Middleware/StartSession->handleStatefulRequest(Object(Illuminate/Http/Request), Object(Illuminate/Session/Store), Object(Closure))
#35 E:/website_trangsuc/laptrinhweb_thi_website_trangsuc/vendor/laravel/framework/src/Illuminate/Pipeline/Pipeline.php(219): Illuminate/Session/Middleware/StartSession->handle(Object(Illuminate/Http/Request), Object(Closure))
#36 E:/website_trangsuc/laptrinhweb_thi_website_trangsuc/vendor/laravel/framework/src/Illuminate/Cookie/Middleware/AddQueuedCookiesToResponse.php(36): Illuminate/Pipeline/Pipeline->Illuminate/Pipeline/{closure}(Object(Illuminate/Http/Request))
#37 E:/website_trangsuc/laptrinhweb_thi_website_trangsuc/vendor/laravel/framework/src/Illuminate/Pipeline/Pipeline.php(219): Illuminate/Cookie/Middleware/AddQueuedCookiesToResponse->handle(Object(Illuminate/Http/Request), Object(Closure))
#38 E:/website_trangsuc/laptrinhweb_thi_website_trangsuc/vendor/laravel/framework/src/Illuminate/Cookie/Middleware/EncryptCookies.php(74): Illuminate/Pipeline/Pipeline->Illuminate/Pipeline/{closure}(Object(Illuminate/Http/Request))
#39 E:/website_trangsuc/laptrinhweb_thi_website_trangsuc/vendor/laravel/framework/src/Illuminate/Pipeline/Pipeline.php(219): Illuminate/Cookie/Middleware/EncryptCookies->handle(Object(Illuminate/Http/Request), Object(Closure))
#40 E:/website_trangsuc/laptrinhweb_thi_website_trangsuc/vendor/laravel/framework/src/Illuminate/Pipeline/Pipeline.php(137): Illuminate/Pipeline/Pipeline->Illuminate/Pipeline/{closure}(Object(Illuminate/Http/Request))
#41 E:/website_trangsuc/laptrinhweb_thi_website_trangsuc/vendor/laravel/framework/src/Illuminate/Routing/Router.php(821): Illuminate/Pipeline/Pipeline->then(Object(Closure))
#42 E:/website_trangsuc/laptrinhweb_thi_website_trangsuc/vendor/laravel/framework/src/Illuminate/Routing/Router.php(800): Illuminate/Routing/Router->runRouteWithinStack(Object(Illuminate/Routing/Route), Object(Illuminate/Http/Request))
#43 E:/website_trangsuc/laptrinhweb_thi_website_trangsuc/vendor/laravel/framework/src/Illuminate/Routing/Router.php(764): Illuminate/Routing/Router->runRoute(Object(Illuminate/Http/Request), Object(Illuminate/Routing/Route))
#44 E:/website_trangsuc/laptrinhweb_thi_website_trangsuc/vendor/laravel/framework/src/Illuminate/Routing/Router.php(753): Illuminate/Routing/Router->dispatchToRoute(Object(Illuminate/Http/Request))
#45 E:/website_trangsuc/laptrinhweb_thi_website_trangsuc/vendor/laravel/framework/src/Illuminate/Foundation/Http/Kernel.php(200): Illuminate/Routing/Router->dispatch(Object(Illuminate/Http/Request))
#46 E:/website_trangsuc/laptrinhweb_thi_website_trangsuc/vendor/laravel/framework/src/Illuminate/Pipeline/Pipeline.php(180): Illuminate/Foundation/Http/Kernel->Illuminate/Foundation/Http/{closure}(Object(Illuminate/Http/Request))
#47 E:/website_trangsuc/laptrinhweb_thi_website_trangsuc/vendor/laravel/framework/src/Illuminate/Foundation/Http/Middleware/TransformsRequest.php(21): Illuminate/Pipeline/Pipeline->Illuminate/Pipeline/{closure}(Object(Illuminate/Http/Request))
#48 E:/website_trangsuc/laptrinhweb_thi_website_trangsuc/vendor/laravel/framework/src/Illuminate/Foundation/Http/Middleware/ConvertEmptyStringsToNull.php(31): Illuminate/Foundation/Http/Middleware/TransformsRequest->handle(Object(Illuminate/Http/Request), Object(Closure))
#49 E:/website_trangsuc/laptrinhweb_thi_website_trangsuc/vendor/laravel/framework/src/Illuminate/Pipeline/Pipeline.php(219): Illuminate/Foundation/Http/Middleware/ConvertEmptyStringsToNull->handle(Object(Illuminate/Http/Request), Object(Closure))
#50 E:/website_trangsuc/laptrinhweb_thi_website_trangsuc/vendor/laravel/framework/src/Illuminate/Foundation/Http/Middleware/TransformsRequest.php(21): Illuminate/Pipeline/Pipeline->Illuminate/Pipeline/{closure}(Object(Illuminate/Http/Request))
#51 E:/website_trangsuc/laptrinhweb_thi_website_trangsuc/vendor/laravel/framework/src/Illuminate/Foundation/Http/Middleware/TrimStrings.php(51): Illuminate/Foundation/Http/Middleware/TransformsRequest->handle(Object(Illuminate/Http/Request), Object(Closure))
#52 E:/website_trangsuc/laptrinhweb_thi_website_trangsuc/vendor/laravel/framework/src/Illuminate/Pipeline/Pipeline.php(219): Illuminate/Foundation/Http/Middleware/TrimStrings->handle(Object(Illuminate/Http/Request), Object(Closure))
#53 E:/website_trangsuc/laptrinhweb_thi_website_trangsuc/vendor/laravel/framework/src/Illuminate/Http/Middleware/ValidatePostSize.php(27): Illuminate/Pipeline/Pipeline->Illuminate/Pipeline/{closure}(Object(Illuminate/Http/Request))
#54 E:/website_trangsuc/laptrinhweb_thi_website_trangsuc/vendor/laravel/framework/src/Illuminate/Pipeline/Pipeline.php(219): Illuminate/Http/Middleware/ValidatePostSize->handle(Object(Illuminate/Http/Request), Object(Closure))
#55 E:/website_trangsuc/laptrinhweb_thi_website_trangsuc/vendor/laravel/framework/src/Illuminate/Foundation/Http/Middleware/PreventRequestsDuringMaintenance.php(109): Illuminate/Pipeline/Pipeline->Illuminate/Pipeline/{closure}(Object(Illuminate/Http/Request))
#56 E:/website_trangsuc/laptrinhweb_thi_website_trangsuc/vendor/laravel/framework/src/Illuminate/Pipeline/Pipeline.php(219): Illuminate/Foundation/Http/Middleware/PreventRequestsDuringMaintenance->handle(Object(Illuminate/Http/Request), Object(Closure))
#57 E:/website_trangsuc/laptrinhweb_thi_website_trangsuc/vendor/laravel/framework/src/Illuminate/Http/Middleware/HandleCors.php(61): Illuminate/Pipeline/Pipeline->Illuminate/Pipeline/{closure}(Object(Illuminate/Http/Request))
#58 E:/website_trangsuc/laptrinhweb_thi_website_trangsuc/vendor/laravel/framework/src/Illuminate/Pipeline/Pipeline.php(219): Illuminate/Http/Middleware/HandleCors->handle(Object(Illuminate/Http/Request), Object(Closure))
#59 E:/website_trangsuc/laptrinhweb_thi_website_trangsuc/vendor/laravel/framework/src/Illuminate/Http/Middleware/TrustProxies.php(58): Illuminate/Pipeline/Pipeline->Illuminate/Pipeline/{closure}(Object(Illuminate/Http/Request))
#60 E:/website_trangsuc/laptrinhweb_thi_website_trangsuc/vendor/laravel/framework/src/Illuminate/Pipeline/Pipeline.php(219): Illuminate/Http/Middleware/TrustProxies->handle(Object(Illuminate/Http/Request), Object(Closure))
#61 E:/website_trangsuc/laptrinhweb_thi_website_trangsuc/vendor/laravel/framework/src/Illuminate/Foundation/Http/Middleware/InvokeDeferredCallbacks.php(22): Illuminate/Pipeline/Pipeline->Illuminate/Pipeline/{closure}(Object(Illuminate/Http/Request))
#62 E:/website_trangsuc/laptrinhweb_thi_website_trangsuc/vendor/laravel/framework/src/Illuminate/Pipeline/Pipeline.php(219): Illuminate/Foundation/Http/Middleware/InvokeDeferredCallbacks->handle(Object(Illuminate/Http/Request), Object(Closure))
#63 E:/website_trangsuc/laptrinhweb_thi_website_trangsuc/vendor/laravel/framework/src/Illuminate/Http/Middleware/ValidatePathEncoding.php(26): Illuminate/Pipeline/Pipeline->Illuminate/Pipeline/{closure}(Object(Illuminate/Http/Request))
#64 E:/website_trangsuc/laptrinhweb_thi_website_trangsuc/vendor/laravel/framework/src/Illuminate/Pipeline/Pipeline.php(219): Illuminate/Http/Middleware/ValidatePathEncoding->handle(Object(Illuminate/Http/Request), Object(Closure))
#65 E:/website_trangsuc/laptrinhweb_thi_website_trangsuc/vendor/laravel/framework/src/Illuminate/Pipeline/Pipeline.php(137): Illuminate/Pipeline/Pipeline->Illuminate/Pipeline/{closure}(Object(Illuminate/Http/Request))
#66 E:/website_trangsuc/laptrinhweb_thi_website_trangsuc/vendor/laravel/framework/src/Illuminate/Foundation/Http/Kernel.php(175): Illuminate/Pipeline/Pipeline->then(Object(Closure))
#67 E:/website_trangsuc/laptrinhweb_thi_website_trangsuc/vendor/laravel/framework/src/Illuminate/Foundation/Http/Kernel.php(144): Illuminate/Foundation/Http/Kernel->sendRequestThroughRouter(Object(Illuminate/Http/Request))
#68 E:/website_trangsuc/laptrinhweb_thi_website_trangsuc/vendor/laravel/framework/src/Illuminate/Foundation/Application.php(1220): Illuminate/Foundation/Http/Kernel->handle(Object(Illuminate/Http/Request))
#69 E:/website_trangsuc/laptrinhweb_thi_website_trangsuc/public/index.php(20): Illuminate/Foundation/Application->handleRequest(Object(Illuminate/Http/Request))
#70 E:/website_trangsuc/laptrinhweb_thi_website_trangsuc/vendor/laravel/framework/src/Illuminate/Foundation/resources/server.php(23): require_once('E://website_tran...')
#71 {main}

[previous exception] [object] (ParseError(code: 0): syntax error, unexpected token \"endif\", expecting end of file at E:/website_trangsuc/laptrinhweb_thi_website_trangsuc/storage/framework/views/7096621760d82c808dcefa7427f14a3b.php:22)
[stacktrace]
#0 E:/website_trangsuc/laptrinhweb_thi_website_trangsuc/vendor/laravel/framework/src/Illuminate/Filesystem/Filesystem.php(124): Illuminate/Filesystem/Filesystem::Illuminate/Filesystem/{closure}()
#1 E:/website_trangsuc/laptrinhweb_thi_website_trangsuc/vendor/laravel/framework/src/Illuminate/View/Engines/PhpEngine.php(57): Illuminate/Filesystem/Filesystem->getRequire('E://website_tran...', Array)
#2 E:/website_trangsuc/laptrinhweb_thi_website_trangsuc/vendor/laravel/framework/src/Illuminate/View/Engines/CompilerEngine.php(76): Illuminate/View/Engines/PhpEngine->evaluatePath('E://website_tran...', Array)
#3 E:/website_trangsuc/laptrinhweb_thi_website_trangsuc/vendor/laravel/framework/src/Illuminate/View/View.php(208): Illuminate/View/Engines/CompilerEngine->get('E://website_tran...', Array)
#4 E:/website_trangsuc/laptrinhweb_thi_website_trangsuc/vendor/laravel/framework/src/Illuminate/View/View.php(191): Illuminate/View/View->getContents()
#5 E:/website_trangsuc/laptrinhweb_thi_website_trangsuc/vendor/laravel/framework/src/Illuminate/View/View.php(160): Illuminate/View/View->renderContents()
#6 E:/website_trangsuc/laptrinhweb_thi_website_trangsuc/storage/framework/views/dfcf19d923680090cce472b959f6b4d3.php(18): Illuminate/View/View->render()
#7 E:/website_trangsuc/laptrinhweb_thi_website_trangsuc/vendor/laravel/framework/src/Illuminate/Filesystem/Filesystem.php(123): require('E://website_tran...')
#8 E:/website_trangsuc/laptrinhweb_thi_website_trangsuc/vendor/laravel/framework/src/Illuminate/Filesystem/Filesystem.php(124): Illuminate/Filesystem/Filesystem::Illuminate/Filesystem/{closure}()
#9 E:/website_trangsuc/laptrinhweb_thi_website_trangsuc/vendor/laravel/framework/src/Illuminate/View/Engines/PhpEngine.php(57): Illuminate/Filesystem/Filesystem->getRequire('E://website_tran...', Array)
#10 E:/website_trangsuc/laptrinhweb_thi_website_trangsuc/vendor/laravel/framework/src/Illuminate/View/Engines/CompilerEngine.php(76): Illuminate/View/Engines/PhpEngine->evaluatePath('E://website_tran...', Array)
#11 E:/website_trangsuc/laptrinhweb_thi_website_trangsuc/vendor/laravel/framework/src/Illuminate/View/View.php(208): Illuminate/View/Engines/CompilerEngine->get('E://website_tran...', Array)
#12 E:/website_trangsuc/laptrinhweb_thi_website_trangsuc/vendor/laravel/framework/src/Illuminate/View/View.php(191): Illuminate/View/View->getContents()
#13 E:/website_trangsuc/laptrinhweb_thi_website_trangsuc/vendor/laravel/framework/src/Illuminate/View/View.php(160): Illuminate/View/View->renderContents()
#14 E:/website_trangsuc/laptrinhweb_thi_website_trangsuc/storage/framework/views/6464a70f796b9492a1dc89a8afa00e50.php(24): Illuminate/View/View->render()
#15 E:/website_trangsuc/laptrinhweb_thi_website_trangsuc/vendor/laravel/framework/src/Illuminate/Filesystem/Filesystem.php(123): require('E://website_tran...')
#16 E:/website_trangsuc/laptrinhweb_thi_website_trangsuc/vendor/laravel/framework/src/Illuminate/Filesystem/Filesystem.php(124): Illuminate/Filesystem/Filesystem::Illuminate/Filesystem/{closure}()
#17 E:/website_trangsuc/laptrinhweb_thi_website_trangsuc/vendor/laravel/framework/src/Illuminate/View/Engines/PhpEngine.php(57): Illuminate/Filesystem/Filesystem->getRequire('E://website_tran...', Array)
#18 E:/website_trangsuc/laptrinhweb_thi_website_trangsuc/vendor/laravel/framework/src/Illuminate/View/Engines/CompilerEngine.php(76): Illuminate/View/Engines/PhpEngine->evaluatePath('E://website_tran...', Array)
#19 E:/website_trangsuc/laptrinhweb_thi_website_trangsuc/vendor/laravel/framework/src/Illuminate/View/View.php(208): Illuminate/View/Engines/CompilerEngine->get('E://website_tran...', Array)
#20 E:/website_trangsuc/laptrinhweb_thi_website_trangsuc/vendor/laravel/framework/src/Illuminate/View/View.php(191): Illuminate/View/View->getContents()
#21 E:/website_trangsuc/laptrinhweb_thi_website_trangsuc/vendor/laravel/framework/src/Illuminate/View/View.php(160): Illuminate/View/View->renderContents()
#22 E:/website_trangsuc/laptrinhweb_thi_website_trangsuc/vendor/laravel/framework/src/Illuminate/Http/Response.php(78): Illuminate/View/View->render()
#23 E:/website_trangsuc/laptrinhweb_thi_website_trangsuc/vendor/laravel/framework/src/Illuminate/Http/Response.php(34): Illuminate/Http/Response->setContent(Object(Illuminate/View/View))
#24 E:/website_trangsuc/laptrinhweb_thi_website_trangsuc/vendor/laravel/framework/src/Illuminate/Routing/Router.php(939): Illuminate/Http/Response->__construct(Object(Illuminate/View/View), 200, Array)
#25 E:/website_trangsuc/laptrinhweb_thi_website_trangsuc/vendor/laravel/framework/src/Illuminate/Routing/Router.php(906): Illuminate/Routing/Router::toResponse(Object(Illuminate/Http/Request), Object(Illuminate/View/View))
#26 E:/website_trangsuc/laptrinhweb_thi_website_trangsuc/vendor/laravel/framework/src/Illuminate/Routing/Router.php(821): Illuminate/Routing/Router->prepareResponse(Object(Illuminate/Http/Request), Object(Illuminate/View/View))
#27 E:/website_trangsuc/laptrinhweb_thi_website_trangsuc/vendor/laravel/framework/src/Illuminate/Pipeline/Pipeline.php(180): Illuminate/Routing/Router->Illuminate/Routing/{closure}(Object(Illuminate/Http/Request))
#28 E:/website_trangsuc/laptrinhweb_thi_website_trangsuc/vendor/laravel/framework/src/Illuminate/Routing/Middleware/SubstituteBindings.php(50): Illuminate/Pipeline/Pipeline->Illuminate/Pipeline/{closure}(Object(Illuminate/Http/Request))
#29 E:/website_trangsuc/laptrinhweb_thi_website_trangsuc/vendor/laravel/framework/src/Illuminate/Pipeline/Pipeline.php(219): Illuminate/Routing/Middleware/SubstituteBindings->handle(Object(Illuminate/Http/Request), Object(Closure))
#30 E:/website_trangsuc/laptrinhweb_thi_website_trangsuc/vendor/laravel/framework/src/Illuminate/Foundation/Http/Middleware/VerifyCsrfToken.php(87): Illuminate/Pipeline/Pipeline->Illuminate/Pipeline/{closure}(Object(Illuminate/Http/Request))
#31 E:/website_trangsuc/laptrinhweb_thi_website_trangsuc/vendor/laravel/framework/src/Illuminate/Pipeline/Pipeline.php(219): Illuminate/Foundation/Http/Middleware/VerifyCsrfToken->handle(Object(Illuminate/Http/Request), Object(Closure))
#32 E:/website_trangsuc/laptrinhweb_thi_website_trangsuc/vendor/laravel/framework/src/Illuminate/View/Middleware/ShareErrorsFromSession.php(48): Illuminate/Pipeline/Pipeline->Illuminate/Pipeline/{closure}(Object(Illuminate/Http/Request))
#33 E:/website_trangsuc/laptrinhweb_thi_website_trangsuc/vendor/laravel/framework/src/Illuminate/Pipeline/Pipeline.php(219): Illuminate/View/Middleware/ShareErrorsFromSession->handle(Object(Illuminate/Http/Request), Object(Closure))
#34 E:/website_trangsuc/laptrinhweb_thi_website_trangsuc/vendor/laravel/framework/src/Illuminate/Session/Middleware/StartSession.php(120): Illuminate/Pipeline/Pipeline->Illuminate/Pipeline/{closure}(Object(Illuminate/Http/Request))
#35 E:/website_trangsuc/laptrinhweb_thi_website_trangsuc/vendor/laravel/framework/src/Illuminate/Session/Middleware/StartSession.php(63): Illuminate/Session/Middleware/StartSession->handleStatefulRequest(Object(Illuminate/Http/Request), Object(Illuminate/Session/Store), Object(Closure))
#36 E:/website_trangsuc/laptrinhweb_thi_website_trangsuc/vendor/laravel/framework/src/Illuminate/Pipeline/Pipeline.php(219): Illuminate/Session/Middleware/StartSession->handle(Object(Illuminate/Http/Request), Object(Closure))
#37 E:/website_trangsuc/laptrinhweb_thi_website_trangsuc/vendor/laravel/framework/src/Illuminate/Cookie/Middleware/AddQueuedCookiesToResponse.php(36): Illuminate/Pipeline/Pipeline->Illuminate/Pipeline/{closure}(Object(Illuminate/Http/Request))
#38 E:/website_trangsuc/laptrinhweb_thi_website_trangsuc/vendor/laravel/framework/src/Illuminate/Pipeline/Pipeline.php(219): Illuminate/Cookie/Middleware/AddQueuedCookiesToResponse->handle(Object(Illuminate/Http/Request), Object(Closure))
#39 E:/website_trangsuc/laptrinhweb_thi_website_trangsuc/vendor/laravel/framework/src/Illuminate/Cookie/Middleware/EncryptCookies.php(74): Illuminate/Pipeline/Pipeline->Illuminate/Pipeline/{closure}(Object(Illuminate/Http/Request))
#40 E:/website_trangsuc/laptrinhweb_thi_website_trangsuc/vendor/laravel/framework/src/Illuminate/Pipeline/Pipeline.php(219): Illuminate/Cookie/Middleware/EncryptCookies->handle(Object(Illuminate/Http/Request), Object(Closure))
#41 E:/website_trangsuc/laptrinhweb_thi_website_trangsuc/vendor/laravel/framework/src/Illuminate/Pipeline/Pipeline.php(137): Illuminate/Pipeline/Pipeline->Illuminate/Pipeline/{closure}(Object(Illuminate/Http/Request))
#42 E:/website_trangsuc/laptrinhweb_thi_website_trangsuc/vendor/laravel/framework/src/Illuminate/Routing/Router.php(821): Illuminate/Pipeline/Pipeline->then(Object(Closure))
#43 E:/website_trangsuc/laptrinhweb_thi_website_trangsuc/vendor/laravel/framework/src/Illuminate/Routing/Router.php(800): Illuminate/Routing/Router->runRouteWithinStack(Object(Illuminate/Routing/Route), Object(Illuminate/Http/Request))
#44 E:/website_trangsuc/laptrinhweb_thi_website_trangsuc/vendor/laravel/framework/src/Illuminate/Routing/Router.php(764): Illuminate/Routing/Router->runRoute(Object(Illuminate/Http/Request), Object(Illuminate/Routing/Route))
#45 E:/website_trangsuc/laptrinhweb_thi_website_trangsuc/vendor/laravel/framework/src/Illuminate/Routing/Router.php(753): Illuminate/Routing/Router->dispatchToRoute(Object(Illuminate/Http/Request))
#46 E:/website_trangsuc/laptrinhweb_thi_website_trangsuc/vendor/laravel/framework/src/Illuminate/Foundation/Http/Kernel.php(200): Illuminate/Routing/Router->dispatch(Object(Illuminate/Http/Request))
#47 E:/website_trangsuc/laptrinhweb_thi_website_trangsuc/vendor/laravel/framework/src/Illuminate/Pipeline/Pipeline.php(180): Illuminate/Foundation/Http/Kernel->Illuminate/Foundation/Http/{closure}(Object(Illuminate/Http/Request))
#48 E:/website_trangsuc/laptrinhweb_thi_website_trangsuc/vendor/laravel/framework/src/Illuminate/Foundation/Http/Middleware/TransformsRequest.php(21): Illuminate/Pipeline/Pipeline->Illuminate/Pipeline/{closure}(Object(Illuminate/Http/Request))
#49 E:/website_trangsuc/laptrinhweb_thi_website_trangsuc/vendor/laravel/framework/src/Illuminate/Foundation/Http/Middleware/ConvertEmptyStringsToNull.php(31): Illuminate/Foundation/Http/Middleware/TransformsRequest->handle(Object(Illuminate/Http/Request), Object(Closure))
#50 E:/website_trangsuc/laptrinhweb_thi_website_trangsuc/vendor/laravel/framework/src/Illuminate/Pipeline/Pipeline.php(219): Illuminate/Foundation/Http/Middleware/ConvertEmptyStringsToNull->handle(Object(Illuminate/Http/Request), Object(Closure))
#51 E:/website_trangsuc/laptrinhweb_thi_website_trangsuc/vendor/laravel/framework/src/Illuminate/Foundation/Http/Middleware/TransformsRequest.php(21): Illuminate/Pipeline/Pipeline->Illuminate/Pipeline/{closure}(Object(Illuminate/Http/Request))
#52 E:/website_trangsuc/laptrinhweb_thi_website_trangsuc/vendor/laravel/framework/src/Illuminate/Foundation/Http/Middleware/TrimStrings.php(51): Illuminate/Foundation/Http/Middleware/TransformsRequest->handle(Object(Illuminate/Http/Request), Object(Closure))
#53 E:/website_trangsuc/laptrinhweb_thi_website_trangsuc/vendor/laravel/framework/src/Illuminate/Pipeline/Pipeline.php(219): Illuminate/Foundation/Http/Middleware/TrimStrings->handle(Object(Illuminate/Http/Request), Object(Closure))
#54 E:/website_trangsuc/laptrinhweb_thi_website_trangsuc/vendor/laravel/framework/src/Illuminate/Http/Middleware/ValidatePostSize.php(27): Illuminate/Pipeline/Pipeline->Illuminate/Pipeline/{closure}(Object(Illuminate/Http/Request))
#55 E:/website_trangsuc/laptrinhweb_thi_website_trangsuc/vendor/laravel/framework/src/Illuminate/Pipeline/Pipeline.php(219): Illuminate/Http/Middleware/ValidatePostSize->handle(Object(Illuminate/Http/Request), Object(Closure))
#56 E:/website_trangsuc/laptrinhweb_thi_website_trangsuc/vendor/laravel/framework/src/Illuminate/Foundation/Http/Middleware/PreventRequestsDuringMaintenance.php(109): Illuminate/Pipeline/Pipeline->Illuminate/Pipeline/{closure}(Object(Illuminate/Http/Request))
#57 E:/website_trangsuc/laptrinhweb_thi_website_trangsuc/vendor/laravel/framework/src/Illuminate/Pipeline/Pipeline.php(219): Illuminate/Foundation/Http/Middleware/PreventRequestsDuringMaintenance->handle(Object(Illuminate/Http/Request), Object(Closure))
#58 E:/website_trangsuc/laptrinhweb_thi_website_trangsuc/vendor/laravel/framework/src/Illuminate/Http/Middleware/HandleCors.php(61): Illuminate/Pipeline/Pipeline->Illuminate/Pipeline/{closure}(Object(Illuminate/Http/Request))
#59 E:/website_trangsuc/laptrinhweb_thi_website_trangsuc/vendor/laravel/framework/src/Illuminate/Pipeline/Pipeline.php(219): Illuminate/Http/Middleware/HandleCors->handle(Object(Illuminate/Http/Request), Object(Closure))
#60 E:/website_trangsuc/laptrinhweb_thi_website_trangsuc/vendor/laravel/framework/src/Illuminate/Http/Middleware/TrustProxies.php(58): Illuminate/Pipeline/Pipeline->Illuminate/Pipeline/{closure}(Object(Illuminate/Http/Request))
#61 E:/website_trangsuc/laptrinhweb_thi_website_trangsuc/vendor/laravel/framework/src/Illuminate/Pipeline/Pipeline.php(219): Illuminate/Http/Middleware/TrustProxies->handle(Object(Illuminate/Http/Request), Object(Closure))
#62 E:/website_trangsuc/laptrinhweb_thi_website_trangsuc/vendor/laravel/framework/src/Illuminate/Foundation/Http/Middleware/InvokeDeferredCallbacks.php(22): Illuminate/Pipeline/Pipeline->Illuminate/Pipeline/{closure}(Object(Illuminate/Http/Request))
#63 E:/website_trangsuc/laptrinhweb_thi_website_trangsuc/vendor/laravel/framework/src/Illuminate/Pipeline/Pipeline.php(219): Illuminate/Foundation/Http/Middleware/InvokeDeferredCallbacks->handle(Object(Illuminate/Http/Request), Object(Closure))
#64 E:/website_trangsuc/laptrinhweb_thi_website_trangsuc/vendor/laravel/framework/src/Illuminate/Http/Middleware/ValidatePathEncoding.php(26): Illuminate/Pipeline/Pipeline->Illuminate/Pipeline/{closure}(Object(Illuminate/Http/Request))
#65 E:/website_trangsuc/laptrinhweb_thi_website_trangsuc/vendor/laravel/framework/src/Illuminate/Pipeline/Pipeline.php(219): Illuminate/Http/Middleware/ValidatePathEncoding->handle(Object(Illuminate/Http/Request), Object(Closure))
#66 E:/website_trangsuc/laptrinhweb_thi_website_trangsuc/vendor/laravel/framework/src/Illuminate/Pipeline/Pipeline.php(137): Illuminate/Pipeline/Pipeline->Illuminate/Pipeline/{closure}(Object(Illuminate/Http/Request))
#67 E:/website_trangsuc/laptrinhweb_thi_website_trangsuc/vendor/laravel/framework/src/Illuminate/Foundation/Http/Kernel.php(175): Illuminate/Pipeline/Pipeline->then(Object(Closure))
#68 E:/website_trangsuc/laptrinhweb_thi_website_trangsuc/vendor/laravel/framework/src/Illuminate/Foundation/Http/Kernel.php(144): Illuminate/Foundation/Http/Kernel->sendRequestThroughRouter(Object(Illuminate/Http/Request))
#69 E:/website_trangsuc/laptrinhweb_thi_website_trangsuc/vendor/laravel/framework/src/Illuminate/Foundation/Application.php(1220): Illuminate/Foundation/Http/Kernel->handle(Object(Illuminate/Http/Request))
#70 E:/website_trangsuc/laptrinhweb_thi_website_trangsuc/public/index.php(20): Illuminate/Foundation/Application->handleRequest(Object(Illuminate/Http/Request))
#71 E:/website_trangsuc/laptrinhweb_thi_website_trangsuc/vendor/laravel/framework/src/Illuminate/Foundation/resources/server.php(23): require_once('E://website_tran...')
#72 {main}
"} 
[2026-05-31 08:42:31] local.ERROR: syntax error, unexpected token "endif", expecting end of file (View: E:\website_trangsuc\laptrinhweb_thi_website_trangsuc\resources\views\partials\header.blade.php) (View: E:\website_trangsuc\laptrinhweb_thi_website_trangsuc\resources\views\partials\header.blade.php) (View: E:\website_trangsuc\laptrinhweb_thi_website_trangsuc\resources\views\partials\header.blade.php) {"exception":"[object] (Illuminate\\View\\ViewException(code: 0): syntax error, unexpected token \"endif\", expecting end of file (View: E:\\website_trangsuc\\laptrinhweb_thi_website_trangsuc\\resources\\views\\partials\\header.blade.php) (View: E:\\website_trangsuc\\laptrinhweb_thi_website_trangsuc\\resources\\views\\partials\\header.blade.php) (View: E:\\website_trangsuc\\laptrinhweb_thi_website_trangsuc\\resources\\views\\partials\\header.blade.php) at E:/website_trangsuc/laptrinhweb_thi_website_trangsuc/storage/framework/views/7096621760d82c808dcefa7427f14a3b.php:22)
[stacktrace]
#0 E:/website_trangsuc/laptrinhweb_thi_website_trangsuc/vendor/laravel/framework/src/Illuminate/View/Engines/PhpEngine.php(59): Illuminate/View/Engines/CompilerEngine->handleViewException(Object(Illuminate/View/ViewException), 1)
#1 E:/website_trangsuc/laptrinhweb_thi_website_trangsuc/vendor/laravel/framework/src/Illuminate/View/Engines/CompilerEngine.php(76): Illuminate/View/Engines/PhpEngine->evaluatePath('E://website_tran...', Array)
#2 E:/website_trangsuc/laptrinhweb_thi_website_trangsuc/vendor/laravel/framework/src/Illuminate/View/View.php(208): Illuminate/View/Engines/CompilerEngine->get('E://website_tran...', Array)
#3 E:/website_trangsuc/laptrinhweb_thi_website_trangsuc/vendor/laravel/framework/src/Illuminate/View/View.php(191): Illuminate/View/View->getContents()
#4 E:/website_trangsuc/laptrinhweb_thi_website_trangsuc/vendor/laravel/framework/src/Illuminate/View/View.php(160): Illuminate/View/View->renderContents()
#5 E:/website_trangsuc/laptrinhweb_thi_website_trangsuc/vendor/laravel/framework/src/Illuminate/Http/Response.php(78): Illuminate/View/View->render()
#6 E:/website_trangsuc/laptrinhweb_thi_website_trangsuc/vendor/laravel/framework/src/Illuminate/Http/Response.php(34): Illuminate/Http/Response->setContent(Object(Illuminate/View/View))
#7 E:/website_trangsuc/laptrinhweb_thi_website_trangsuc/vendor/laravel/framework/src/Illuminate/Routing/Router.php(939): Illuminate/Http/Response->__construct(Object(Illuminate/View/View), 200, Array)
#8 E:/website_trangsuc/laptrinhweb_thi_website_trangsuc/vendor/laravel/framework/src/Illuminate/Routing/Router.php(906): Illuminate/Routing/Router::toResponse(Object(Illuminate/Http/Request), Object(Illuminate/View/View))
#9 E:/website_trangsuc/laptrinhweb_thi_website_trangsuc/vendor/laravel/framework/src/Illuminate/Routing/Router.php(821): Illuminate/Routing/Router->prepareResponse(Object(Illuminate/Http/Request), Object(Illuminate/View/View))
#10 E:/website_trangsuc/laptrinhweb_thi_website_trangsuc/vendor/laravel/framework/src/Illuminate/Pipeline/Pipeline.php(180): Illuminate/Routing/Router->Illuminate/Routing/{closure}(Object(Illuminate/Http/Request))
#11 E:/website_trangsuc/laptrinhweb_thi_website_trangsuc/vendor/laravel/framework/src/Illuminate/Routing/Middleware/SubstituteBindings.php(50): Illuminate/Pipeline/Pipeline->Illuminate/Pipeline/{closure}(Object(Illuminate/Http/Request))
#12 E:/website_trangsuc/laptrinhweb_thi_website_trangsuc/vendor/laravel/framework/src/Illuminate/Pipeline/Pipeline.php(219): Illuminate/Routing/Middleware/SubstituteBindings->handle(Object(Illuminate/Http/Request), Object(Closure))
#13 E:/website_trangsuc/laptrinhweb_thi_website_trangsuc/vendor/laravel/framework/src/Illuminate/Foundation/Http/Middleware/VerifyCsrfToken.php(87): Illuminate/Pipeline/Pipeline->Illuminate/Pipeline/{closure}(Object(Illuminate/Http/Request))
#14 E:/website_trangsuc/laptrinhweb_thi_website_trangsuc/vendor/laravel/framework/src/Illuminate/Pipeline/Pipeline.php(219): Illuminate/Foundation/Http/Middleware/VerifyCsrfToken->handle(Object(Illuminate/Http/Request), Object(Closure))
#15 E:/website_trangsuc/laptrinhweb_thi_website_trangsuc/vendor/laravel/framework/src/Illuminate/View/Middleware/ShareErrorsFromSession.php(48): Illuminate/Pipeline/Pipeline->Illuminate/Pipeline/{closure}(Object(Illuminate/Http/Request))
#16 E:/website_trangsuc/laptrinhweb_thi_website_trangsuc/vendor/laravel/framework/src/Illuminate/Pipeline/Pipeline.php(219): Illuminate/View/Middleware/ShareErrorsFromSession->handle(Object(Illuminate/Http/Request), Object(Closure))
#17 E:/website_trangsuc/laptrinhweb_thi_website_trangsuc/vendor/laravel/framework/src/Illuminate/Session/Middleware/StartSession.php(120): Illuminate/Pipeline/Pipeline->Illuminate/Pipeline/{closure}(Object(Illuminate/Http/Request))
#18 E:/website_trangsuc/laptrinhweb_thi_website_trangsuc/vendor/laravel/framework/src/Illuminate/Session/Middleware/StartSession.php(63): Illuminate/Session/Middleware/StartSession->handleStatefulRequest(Object(Illuminate/Http/Request), Object(Illuminate/Session/Store), Object(Closure))
#19 E:/website_trangsuc/laptrinhweb_thi_website_trangsuc/vendor/laravel/framework/src/Illuminate/Pipeline/Pipeline.php(219): Illuminate/Session/Middleware/StartSession->handle(Object(Illuminate/Http/Request), Object(Closure))
#20 E:/website_trangsuc/laptrinhweb_thi_website_trangsuc/vendor/laravel/framework/src/Illuminate/Cookie/Middleware/AddQueuedCookiesToResponse.php(36): Illuminate/Pipeline/Pipeline->Illuminate/Pipeline/{closure}(Object(Illuminate/Http/Request))
#21 E:/website_trangsuc/laptrinhweb_thi_website_trangsuc/vendor/laravel/framework/src/Illuminate/Pipeline/Pipeline.php(219): Illuminate/Cookie/Middleware/AddQueuedCookiesToResponse->handle(Object(Illuminate/Http/Request), Object(Closure))
#22 E:/website_trangsuc/laptrinhweb_thi_website_trangsuc/vendor/laravel/framework/src/Illuminate/Cookie/Middleware/EncryptCookies.php(74): Illuminate/Pipeline/Pipeline->Illuminate/Pipeline/{closure}(Object(Illuminate/Http/Request))
#23 E:/website_trangsuc/laptrinhweb_thi_website_trangsuc/vendor/laravel/framework/src/Illuminate/Pipeline/Pipeline.php(219): Illuminate/Cookie/Middleware/EncryptCookies->handle(Object(Illuminate/Http/Request), Object(Closure))
#24 E:/website_trangsuc/laptrinhweb_thi_website_trangsuc/vendor/laravel/framework/src/Illuminate/Pipeline/Pipeline.php(137): Illuminate/Pipeline/Pipeline->Illuminate/Pipeline/{closure}(Object(Illuminate/Http/Request))
#25 E:/website_trangsuc/laptrinhweb_thi_website_trangsuc/vendor/laravel/framework/src/Illuminate/Routing/Router.php(821): Illuminate/Pipeline/Pipeline->then(Object(Closure))
#26 E:/website_trangsuc/laptrinhweb_thi_website_trangsuc/vendor/laravel/framework/src/Illuminate/Routing/Router.php(800): Illuminate/Routing/Router->runRouteWithinStack(Object(Illuminate/Routing/Route), Object(Illuminate/Http/Request))
#27 E:/website_trangsuc/laptrinhweb_thi_website_trangsuc/vendor/laravel/framework/src/Illuminate/Routing/Router.php(764): Illuminate/Routing/Router->runRoute(Object(Illuminate/Http/Request), Object(Illuminate/Routing/Route))
#28 E:/website_trangsuc/laptrinhweb_thi_website_trangsuc/vendor/laravel/framework/src/Illuminate/Routing/Router.php(753): Illuminate/Routing/Router->dispatchToRoute(Object(Illuminate/Http/Request))
#29 E:/website_trangsuc/laptrinhweb_thi_website_trangsuc/vendor/laravel/framework/src/Illuminate/Foundation/Http/Kernel.php(200): Illuminate/Routing/Router->dispatch(Object(Illuminate/Http/Request))
#30 E:/website_trangsuc/laptrinhweb_thi_website_trangsuc/vendor/laravel/framework/src/Illuminate/Pipeline/Pipeline.php(180): Illuminate/Foundation/Http/Kernel->Illuminate/Foundation/Http/{closure}(Object(Illuminate/Http/Request))
#31 E:/website_trangsuc/laptrinhweb_thi_website_trangsuc/vendor/laravel/framework/src/Illuminate/Foundation/Http/Middleware/TransformsRequest.php(21): Illuminate/Pipeline/Pipeline->Illuminate/Pipeline/{closure}(Object(Illuminate/Http/Request))
#32 E:/website_trangsuc/laptrinhweb_thi_website_trangsuc/vendor/laravel/framework/src/Illuminate/Foundation/Http/Middleware/ConvertEmptyStringsToNull.php(31): Illuminate/Foundation/Http/Middleware/TransformsRequest->handle(Object(Illuminate/Http/Request), Object(Closure))
#33 E:/website_trangsuc/laptrinhweb_thi_website_trangsuc/vendor/laravel/framework/src/Illuminate/Pipeline/Pipeline.php(219): Illuminate/Foundation/Http/Middleware/ConvertEmptyStringsToNull->handle(Object(Illuminate/Http/Request), Object(Closure))
#34 E:/website_trangsuc/laptrinhweb_thi_website_trangsuc/vendor/laravel/framework/src/Illuminate/Foundation/Http/Middleware/TransformsRequest.php(21): Illuminate/Pipeline/Pipeline->Illuminate/Pipeline/{closure}(Object(Illuminate/Http/Request))
#35 E:/website_trangsuc/laptrinhweb_thi_website_trangsuc/vendor/laravel/framework/src/Illuminate/Foundation/Http/Middleware/TrimStrings.php(51): Illuminate/Foundation/Http/Middleware/TransformsRequest->handle(Object(Illuminate/Http/Request), Object(Closure))
#36 E:/website_trangsuc/laptrinhweb_thi_website_trangsuc/vendor/laravel/framework/src/Illuminate/Pipeline/Pipeline.php(219): Illuminate/Foundation/Http/Middleware/TrimStrings->handle(Object(Illuminate/Http/Request), Object(Closure))
#37 E:/website_trangsuc/laptrinhweb_thi_website_trangsuc/vendor/laravel/framework/src/Illuminate/Http/Middleware/ValidatePostSize.php(27): Illuminate/Pipeline/Pipeline->Illuminate/Pipeline/{closure}(Object(Illuminate/Http/Request))
#38 E:/website_trangsuc/laptrinhweb_thi_website_trangsuc/vendor/laravel/framework/src/Illuminate/Pipeline/Pipeline.php(219): Illuminate/Http/Middleware/ValidatePostSize->handle(Object(Illuminate/Http/Request), Object(Closure))
#39 E:/website_trangsuc/laptrinhweb_thi_website_trangsuc/vendor/laravel/framework/src/Illuminate/Foundation/Http/Middleware/PreventRequestsDuringMaintenance.php(109): Illuminate/Pipeline/Pipeline->Illuminate/Pipeline/{closure}(Object(Illuminate/Http/Request))
#40 E:/website_trangsuc/laptrinhweb_thi_website_trangsuc/vendor/laravel/framework/src/Illuminate/Pipeline/Pipeline.php(219): Illuminate/Foundation/Http/Middleware/PreventRequestsDuringMaintenance->handle(Object(Illuminate/Http/Request), Object(Closure))
#41 E:/website_trangsuc/laptrinhweb_thi_website_trangsuc/vendor/laravel/framework/src/Illuminate/Http/Middleware/HandleCors.php(61): Illuminate/Pipeline/Pipeline->Illuminate/Pipeline/{closure}(Object(Illuminate/Http/Request))
#42 E:/website_trangsuc/laptrinhweb_thi_website_trangsuc/vendor/laravel/framework/src/Illuminate/Pipeline/Pipeline.php(219): Illuminate/Http/Middleware/HandleCors->handle(Object(Illuminate/Http/Request), Object(Closure))
#43 E:/website_trangsuc/laptrinhweb_thi_website_trangsuc/vendor/laravel/framework/src/Illuminate/Http/Middleware/TrustProxies.php(58): Illuminate/Pipeline/Pipeline->Illuminate/Pipeline/{closure}(Object(Illuminate/Http/Request))
#44 E:/website_trangsuc/laptrinhweb_thi_website_trangsuc/vendor/laravel/framework/src/Illuminate/Pipeline/Pipeline.php(219): Illuminate/Http/Middleware/TrustProxies->handle(Object(Illuminate/Http/Request), Object(Closure))
#45 E:/website_trangsuc/laptrinhweb_thi_website_trangsuc/vendor/laravel/framework/src/Illuminate/Foundation/Http/Middleware/InvokeDeferredCallbacks.php(22): Illuminate/Pipeline/Pipeline->Illuminate/Pipeline/{closure}(Object(Illuminate/Http/Request))
#46 E:/website_trangsuc/laptrinhweb_thi_website_trangsuc/vendor/laravel/framework/src/Illuminate/Pipeline/Pipeline.php(219): Illuminate/Foundation/Http/Middleware/InvokeDeferredCallbacks->handle(Object(Illuminate/Http/Request), Object(Closure))
#47 E:/website_trangsuc/laptrinhweb_thi_website_trangsuc/vendor/laravel/framework/src/Illuminate/Http/Middleware/ValidatePathEncoding.php(26): Illuminate/Pipeline/Pipeline->Illuminate/Pipeline/{closure}(Object(Illuminate/Http/Request))
#48 E:/website_trangsuc/laptrinhweb_thi_website_trangsuc/vendor/laravel/framework/src/Illuminate/Pipeline/Pipeline.php(219): Illuminate/Http/Middleware/ValidatePathEncoding->handle(Object(Illuminate/Http/Request), Object(Closure))
#49 E:/website_trangsuc/laptrinhweb_thi_website_trangsuc/vendor/laravel/framework/src/Illuminate/Pipeline/Pipeline.php(137): Illuminate/Pipeline/Pipeline->Illuminate/Pipeline/{closure}(Object(Illuminate/Http/Request))
#50 E:/website_trangsuc/laptrinhweb_thi_website_trangsuc/vendor/laravel/framework/src/Illuminate/Foundation/Http/Kernel.php(175): Illuminate/Pipeline/Pipeline->then(Object(Closure))
#51 E:/website_trangsuc/laptrinhweb_thi_website_trangsuc/vendor/laravel/framework/src/Illuminate/Foundation/Http/Kernel.php(144): Illuminate/Foundation/Http/Kernel->sendRequestThroughRouter(Object(Illuminate/Http/Request))
#52 E:/website_trangsuc/laptrinhweb_thi_website_trangsuc/vendor/laravel/framework/src/Illuminate/Foundation/Application.php(1220): Illuminate/Foundation/Http/Kernel->handle(Object(Illuminate/Http/Request))
#53 E:/website_trangsuc/laptrinhweb_thi_website_trangsuc/public/index.php(20): Illuminate/Foundation/Application->handleRequest(Object(Illuminate/Http/Request))
#54 E:/website_trangsuc/laptrinhweb_thi_website_trangsuc/vendor/laravel/framework/src/Illuminate/Foundation/resources/server.php(23): require_once('E://website_tran...')
#55 {main}

[previous exception] [object] (Illuminate\\View\\ViewException(code: 0): syntax error, unexpected token \"endif\", expecting end of file (View: E:\\website_trangsuc\\laptrinhweb_thi_website_trangsuc\\resources\\views\\partials\\header.blade.php) (View: E:\\website_trangsuc\\laptrinhweb_thi_website_trangsuc\\resources\\views\\partials\\header.blade.php) at E:/website_trangsuc/laptrinhweb_thi_website_trangsuc/storage/framework/views/7096621760d82c808dcefa7427f14a3b.php:22)
[stacktrace]
#0 E:/website_trangsuc/laptrinhweb_thi_website_trangsuc/vendor/laravel/framework/src/Illuminate/View/Engines/PhpEngine.php(59): Illuminate/View/Engines/CompilerEngine->handleViewException(Object(Illuminate/View/ViewException), 2)
#1 E:/website_trangsuc/laptrinhweb_thi_website_trangsuc/vendor/laravel/framework/src/Illuminate/View/Engines/CompilerEngine.php(76): Illuminate/View/Engines/PhpEngine->evaluatePath('E://website_tran...', Array)
#2 E:/website_trangsuc/laptrinhweb_thi_website_trangsuc/vendor/laravel/framework/src/Illuminate/View/View.php(208): Illuminate/View/Engines/CompilerEngine->get('E://website_tran...', Array)
#3 E:/website_trangsuc/laptrinhweb_thi_website_trangsuc/vendor/laravel/framework/src/Illuminate/View/View.php(191): Illuminate/View/View->getContents()
#4 E:/website_trangsuc/laptrinhweb_thi_website_trangsuc/vendor/laravel/framework/src/Illuminate/View/View.php(160): Illuminate/View/View->renderContents()
#5 E:/website_trangsuc/laptrinhweb_thi_website_trangsuc/storage/framework/views/6464a70f796b9492a1dc89a8afa00e50.php(24): Illuminate/View/View->render()
#6 E:/website_trangsuc/laptrinhweb_thi_website_trangsuc/vendor/laravel/framework/src/Illuminate/Filesystem/Filesystem.php(123): require('E://website_tran...')
#7 E:/website_trangsuc/laptrinhweb_thi_website_trangsuc/vendor/laravel/framework/src/Illuminate/Filesystem/Filesystem.php(124): Illuminate/Filesystem/Filesystem::Illuminate/Filesystem/{closure}()
#8 E:/website_trangsuc/laptrinhweb_thi_website_trangsuc/vendor/laravel/framework/src/Illuminate/View/Engines/PhpEngine.php(57): Illuminate/Filesystem/Filesystem->getRequire('E://website_tran...', Array)
#9 E:/website_trangsuc/laptrinhweb_thi_website_trangsuc/vendor/laravel/framework/src/Illuminate/View/Engines/CompilerEngine.php(76): Illuminate/View/Engines/PhpEngine->evaluatePath('E://website_tran...', Array)
#10 E:/website_trangsuc/laptrinhweb_thi_website_trangsuc/vendor/laravel/framework/src/Illuminate/View/View.php(208): Illuminate/View/Engines/CompilerEngine->get('E://website_tran...', Array)
#11 E:/website_trangsuc/laptrinhweb_thi_website_trangsuc/vendor/laravel/framework/src/Illuminate/View/View.php(191): Illuminate/View/View->getContents()
#12 E:/website_trangsuc/laptrinhweb_thi_website_trangsuc/vendor/laravel/framework/src/Illuminate/View/View.php(160): Illuminate/View/View->renderContents()
#13 E:/website_trangsuc/laptrinhweb_thi_website_trangsuc/vendor/laravel/framework/src/Illuminate/Http/Response.php(78): Illuminate/View/View->render()
#14 E:/website_trangsuc/laptrinhweb_thi_website_trangsuc/vendor/laravel/framework/src/Illuminate/Http/Response.php(34): Illuminate/Http/Response->setContent(Object(Illuminate/View/View))
#15 E:/website_trangsuc/laptrinhweb_thi_website_trangsuc/vendor/laravel/framework/src/Illuminate/Routing/Router.php(939): Illuminate/Http/Response->__construct(Object(Illuminate/View/View), 200, Array)
#16 E:/website_trangsuc/laptrinhweb_thi_website_trangsuc/vendor/laravel/framework/src/Illuminate/Routing/Router.php(906): Illuminate/Routing/Router::toResponse(Object(Illuminate/Http/Request), Object(Illuminate/View/View))
#17 E:/website_trangsuc/laptrinhweb_thi_website_trangsuc/vendor/laravel/framework/src/Illuminate/Routing/Router.php(821): Illuminate/Routing/Router->prepareResponse(Object(Illuminate/Http/Request), Object(Illuminate/View/View))
#18 E:/website_trangsuc/laptrinhweb_thi_website_trangsuc/vendor/laravel/framework/src/Illuminate/Pipeline/Pipeline.php(180): Illuminate/Routing/Router->Illuminate/Routing/{closure}(Object(Illuminate/Http/Request))
#19 E:/website_trangsuc/laptrinhweb_thi_website_trangsuc/vendor/laravel/framework/src/Illuminate/Routing/Middleware/SubstituteBindings.php(50): Illuminate/Pipeline/Pipeline->Illuminate/Pipeline/{closure}(Object(Illuminate/Http/Request))
#20 E:/website_trangsuc/laptrinhweb_thi_website_trangsuc/vendor/laravel/framework/src/Illuminate/Pipeline/Pipeline.php(219): Illuminate/Routing/Middleware/SubstituteBindings->handle(Object(Illuminate/Http/Request), Object(Closure))
#21 E:/website_trangsuc/laptrinhweb_thi_website_trangsuc/vendor/laravel/framework/src/Illuminate/Foundation/Http/Middleware/VerifyCsrfToken.php(87): Illuminate/Pipeline/Pipeline->Illuminate/Pipeline/{closure}(Object(Illuminate/Http/Request))
#22 E:/website_trangsuc/laptrinhweb_thi_website_trangsuc/vendor/laravel/framework/src/Illuminate/Pipeline/Pipeline.php(219): Illuminate/Foundation/Http/Middleware/VerifyCsrfToken->handle(Object(Illuminate/Http/Request), Object(Closure))
#23 E:/website_trangsuc/laptrinhweb_thi_website_trangsuc/vendor/laravel/framework/src/Illuminate/View/Middleware/ShareErrorsFromSession.php(48): Illuminate/Pipeline/Pipeline->Illuminate/Pipeline/{closure}(Object(Illuminate/Http/Request))
#24 E:/website_trangsuc/laptrinhweb_thi_website_trangsuc/vendor/laravel/framework/src/Illuminate/Pipeline/Pipeline.php(219): Illuminate/View/Middleware/ShareErrorsFromSession->handle(Object(Illuminate/Http/Request), Object(Closure))
#25 E:/website_trangsuc/laptrinhweb_thi_website_trangsuc/vendor/laravel/framework/src/Illuminate/Session/Middleware/StartSession.php(120): Illuminate/Pipeline/Pipeline->Illuminate/Pipeline/{closure}(Object(Illuminate/Http/Request))
#26 E:/website_trangsuc/laptrinhweb_thi_website_trangsuc/vendor/laravel/framework/src/Illuminate/Session/Middleware/StartSession.php(63): Illuminate/Session/Middleware/StartSession->handleStatefulRequest(Object(Illuminate/Http/Request), Object(Illuminate/Session/Store), Object(Closure))
#27 E:/website_trangsuc/laptrinhweb_thi_website_trangsuc/vendor/laravel/framework/src/Illuminate/Pipeline/Pipeline.php(219): Illuminate/Session/Middleware/StartSession->handle(Object(Illuminate/Http/Request), Object(Closure))
#28 E:/website_trangsuc/laptrinhweb_thi_website_trangsuc/vendor/laravel/framework/src/Illuminate/Cookie/Middleware/AddQueuedCookiesToResponse.php(36): Illuminate/Pipeline/Pipeline->Illuminate/Pipeline/{closure}(Object(Illuminate/Http/Request))
#29 E:/website_trangsuc/laptrinhweb_thi_website_trangsuc/vendor/laravel/framework/src/Illuminate/Pipeline/Pipeline.php(219): Illuminate/Cookie/Middleware/AddQueuedCookiesToResponse->handle(Object(Illuminate/Http/Request), Object(Closure))
#30 E:/website_trangsuc/laptrinhweb_thi_website_trangsuc/vendor/laravel/framework/src/Illuminate/Cookie/Middleware/EncryptCookies.php(74): Illuminate/Pipeline/Pipeline->Illuminate/Pipeline/{closure}(Object(Illuminate/Http/Request))
#31 E:/website_trangsuc/laptrinhweb_thi_website_trangsuc/vendor/laravel/framework/src/Illuminate/Pipeline/Pipeline.php(219): Illuminate/Cookie/Middleware/EncryptCookies->handle(Object(Illuminate/Http/Request), Object(Closure))
#32 E:/website_trangsuc/laptrinhweb_thi_website_trangsuc/vendor/laravel/framework/src/Illuminate/Pipeline/Pipeline.php(137): Illuminate/Pipeline/Pipeline->Illuminate/Pipeline/{closure}(Object(Illuminate/Http/Request))
#33 E:/website_trangsuc/laptrinhweb_thi_website_trangsuc/vendor/laravel/framework/src/Illuminate/Routing/Router.php(821): Illuminate/Pipeline/Pipeline->then(Object(Closure))
#34 E:/website_trangsuc/laptrinhweb_thi_website_trangsuc/vendor/laravel/framework/src/Illuminate/Routing/Router.php(800): Illuminate/Routing/Router->runRouteWithinStack(Object(Illuminate/Routing/Route), Object(Illuminate/Http/Request))
#35 E:/website_trangsuc/laptrinhweb_thi_website_trangsuc/vendor/laravel/framework/src/Illuminate/Routing/Router.php(764): Illuminate/Routing/Router->runRoute(Object(Illuminate/Http/Request), Object(Illuminate/Routing/Route))
#36 E:/website_trangsuc/laptrinhweb_thi_website_trangsuc/vendor/laravel/framework/src/Illuminate/Routing/Router.php(753): Illuminate/Routing/Router->dispatchToRoute(Object(Illuminate/Http/Request))
#37 E:/website_trangsuc/laptrinhweb_thi_website_trangsuc/vendor/laravel/framework/src/Illuminate/Foundation/Http/Kernel.php(200): Illuminate/Routing/Router->dispatch(Object(Illuminate/Http/Request))
#38 E:/website_trangsuc/laptrinhweb_thi_website_trangsuc/vendor/laravel/framework/src/Illuminate/Pipeline/Pipeline.php(180): Illuminate/Foundation/Http/Kernel->Illuminate/Foundation/Http/{closure}(Object(Illuminate/Http/Request))
#39 E:/website_trangsuc/laptrinhweb_thi_website_trangsuc/vendor/laravel/framework/src/Illuminate/Foundation/Http/Middleware/TransformsRequest.php(21): Illuminate/Pipeline/Pipeline->Illuminate/Pipeline/{closure}(Object(Illuminate/Http/Request))
#40 E:/website_trangsuc/laptrinhweb_thi_website_trangsuc/vendor/laravel/framework/src/Illuminate/Foundation/Http/Middleware/ConvertEmptyStringsToNull.php(31): Illuminate/Foundation/Http/Middleware/TransformsRequest->handle(Object(Illuminate/Http/Request), Object(Closure))
#41 E:/website_trangsuc/laptrinhweb_thi_website_trangsuc/vendor/laravel/framework/src/Illuminate/Pipeline/Pipeline.php(219): Illuminate/Foundation/Http/Middleware/ConvertEmptyStringsToNull->handle(Object(Illuminate/Http/Request), Object(Closure))
#42 E:/website_trangsuc/laptrinhweb_thi_website_trangsuc/vendor/laravel/framework/src/Illuminate/Foundation/Http/Middleware/TransformsRequest.php(21): Illuminate/Pipeline/Pipeline->Illuminate/Pipeline/{closure}(Object(Illuminate/Http/Request))
#43 E:/website_trangsuc/laptrinhweb_thi_website_trangsuc/vendor/laravel/framework/src/Illuminate/Foundation/Http/Middleware/TrimStrings.php(51): Illuminate/Foundation/Http/Middleware/TransformsRequest->handle(Object(Illuminate/Http/Request), Object(Closure))
#44 E:/website_trangsuc/laptrinhweb_thi_website_trangsuc/vendor/laravel/framework/src/Illuminate/Pipeline/Pipeline.php(219): Illuminate/Foundation/Http/Middleware/TrimStrings->handle(Object(Illuminate/Http/Request), Object(Closure))
#45 E:/website_trangsuc/laptrinhweb_thi_website_trangsuc/vendor/laravel/framework/src/Illuminate/Http/Middleware/ValidatePostSize.php(27): Illuminate/Pipeline/Pipeline->Illuminate/Pipeline/{closure}(Object(Illuminate/Http/Request))
#46 E:/website_trangsuc/laptrinhweb_thi_website_trangsuc/vendor/laravel/framework/src/Illuminate/Pipeline/Pipeline.php(219): Illuminate/Http/Middleware/ValidatePostSize->handle(Object(Illuminate/Http/Request), Object(Closure))
#47 E:/website_trangsuc/laptrinhweb_thi_website_trangsuc/vendor/laravel/framework/src/Illuminate/Foundation/Http/Middleware/PreventRequestsDuringMaintenance.php(109): Illuminate/Pipeline/Pipeline->Illuminate/Pipeline/{closure}(Object(Illuminate/Http/Request))
#48 E:/website_trangsuc/laptrinhweb_thi_website_trangsuc/vendor/laravel/framework/src/Illuminate/Pipeline/Pipeline.php(219): Illuminate/Foundation/Http/Middleware/PreventRequestsDuringMaintenance->handle(Object(Illuminate/Http/Request), Object(Closure))
#49 E:/website_trangsuc/laptrinhweb_thi_website_trangsuc/vendor/laravel/framework/src/Illuminate/Http/Middleware/HandleCors.php(61): Illuminate/Pipeline/Pipeline->Illuminate/Pipeline/{closure}(Object(Illuminate/Http/Request))
#50 E:/website_trangsuc/laptrinhweb_thi_website_trangsuc/vendor/laravel/framework/src/Illuminate/Pipeline/Pipeline.php(219): Illuminate/Http/Middleware/HandleCors->handle(Object(Illuminate/Http/Request), Object(Closure))
#51 E:/website_trangsuc/laptrinhweb_thi_website_trangsuc/vendor/laravel/framework/src/Illuminate/Http/Middleware/TrustProxies.php(58): Illuminate/Pipeline/Pipeline->Illuminate/Pipeline/{closure}(Object(Illuminate/Http/Request))
#52 E:/website_trangsuc/laptrinhweb_thi_website_trangsuc/vendor/laravel/framework/src/Illuminate/Pipeline/Pipeline.php(219): Illuminate/Http/Middleware/TrustProxies->handle(Object(Illuminate/Http/Request), Object(Closure))
#53 E:/website_trangsuc/laptrinhweb_thi_website_trangsuc/vendor/laravel/framework/src/Illuminate/Foundation/Http/Middleware/InvokeDeferredCallbacks.php(22): Illuminate/Pipeline/Pipeline->Illuminate/Pipeline/{closure}(Object(Illuminate/Http/Request))
#54 E:/website_trangsuc/laptrinhweb_thi_website_trangsuc/vendor/laravel/framework/src/Illuminate/Pipeline/Pipeline.php(219): Illuminate/Foundation/Http/Middleware/InvokeDeferredCallbacks->handle(Object(Illuminate/Http/Request), Object(Closure))
#55 E:/website_trangsuc/laptrinhweb_thi_website_trangsuc/vendor/laravel/framework/src/Illuminate/Http/Middleware/ValidatePathEncoding.php(26): Illuminate/Pipeline/Pipeline->Illuminate/Pipeline/{closure}(Object(Illuminate/Http/Request))
#56 E:/website_trangsuc/laptrinhweb_thi_website_trangsuc/vendor/laravel/framework/src/Illuminate/Pipeline/Pipeline.php(219): Illuminate/Http/Middleware/ValidatePathEncoding->handle(Object(Illuminate/Http/Request), Object(Closure))
#57 E:/website_trangsuc/laptrinhweb_thi_website_trangsuc/vendor/laravel/framework/src/Illuminate/Pipeline/Pipeline.php(137): Illuminate/Pipeline/Pipeline->Illuminate/Pipeline/{closure}(Object(Illuminate/Http/Request))
#58 E:/website_trangsuc/laptrinhweb_thi_website_trangsuc/vendor/laravel/framework/src/Illuminate/Foundation/Http/Kernel.php(175): Illuminate/Pipeline/Pipeline->then(Object(Closure))
#59 E:/website_trangsuc/laptrinhweb_thi_website_trangsuc/vendor/laravel/framework/src/Illuminate/Foundation/Http/Kernel.php(144): Illuminate/Foundation/Http/Kernel->sendRequestThroughRouter(Object(Illuminate/Http/Request))
#60 E:/website_trangsuc/laptrinhweb_thi_website_trangsuc/vendor/laravel/framework/src/Illuminate/Foundation/Application.php(1220): Illuminate/Foundation/Http/Kernel->handle(Object(Illuminate/Http/Request))
#61 E:/website_trangsuc/laptrinhweb_thi_website_trangsuc/public/index.php(20): Illuminate/Foundation/Application->handleRequest(Object(Illuminate/Http/Request))
#62 E:/website_trangsuc/laptrinhweb_thi_website_trangsuc/vendor/laravel/framework/src/Illuminate/Foundation/resources/server.php(23): require_once('E://website_tran...')
#63 {main}

[previous exception] [object] (Illuminate\\View\\ViewException(code: 0): syntax error, unexpected token \"endif\", expecting end of file (View: E:\\website_trangsuc\\laptrinhweb_thi_website_trangsuc\\resources\\views\\partials\\header.blade.php) at E:/website_trangsuc/laptrinhweb_thi_website_trangsuc/storage/framework/views/7096621760d82c808dcefa7427f14a3b.php:22)
[stacktrace]
#0 E:/website_trangsuc/laptrinhweb_thi_website_trangsuc/vendor/laravel/framework/src/Illuminate/View/Engines/PhpEngine.php(59): Illuminate/View/Engines/CompilerEngine->handleViewException(Object(ParseError), 3)
#1 E:/website_trangsuc/laptrinhweb_thi_website_trangsuc/vendor/laravel/framework/src/Illuminate/View/Engines/CompilerEngine.php(76): Illuminate/View/Engines/PhpEngine->evaluatePath('E://website_tran...', Array)
#2 E:/website_trangsuc/laptrinhweb_thi_website_trangsuc/vendor/laravel/framework/src/Illuminate/View/View.php(208): Illuminate/View/Engines/CompilerEngine->get('E://website_tran...', Array)
#3 E:/website_trangsuc/laptrinhweb_thi_website_trangsuc/vendor/laravel/framework/src/Illuminate/View/View.php(191): Illuminate/View/View->getContents()
#4 E:/website_trangsuc/laptrinhweb_thi_website_trangsuc/vendor/laravel/framework/src/Illuminate/View/View.php(160): Illuminate/View/View->renderContents()
#5 E:/website_trangsuc/laptrinhweb_thi_website_trangsuc/storage/framework/views/dfcf19d923680090cce472b959f6b4d3.php(18): Illuminate/View/View->render()
#6 E:/website_trangsuc/laptrinhweb_thi_website_trangsuc/vendor/laravel/framework/src/Illuminate/Filesystem/Filesystem.php(123): require('E://website_tran...')
#7 E:/website_trangsuc/laptrinhweb_thi_website_trangsuc/vendor/laravel/framework/src/Illuminate/Filesystem/Filesystem.php(124): Illuminate/Filesystem/Filesystem::Illuminate/Filesystem/{closure}()
#8 E:/website_trangsuc/laptrinhweb_thi_website_trangsuc/vendor/laravel/framework/src/Illuminate/View/Engines/PhpEngine.php(57): Illuminate/Filesystem/Filesystem->getRequire('E://website_tran...', Array)
#9 E:/website_trangsuc/laptrinhweb_thi_website_trangsuc/vendor/laravel/framework/src/Illuminate/View/Engines/CompilerEngine.php(76): Illuminate/View/Engines/PhpEngine->evaluatePath('E://website_tran...', Array)
#10 E:/website_trangsuc/laptrinhweb_thi_website_trangsuc/vendor/laravel/framework/src/Illuminate/View/View.php(208): Illuminate/View/Engines/CompilerEngine->get('E://website_tran...', Array)
#11 E:/website_trangsuc/laptrinhweb_thi_website_trangsuc/vendor/laravel/framework/src/Illuminate/View/View.php(191): Illuminate/View/View->getContents()
#12 E:/website_trangsuc/laptrinhweb_thi_website_trangsuc/vendor/laravel/framework/src/Illuminate/View/View.php(160): Illuminate/View/View->renderContents()
#13 E:/website_trangsuc/laptrinhweb_thi_website_trangsuc/storage/framework/views/6464a70f796b9492a1dc89a8afa00e50.php(24): Illuminate/View/View->render()
#14 E:/website_trangsuc/laptrinhweb_thi_website_trangsuc/vendor/laravel/framework/src/Illuminate/Filesystem/Filesystem.php(123): require('E://website_tran...')
#15 E:/website_trangsuc/laptrinhweb_thi_website_trangsuc/vendor/laravel/framework/src/Illuminate/Filesystem/Filesystem.php(124): Illuminate/Filesystem/Filesystem::Illuminate/Filesystem/{closure}()
#16 E:/website_trangsuc/laptrinhweb_thi_website_trangsuc/vendor/laravel/framework/src/Illuminate/View/Engines/PhpEngine.php(57): Illuminate/Filesystem/Filesystem->getRequire('E://website_tran...', Array)
#17 E:/website_trangsuc/laptrinhweb_thi_website_trangsuc/vendor/laravel/framework/src/Illuminate/View/Engines/CompilerEngine.php(76): Illuminate/View/Engines/PhpEngine->evaluatePath('E://website_tran...', Array)
#18 E:/website_trangsuc/laptrinhweb_thi_website_trangsuc/vendor/laravel/framework/src/Illuminate/View/View.php(208): Illuminate/View/Engines/CompilerEngine->get('E://website_tran...', Array)
#19 E:/website_trangsuc/laptrinhweb_thi_website_trangsuc/vendor/laravel/framework/src/Illuminate/View/View.php(191): Illuminate/View/View->getContents()
#20 E:/website_trangsuc/laptrinhweb_thi_website_trangsuc/vendor/laravel/framework/src/Illuminate/View/View.php(160): Illuminate/View/View->renderContents()
#21 E:/website_trangsuc/laptrinhweb_thi_website_trangsuc/vendor/laravel/framework/src/Illuminate/Http/Response.php(78): Illuminate/View/View->render()
#22 E:/website_trangsuc/laptrinhweb_thi_website_trangsuc/vendor/laravel/framework/src/Illuminate/Http/Response.php(34): Illuminate/Http/Response->setContent(Object(Illuminate/View/View))
#23 E:/website_trangsuc/laptrinhweb_thi_website_trangsuc/vendor/laravel/framework/src/Illuminate/Routing/Router.php(939): Illuminate/Http/Response->__construct(Object(Illuminate/View/View), 200, Array)
#24 E:/website_trangsuc/laptrinhweb_thi_website_trangsuc/vendor/laravel/framework/src/Illuminate/Routing/Router.php(906): Illuminate/Routing/Router::toResponse(Object(Illuminate/Http/Request), Object(Illuminate/View/View))
#25 E:/website_trangsuc/laptrinhweb_thi_website_trangsuc/vendor/laravel/framework/src/Illuminate/Routing/Router.php(821): Illuminate/Routing/Router->prepareResponse(Object(Illuminate/Http/Request), Object(Illuminate/View/View))
#26 E:/website_trangsuc/laptrinhweb_thi_website_trangsuc/vendor/laravel/framework/src/Illuminate/Pipeline/Pipeline.php(180): Illuminate/Routing/Router->Illuminate/Routing/{closure}(Object(Illuminate/Http/Request))
#27 E:/website_trangsuc/laptrinhweb_thi_website_trangsuc/vendor/laravel/framework/src/Illuminate/Routing/Middleware/SubstituteBindings.php(50): Illuminate/Pipeline/Pipeline->Illuminate/Pipeline/{closure}(Object(Illuminate/Http/Request))
#28 E:/website_trangsuc/laptrinhweb_thi_website_trangsuc/vendor/laravel/framework/src/Illuminate/Pipeline/Pipeline.php(219): Illuminate/Routing/Middleware/SubstituteBindings->handle(Object(Illuminate/Http/Request), Object(Closure))
#29 E:/website_trangsuc/laptrinhweb_thi_website_trangsuc/vendor/laravel/framework/src/Illuminate/Foundation/Http/Middleware/VerifyCsrfToken.php(87): Illuminate/Pipeline/Pipeline->Illuminate/Pipeline/{closure}(Object(Illuminate/Http/Request))
#30 E:/website_trangsuc/laptrinhweb_thi_website_trangsuc/vendor/laravel/framework/src/Illuminate/Pipeline/Pipeline.php(219): Illuminate/Foundation/Http/Middleware/VerifyCsrfToken->handle(Object(Illuminate/Http/Request), Object(Closure))
#31 E:/website_trangsuc/laptrinhweb_thi_website_trangsuc/vendor/laravel/framework/src/Illuminate/View/Middleware/ShareErrorsFromSession.php(48): Illuminate/Pipeline/Pipeline->Illuminate/Pipeline/{closure}(Object(Illuminate/Http/Request))
#32 E:/website_trangsuc/laptrinhweb_thi_website_trangsuc/vendor/laravel/framework/src/Illuminate/Pipeline/Pipeline.php(219): Illuminate/View/Middleware/ShareErrorsFromSession->handle(Object(Illuminate/Http/Request), Object(Closure))
#33 E:/website_trangsuc/laptrinhweb_thi_website_trangsuc/vendor/laravel/framework/src/Illuminate/Session/Middleware/StartSession.php(120): Illuminate/Pipeline/Pipeline->Illuminate/Pipeline/{closure}(Object(Illuminate/Http/Request))
#34 E:/website_trangsuc/laptrinhweb_thi_website_trangsuc/vendor/laravel/framework/src/Illuminate/Session/Middleware/StartSession.php(63): Illuminate/Session/Middleware/StartSession->handleStatefulRequest(Object(Illuminate/Http/Request), Object(Illuminate/Session/Store), Object(Closure))
#35 E:/website_trangsuc/laptrinhweb_thi_website_trangsuc/vendor/laravel/framework/src/Illuminate/Pipeline/Pipeline.php(219): Illuminate/Session/Middleware/StartSession->handle(Object(Illuminate/Http/Request), Object(Closure))
#36 E:/website_trangsuc/laptrinhweb_thi_website_trangsuc/vendor/laravel/framework/src/Illuminate/Cookie/Middleware/AddQueuedCookiesToResponse.php(36): Illuminate/Pipeline/Pipeline->Illuminate/Pipeline/{closure}(Object(Illuminate/Http/Request))
#37 E:/website_trangsuc/laptrinhweb_thi_website_trangsuc/vendor/laravel/framework/src/Illuminate/Pipeline/Pipeline.php(219): Illuminate/Cookie/Middleware/AddQueuedCookiesToResponse->handle(Object(Illuminate/Http/Request), Object(Closure))
#38 E:/website_trangsuc/laptrinhweb_thi_website_trangsuc/vendor/laravel/framework/src/Illuminate/Cookie/Middleware/EncryptCookies.php(74): Illuminate/Pipeline/Pipeline->Illuminate/Pipeline/{closure}(Object(Illuminate/Http/Request))
#39 E:/website_trangsuc/laptrinhweb_thi_website_trangsuc/vendor/laravel/framework/src/Illuminate/Pipeline/Pipeline.php(219): Illuminate/Cookie/Middleware/EncryptCookies->handle(Object(Illuminate/Http/Request), Object(Closure))
#40 E:/website_trangsuc/laptrinhweb_thi_website_trangsuc/vendor/laravel/framework/src/Illuminate/Pipeline/Pipeline.php(137): Illuminate/Pipeline/Pipeline->Illuminate/Pipeline/{closure}(Object(Illuminate/Http/Request))
#41 E:/website_trangsuc/laptrinhweb_thi_website_trangsuc/vendor/laravel/framework/src/Illuminate/Routing/Router.php(821): Illuminate/Pipeline/Pipeline->then(Object(Closure))
#42 E:/website_trangsuc/laptrinhweb_thi_website_trangsuc/vendor/laravel/framework/src/Illuminate/Routing/Router.php(800): Illuminate/Routing/Router->runRouteWithinStack(Object(Illuminate/Routing/Route), Object(Illuminate/Http/Request))
#43 E:/website_trangsuc/laptrinhweb_thi_website_trangsuc/vendor/laravel/framework/src/Illuminate/Routing/Router.php(764): Illuminate/Routing/Router->runRoute(Object(Illuminate/Http/Request), Object(Illuminate/Routing/Route))
#44 E:/website_trangsuc/laptrinhweb_thi_website_trangsuc/vendor/laravel/framework/src/Illuminate/Routing/Router.php(753): Illuminate/Routing/Router->dispatchToRoute(Object(Illuminate/Http/Request))
#45 E:/website_trangsuc/laptrinhweb_thi_website_trangsuc/vendor/laravel/framework/src/Illuminate/Foundation/Http/Kernel.php(200): Illuminate/Routing/Router->dispatch(Object(Illuminate/Http/Request))
#46 E:/website_trangsuc/laptrinhweb_thi_website_trangsuc/vendor/laravel/framework/src/Illuminate/Pipeline/Pipeline.php(180): Illuminate/Foundation/Http/Kernel->Illuminate/Foundation/Http/{closure}(Object(Illuminate/Http/Request))
#47 E:/website_trangsuc/laptrinhweb_thi_website_trangsuc/vendor/laravel/framework/src/Illuminate/Foundation/Http/Middleware/TransformsRequest.php(21): Illuminate/Pipeline/Pipeline->Illuminate/Pipeline/{closure}(Object(Illuminate/Http/Request))
#48 E:/website_trangsuc/laptrinhweb_thi_website_trangsuc/vendor/laravel/framework/src/Illuminate/Foundation/Http/Middleware/ConvertEmptyStringsToNull.php(31): Illuminate/Foundation/Http/Middleware/TransformsRequest->handle(Object(Illuminate/Http/Request), Object(Closure))
#49 E:/website_trangsuc/laptrinhweb_thi_website_trangsuc/vendor/laravel/framework/src/Illuminate/Pipeline/Pipeline.php(219): Illuminate/Foundation/Http/Middleware/ConvertEmptyStringsToNull->handle(Object(Illuminate/Http/Request), Object(Closure))
#50 E:/website_trangsuc/laptrinhweb_thi_website_trangsuc/vendor/laravel/framework/src/Illuminate/Foundation/Http/Middleware/TransformsRequest.php(21): Illuminate/Pipeline/Pipeline->Illuminate/Pipeline/{closure}(Object(Illuminate/Http/Request))
#51 E:/website_trangsuc/laptrinhweb_thi_website_trangsuc/vendor/laravel/framework/src/Illuminate/Foundation/Http/Middleware/TrimStrings.php(51): Illuminate/Foundation/Http/Middleware/TransformsRequest->handle(Object(Illuminate/Http/Request), Object(Closure))
#52 E:/website_trangsuc/laptrinhweb_thi_website_trangsuc/vendor/laravel/framework/src/Illuminate/Pipeline/Pipeline.php(219): Illuminate/Foundation/Http/Middleware/TrimStrings->handle(Object(Illuminate/Http/Request), Object(Closure))
#53 E:/website_trangsuc/laptrinhweb_thi_website_trangsuc/vendor/laravel/framework/src/Illuminate/Http/Middleware/ValidatePostSize.php(27): Illuminate/Pipeline/Pipeline->Illuminate/Pipeline/{closure}(Object(Illuminate/Http/Request))
#54 E:/website_trangsuc/laptrinhweb_thi_website_trangsuc/vendor/laravel/framework/src/Illuminate/Pipeline/Pipeline.php(219): Illuminate/Http/Middleware/ValidatePostSize->handle(Object(Illuminate/Http/Request), Object(Closure))
#55 E:/website_trangsuc/laptrinhweb_thi_website_trangsuc/vendor/laravel/framework/src/Illuminate/Foundation/Http/Middleware/PreventRequestsDuringMaintenance.php(109): Illuminate/Pipeline/Pipeline->Illuminate/Pipeline/{closure}(Object(Illuminate/Http/Request))
#56 E:/website_trangsuc/laptrinhweb_thi_website_trangsuc/vendor/laravel/framework/src/Illuminate/Pipeline/Pipeline.php(219): Illuminate/Foundation/Http/Middleware/PreventRequestsDuringMaintenance->handle(Object(Illuminate/Http/Request), Object(Closure))
#57 E:/website_trangsuc/laptrinhweb_thi_website_trangsuc/vendor/laravel/framework/src/Illuminate/Http/Middleware/HandleCors.php(61): Illuminate/Pipeline/Pipeline->Illuminate/Pipeline/{closure}(Object(Illuminate/Http/Request))
#58 E:/website_trangsuc/laptrinhweb_thi_website_trangsuc/vendor/laravel/framework/src/Illuminate/Pipeline/Pipeline.php(219): Illuminate/Http/Middleware/HandleCors->handle(Object(Illuminate/Http/Request), Object(Closure))
#59 E:/website_trangsuc/laptrinhweb_thi_website_trangsuc/vendor/laravel/framework/src/Illuminate/Http/Middleware/TrustProxies.php(58): Illuminate/Pipeline/Pipeline->Illuminate/Pipeline/{closure}(Object(Illuminate/Http/Request))
#60 E:/website_trangsuc/laptrinhweb_thi_website_trangsuc/vendor/laravel/framework/src/Illuminate/Pipeline/Pipeline.php(219): Illuminate/Http/Middleware/TrustProxies->handle(Object(Illuminate/Http/Request), Object(Closure))
#61 E:/website_trangsuc/laptrinhweb_thi_website_trangsuc/vendor/laravel/framework/src/Illuminate/Foundation/Http/Middleware/InvokeDeferredCallbacks.php(22): Illuminate/Pipeline/Pipeline->Illuminate/Pipeline/{closure}(Object(Illuminate/Http/Request))
#62 E:/website_trangsuc/laptrinhweb_thi_website_trangsuc/vendor/laravel/framework/src/Illuminate/Pipeline/Pipeline.php(219): Illuminate/Foundation/Http/Middleware/InvokeDeferredCallbacks->handle(Object(Illuminate/Http/Request), Object(Closure))
#63 E:/website_trangsuc/laptrinhweb_thi_website_trangsuc/vendor/laravel/framework/src/Illuminate/Http/Middleware/ValidatePathEncoding.php(26): Illuminate/Pipeline/Pipeline->Illuminate/Pipeline/{closure}(Object(Illuminate/Http/Request))
#64 E:/website_trangsuc/laptrinhweb_thi_website_trangsuc/vendor/laravel/framework/src/Illuminate/Pipeline/Pipeline.php(219): Illuminate/Http/Middleware/ValidatePathEncoding->handle(Object(Illuminate/Http/Request), Object(Closure))
#65 E:/website_trangsuc/laptrinhweb_thi_website_trangsuc/vendor/laravel/framework/src/Illuminate/Pipeline/Pipeline.php(137): Illuminate/Pipeline/Pipeline->Illuminate/Pipeline/{closure}(Object(Illuminate/Http/Request))
#66 E:/website_trangsuc/laptrinhweb_thi_website_trangsuc/vendor/laravel/framework/src/Illuminate/Foundation/Http/Kernel.php(175): Illuminate/Pipeline/Pipeline->then(Object(Closure))
#67 E:/website_trangsuc/laptrinhweb_thi_website_trangsuc/vendor/laravel/framework/src/Illuminate/Foundation/Http/Kernel.php(144): Illuminate/Foundation/Http/Kernel->sendRequestThroughRouter(Object(Illuminate/Http/Request))
#68 E:/website_trangsuc/laptrinhweb_thi_website_trangsuc/vendor/laravel/framework/src/Illuminate/Foundation/Application.php(1220): Illuminate/Foundation/Http/Kernel->handle(Object(Illuminate/Http/Request))
#69 E:/website_trangsuc/laptrinhweb_thi_website_trangsuc/public/index.php(20): Illuminate/Foundation/Application->handleRequest(Object(Illuminate/Http/Request))
#70 E:/website_trangsuc/laptrinhweb_thi_website_trangsuc/vendor/laravel/framework/src/Illuminate/Foundation/resources/server.php(23): require_once('E://website_tran...')
#71 {main}

[previous exception] [object] (ParseError(code: 0): syntax error, unexpected token \"endif\", expecting end of file at E:/website_trangsuc/laptrinhweb_thi_website_trangsuc/storage/framework/views/7096621760d82c808dcefa7427f14a3b.php:22)
[stacktrace]
#0 E:/website_trangsuc/laptrinhweb_thi_website_trangsuc/vendor/laravel/framework/src/Illuminate/Filesystem/Filesystem.php(124): Illuminate/Filesystem/Filesystem::Illuminate/Filesystem/{closure}()
#1 E:/website_trangsuc/laptrinhweb_thi_website_trangsuc/vendor/laravel/framework/src/Illuminate/View/Engines/PhpEngine.php(57): Illuminate/Filesystem/Filesystem->getRequire('E://website_tran...', Array)
#2 E:/website_trangsuc/laptrinhweb_thi_website_trangsuc/vendor/laravel/framework/src/Illuminate/View/Engines/CompilerEngine.php(76): Illuminate/View/Engines/PhpEngine->evaluatePath('E://website_tran...', Array)
#3 E:/website_trangsuc/laptrinhweb_thi_website_trangsuc/vendor/laravel/framework/src/Illuminate/View/View.php(208): Illuminate/View/Engines/CompilerEngine->get('E://website_tran...', Array)
#4 E:/website_trangsuc/laptrinhweb_thi_website_trangsuc/vendor/laravel/framework/src/Illuminate/View/View.php(191): Illuminate/View/View->getContents()
#5 E:/website_trangsuc/laptrinhweb_thi_website_trangsuc/vendor/laravel/framework/src/Illuminate/View/View.php(160): Illuminate/View/View->renderContents()
#6 E:/website_trangsuc/laptrinhweb_thi_website_trangsuc/storage/framework/views/dfcf19d923680090cce472b959f6b4d3.php(18): Illuminate/View/View->render()
#7 E:/website_trangsuc/laptrinhweb_thi_website_trangsuc/vendor/laravel/framework/src/Illuminate/Filesystem/Filesystem.php(123): require('E://website_tran...')
#8 E:/website_trangsuc/laptrinhweb_thi_website_trangsuc/vendor/laravel/framework/src/Illuminate/Filesystem/Filesystem.php(124): Illuminate/Filesystem/Filesystem::Illuminate/Filesystem/{closure}()
#9 E:/website_trangsuc/laptrinhweb_thi_website_trangsuc/vendor/laravel/framework/src/Illuminate/View/Engines/PhpEngine.php(57): Illuminate/Filesystem/Filesystem->getRequire('E://website_tran...', Array)
#10 E:/website_trangsuc/laptrinhweb_thi_website_trangsuc/vendor/laravel/framework/src/Illuminate/View/Engines/CompilerEngine.php(76): Illuminate/View/Engines/PhpEngine->evaluatePath('E://website_tran...', Array)
#11 E:/website_trangsuc/laptrinhweb_thi_website_trangsuc/vendor/laravel/framework/src/Illuminate/View/View.php(208): Illuminate/View/Engines/CompilerEngine->get('E://website_tran...', Array)
#12 E:/website_trangsuc/laptrinhweb_thi_website_trangsuc/vendor/laravel/framework/src/Illuminate/View/View.php(191): Illuminate/View/View->getContents()
#13 E:/website_trangsuc/laptrinhweb_thi_website_trangsuc/vendor/laravel/framework/src/Illuminate/View/View.php(160): Illuminate/View/View->renderContents()
#14 E:/website_trangsuc/laptrinhweb_thi_website_trangsuc/storage/framework/views/6464a70f796b9492a1dc89a8afa00e50.php(24): Illuminate/View/View->render()
#15 E:/website_trangsuc/laptrinhweb_thi_website_trangsuc/vendor/laravel/framework/src/Illuminate/Filesystem/Filesystem.php(123): require('E://website_tran...')
#16 E:/website_trangsuc/laptrinhweb_thi_website_trangsuc/vendor/laravel/framework/src/Illuminate/Filesystem/Filesystem.php(124): Illuminate/Filesystem/Filesystem::Illuminate/Filesystem/{closure}()
#17 E:/website_trangsuc/laptrinhweb_thi_website_trangsuc/vendor/laravel/framework/src/Illuminate/View/Engines/PhpEngine.php(57): Illuminate/Filesystem/Filesystem->getRequire('E://website_tran...', Array)
#18 E:/website_trangsuc/laptrinhweb_thi_website_trangsuc/vendor/laravel/framework/src/Illuminate/View/Engines/CompilerEngine.php(76): Illuminate/View/Engines/PhpEngine->evaluatePath('E://website_tran...', Array)
#19 E:/website_trangsuc/laptrinhweb_thi_website_trangsuc/vendor/laravel/framework/src/Illuminate/View/View.php(208): Illuminate/View/Engines/CompilerEngine->get('E://website_tran...', Array)
#20 E:/website_trangsuc/laptrinhweb_thi_website_trangsuc/vendor/laravel/framework/src/Illuminate/View/View.php(191): Illuminate/View/View->getContents()
#21 E:/website_trangsuc/laptrinhweb_thi_website_trangsuc/vendor/laravel/framework/src/Illuminate/View/View.php(160): Illuminate/View/View->renderContents()
#22 E:/website_trangsuc/laptrinhweb_thi_website_trangsuc/vendor/laravel/framework/src/Illuminate/Http/Response.php(78): Illuminate/View/View->render()
#23 E:/website_trangsuc/laptrinhweb_thi_website_trangsuc/vendor/laravel/framework/src/Illuminate/Http/Response.php(34): Illuminate/Http/Response->setContent(Object(Illuminate/View/View))
#24 E:/website_trangsuc/laptrinhweb_thi_website_trangsuc/vendor/laravel/framework/src/Illuminate/Routing/Router.php(939): Illuminate/Http/Response->__construct(Object(Illuminate/View/View), 200, Array)
#25 E:/website_trangsuc/laptrinhweb_thi_website_trangsuc/vendor/laravel/framework/src/Illuminate/Routing/Router.php(906): Illuminate/Routing/Router::toResponse(Object(Illuminate/Http/Request), Object(Illuminate/View/View))
#26 E:/website_trangsuc/laptrinhweb_thi_website_trangsuc/vendor/laravel/framework/src/Illuminate/Routing/Router.php(821): Illuminate/Routing/Router->prepareResponse(Object(Illuminate/Http/Request), Object(Illuminate/View/View))
#27 E:/website_trangsuc/laptrinhweb_thi_website_trangsuc/vendor/laravel/framework/src/Illuminate/Pipeline/Pipeline.php(180): Illuminate/Routing/Router->Illuminate/Routing/{closure}(Object(Illuminate/Http/Request))
#28 E:/website_trangsuc/laptrinhweb_thi_website_trangsuc/vendor/laravel/framework/src/Illuminate/Routing/Middleware/SubstituteBindings.php(50): Illuminate/Pipeline/Pipeline->Illuminate/Pipeline/{closure}(Object(Illuminate/Http/Request))
#29 E:/website_trangsuc/laptrinhweb_thi_website_trangsuc/vendor/laravel/framework/src/Illuminate/Pipeline/Pipeline.php(219): Illuminate/Routing/Middleware/SubstituteBindings->handle(Object(Illuminate/Http/Request), Object(Closure))
#30 E:/website_trangsuc/laptrinhweb_thi_website_trangsuc/vendor/laravel/framework/src/Illuminate/Foundation/Http/Middleware/VerifyCsrfToken.php(87): Illuminate/Pipeline/Pipeline->Illuminate/Pipeline/{closure}(Object(Illuminate/Http/Request))
#31 E:/website_trangsuc/laptrinhweb_thi_website_trangsuc/vendor/laravel/framework/src/Illuminate/Pipeline/Pipeline.php(219): Illuminate/Foundation/Http/Middleware/VerifyCsrfToken->handle(Object(Illuminate/Http/Request), Object(Closure))
#32 E:/website_trangsuc/laptrinhweb_thi_website_trangsuc/vendor/laravel/framework/src/Illuminate/View/Middleware/ShareErrorsFromSession.php(48): Illuminate/Pipeline/Pipeline->Illuminate/Pipeline/{closure}(Object(Illuminate/Http/Request))
#33 E:/website_trangsuc/laptrinhweb_thi_website_trangsuc/vendor/laravel/framework/src/Illuminate/Pipeline/Pipeline.php(219): Illuminate/View/Middleware/ShareErrorsFromSession->handle(Object(Illuminate/Http/Request), Object(Closure))
#34 E:/website_trangsuc/laptrinhweb_thi_website_trangsuc/vendor/laravel/framework/src/Illuminate/Session/Middleware/StartSession.php(120): Illuminate/Pipeline/Pipeline->Illuminate/Pipeline/{closure}(Object(Illuminate/Http/Request))
#35 E:/website_trangsuc/laptrinhweb_thi_website_trangsuc/vendor/laravel/framework/src/Illuminate/Session/Middleware/StartSession.php(63): Illuminate/Session/Middleware/StartSession->handleStatefulRequest(Object(Illuminate/Http/Request), Object(Illuminate/Session/Store), Object(Closure))
#36 E:/website_trangsuc/laptrinhweb_thi_website_trangsuc/vendor/laravel/framework/src/Illuminate/Pipeline/Pipeline.php(219): Illuminate/Session/Middleware/StartSession->handle(Object(Illuminate/Http/Request), Object(Closure))
#37 E:/website_trangsuc/laptrinhweb_thi_website_trangsuc/vendor/laravel/framework/src/Illuminate/Cookie/Middleware/AddQueuedCookiesToResponse.php(36): Illuminate/Pipeline/Pipeline->Illuminate/Pipeline/{closure}(Object(Illuminate/Http/Request))
#38 E:/website_trangsuc/laptrinhweb_thi_website_trangsuc/vendor/laravel/framework/src/Illuminate/Pipeline/Pipeline.php(219): Illuminate/Cookie/Middleware/AddQueuedCookiesToResponse->handle(Object(Illuminate/Http/Request), Object(Closure))
#39 E:/website_trangsuc/laptrinhweb_thi_website_trangsuc/vendor/laravel/framework/src/Illuminate/Cookie/Middleware/EncryptCookies.php(74): Illuminate/Pipeline/Pipeline->Illuminate/Pipeline/{closure}(Object(Illuminate/Http/Request))
#40 E:/website_trangsuc/laptrinhweb_thi_website_trangsuc/vendor/laravel/framework/src/Illuminate/Pipeline/Pipeline.php(219): Illuminate/Cookie/Middleware/EncryptCookies->handle(Object(Illuminate/Http/Request), Object(Closure))
#41 E:/website_trangsuc/laptrinhweb_thi_website_trangsuc/vendor/laravel/framework/src/Illuminate/Pipeline/Pipeline.php(137): Illuminate/Pipeline/Pipeline->Illuminate/Pipeline/{closure}(Object(Illuminate/Http/Request))
#42 E:/website_trangsuc/laptrinhweb_thi_website_trangsuc/vendor/laravel/framework/src/Illuminate/Routing/Router.php(821): Illuminate/Pipeline/Pipeline->then(Object(Closure))
#43 E:/website_trangsuc/laptrinhweb_thi_website_trangsuc/vendor/laravel/framework/src/Illuminate/Routing/Router.php(800): Illuminate/Routing/Router->runRouteWithinStack(Object(Illuminate/Routing/Route), Object(Illuminate/Http/Request))
#44 E:/website_trangsuc/laptrinhweb_thi_website_trangsuc/vendor/laravel/framework/src/Illuminate/Routing/Router.php(764): Illuminate/Routing/Router->runRoute(Object(Illuminate/Http/Request), Object(Illuminate/Routing/Route))
#45 E:/website_trangsuc/laptrinhweb_thi_website_trangsuc/vendor/laravel/framework/src/Illuminate/Routing/Router.php(753): Illuminate/Routing/Router->dispatchToRoute(Object(Illuminate/Http/Request))
#46 E:/website_trangsuc/laptrinhweb_thi_website_trangsuc/vendor/laravel/framework/src/Illuminate/Foundation/Http/Kernel.php(200): Illuminate/Routing/Router->dispatch(Object(Illuminate/Http/Request))
#47 E:/website_trangsuc/laptrinhweb_thi_website_trangsuc/vendor/laravel/framework/src/Illuminate/Pipeline/Pipeline.php(180): Illuminate/Foundation/Http/Kernel->Illuminate/Foundation/Http/{closure}(Object(Illuminate/Http/Request))
#48 E:/website_trangsuc/laptrinhweb_thi_website_trangsuc/vendor/laravel/framework/src/Illuminate/Foundation/Http/Middleware/TransformsRequest.php(21): Illuminate/Pipeline/Pipeline->Illuminate/Pipeline/{closure}(Object(Illuminate/Http/Request))
#49 E:/website_trangsuc/laptrinhweb_thi_website_trangsuc/vendor/laravel/framework/src/Illuminate/Foundation/Http/Middleware/ConvertEmptyStringsToNull.php(31): Illuminate/Foundation/Http/Middleware/TransformsRequest->handle(Object(Illuminate/Http/Request), Object(Closure))
#50 E:/website_trangsuc/laptrinhweb_thi_website_trangsuc/vendor/laravel/framework/src/Illuminate/Pipeline/Pipeline.php(219): Illuminate/Foundation/Http/Middleware/ConvertEmptyStringsToNull->handle(Object(Illuminate/Http/Request), Object(Closure))
#51 E:/website_trangsuc/laptrinhweb_thi_website_trangsuc/vendor/laravel/framework/src/Illuminate/Foundation/Http/Middleware/TransformsRequest.php(21): Illuminate/Pipeline/Pipeline->Illuminate/Pipeline/{closure}(Object(Illuminate/Http/Request))
#52 E:/website_trangsuc/laptrinhweb_thi_website_trangsuc/vendor/laravel/framework/src/Illuminate/Foundation/Http/Middleware/TrimStrings.php(51): Illuminate/Foundation/Http/Middleware/TransformsRequest->handle(Object(Illuminate/Http/Request), Object(Closure))
#53 E:/website_trangsuc/laptrinhweb_thi_website_trangsuc/vendor/laravel/framework/src/Illuminate/Pipeline/Pipeline.php(219): Illuminate/Foundation/Http/Middleware/TrimStrings->handle(Object(Illuminate/Http/Request), Object(Closure))
#54 E:/website_trangsuc/laptrinhweb_thi_website_trangsuc/vendor/laravel/framework/src/Illuminate/Http/Middleware/ValidatePostSize.php(27): Illuminate/Pipeline/Pipeline->Illuminate/Pipeline/{closure}(Object(Illuminate/Http/Request))
#55 E:/website_trangsuc/laptrinhweb_thi_website_trangsuc/vendor/laravel/framework/src/Illuminate/Pipeline/Pipeline.php(219): Illuminate/Http/Middleware/ValidatePostSize->handle(Object(Illuminate/Http/Request), Object(Closure))
#56 E:/website_trangsuc/laptrinhweb_thi_website_trangsuc/vendor/laravel/framework/src/Illuminate/Foundation/Http/Middleware/PreventRequestsDuringMaintenance.php(109): Illuminate/Pipeline/Pipeline->Illuminate/Pipeline/{closure}(Object(Illuminate/Http/Request))
#57 E:/website_trangsuc/laptrinhweb_thi_website_trangsuc/vendor/laravel/framework/src/Illuminate/Pipeline/Pipeline.php(219): Illuminate/Foundation/Http/Middleware/PreventRequestsDuringMaintenance->handle(Object(Illuminate/Http/Request), Object(Closure))
#58 E:/website_trangsuc/laptrinhweb_thi_website_trangsuc/vendor/laravel/framework/src/Illuminate/Http/Middleware/HandleCors.php(61): Illuminate/Pipeline/Pipeline->Illuminate/Pipeline/{closure}(Object(Illuminate/Http/Request))
#59 E:/website_trangsuc/laptrinhweb_thi_website_trangsuc/vendor/laravel/framework/src/Illuminate/Pipeline/Pipeline.php(219): Illuminate/Http/Middleware/HandleCors->handle(Object(Illuminate/Http/Request), Object(Closure))
#60 E:/website_trangsuc/laptrinhweb_thi_website_trangsuc/vendor/laravel/framework/src/Illuminate/Http/Middleware/TrustProxies.php(58): Illuminate/Pipeline/Pipeline->Illuminate/Pipeline/{closure}(Object(Illuminate/Http/Request))
#61 E:/website_trangsuc/laptrinhweb_thi_website_trangsuc/vendor/laravel/framework/src/Illuminate/Pipeline/Pipeline.php(219): Illuminate/Http/Middleware/TrustProxies->handle(Object(Illuminate/Http/Request), Object(Closure))
#62 E:/website_trangsuc/laptrinhweb_thi_website_trangsuc/vendor/laravel/framework/src/Illuminate/Foundation/Http/Middleware/InvokeDeferredCallbacks.php(22): Illuminate/Pipeline/Pipeline->Illuminate/Pipeline/{closure}(Object(Illuminate/Http/Request))
#63 E:/website_trangsuc/laptrinhweb_thi_website_trangsuc/vendor/laravel/framework/src/Illuminate/Pipeline/Pipeline.php(219): Illuminate/Foundation/Http/Middleware/InvokeDeferredCallbacks->handle(Object(Illuminate/Http/Request), Object(Closure))
#64 E:/website_trangsuc/laptrinhweb_thi_website_trangsuc/vendor/laravel/framework/src/Illuminate/Http/Middleware/ValidatePathEncoding.php(26): Illuminate/Pipeline/Pipeline->Illuminate/Pipeline/{closure}(Object(Illuminate/Http/Request))
#65 E:/website_trangsuc/laptrinhweb_thi_website_trangsuc/vendor/laravel/framework/src/Illuminate/Pipeline/Pipeline.php(219): Illuminate/Http/Middleware/ValidatePathEncoding->handle(Object(Illuminate/Http/Request), Object(Closure))
#66 E:/website_trangsuc/laptrinhweb_thi_website_trangsuc/vendor/laravel/framework/src/Illuminate/Pipeline/Pipeline.php(137): Illuminate/Pipeline/Pipeline->Illuminate/Pipeline/{closure}(Object(Illuminate/Http/Request))
#67 E:/website_trangsuc/laptrinhweb_thi_website_trangsuc/vendor/laravel/framework/src/Illuminate/Foundation/Http/Kernel.php(175): Illuminate/Pipeline/Pipeline->then(Object(Closure))
#68 E:/website_trangsuc/laptrinhweb_thi_website_trangsuc/vendor/laravel/framework/src/Illuminate/Foundation/Http/Kernel.php(144): Illuminate/Foundation/Http/Kernel->sendRequestThroughRouter(Object(Illuminate/Http/Request))
#69 E:/website_trangsuc/laptrinhweb_thi_website_trangsuc/vendor/laravel/framework/src/Illuminate/Foundation/Application.php(1220): Illuminate/Foundation/Http/Kernel->handle(Object(Illuminate/Http/Request))
#70 E:/website_trangsuc/laptrinhweb_thi_website_trangsuc/public/index.php(20): Illuminate/Foundation/Application->handleRequest(Object(Illuminate/Http/Request))
#71 E:/website_trangsuc/laptrinhweb_thi_website_trangsuc/vendor/laravel/framework/src/Illuminate/Foundation/resources/server.php(23): require_once('E://website_tran...')
#72 {main}
"} 
[2026-05-31 08:42:55] local.ERROR: syntax error, unexpected token "endif", expecting end of file (View: E:\website_trangsuc\laptrinhweb_thi_website_trangsuc\resources\views\partials\header.blade.php) (View: E:\website_trangsuc\laptrinhweb_thi_website_trangsuc\resources\views\partials\header.blade.php) (View: E:\website_trangsuc\laptrinhweb_thi_website_trangsuc\resources\views\partials\header.blade.php) {"exception":"[object] (Illuminate\\View\\ViewException(code: 0): syntax error, unexpected token \"endif\", expecting end of file (View: E:\\website_trangsuc\\laptrinhweb_thi_website_trangsuc\\resources\\views\\partials\\header.blade.php) (View: E:\\website_trangsuc\\laptrinhweb_thi_website_trangsuc\\resources\\views\\partials\\header.blade.php) (View: E:\\website_trangsuc\\laptrinhweb_thi_website_trangsuc\\resources\\views\\partials\\header.blade.php) at E:/website_trangsuc/laptrinhweb_thi_website_trangsuc/storage/framework/views/7096621760d82c808dcefa7427f14a3b.php:22)
[stacktrace]
#0 E:/website_trangsuc/laptrinhweb_thi_website_trangsuc/vendor/laravel/framework/src/Illuminate/View/Engines/PhpEngine.php(59): Illuminate/View/Engines/CompilerEngine->handleViewException(Object(Illuminate/View/ViewException), 1)
#1 E:/website_trangsuc/laptrinhweb_thi_website_trangsuc/vendor/laravel/framework/src/Illuminate/View/Engines/CompilerEngine.php(76): Illuminate/View/Engines/PhpEngine->evaluatePath('E://website_tran...', Array)
#2 E:/website_trangsuc/laptrinhweb_thi_website_trangsuc/vendor/laravel/framework/src/Illuminate/View/View.php(208): Illuminate/View/Engines/CompilerEngine->get('E://website_tran...', Array)
#3 E:/website_trangsuc/laptrinhweb_thi_website_trangsuc/vendor/laravel/framework/src/Illuminate/View/View.php(191): Illuminate/View/View->getContents()
#4 E:/website_trangsuc/laptrinhweb_thi_website_trangsuc/vendor/laravel/framework/src/Illuminate/View/View.php(160): Illuminate/View/View->renderContents()
#5 E:/website_trangsuc/laptrinhweb_thi_website_trangsuc/vendor/laravel/framework/src/Illuminate/Http/Response.php(78): Illuminate/View/View->render()
#6 E:/website_trangsuc/laptrinhweb_thi_website_trangsuc/vendor/laravel/framework/src/Illuminate/Http/Response.php(34): Illuminate/Http/Response->setContent(Object(Illuminate/View/View))
#7 E:/website_trangsuc/laptrinhweb_thi_website_trangsuc/vendor/laravel/framework/src/Illuminate/Routing/Router.php(939): Illuminate/Http/Response->__construct(Object(Illuminate/View/View), 200, Array)
#8 E:/website_trangsuc/laptrinhweb_thi_website_trangsuc/vendor/laravel/framework/src/Illuminate/Routing/Router.php(906): Illuminate/Routing/Router::toResponse(Object(Illuminate/Http/Request), Object(Illuminate/View/View))
#9 E:/website_trangsuc/laptrinhweb_thi_website_trangsuc/vendor/laravel/framework/src/Illuminate/Routing/Router.php(821): Illuminate/Routing/Router->prepareResponse(Object(Illuminate/Http/Request), Object(Illuminate/View/View))
#10 E:/website_trangsuc/laptrinhweb_thi_website_trangsuc/vendor/laravel/framework/src/Illuminate/Pipeline/Pipeline.php(180): Illuminate/Routing/Router->Illuminate/Routing/{closure}(Object(Illuminate/Http/Request))
#11 E:/website_trangsuc/laptrinhweb_thi_website_trangsuc/vendor/laravel/framework/src/Illuminate/Routing/Middleware/SubstituteBindings.php(50): Illuminate/Pipeline/Pipeline->Illuminate/Pipeline/{closure}(Object(Illuminate/Http/Request))
#12 E:/website_trangsuc/laptrinhweb_thi_website_trangsuc/vendor/laravel/framework/src/Illuminate/Pipeline/Pipeline.php(219): Illuminate/Routing/Middleware/SubstituteBindings->handle(Object(Illuminate/Http/Request), Object(Closure))
#13 E:/website_trangsuc/laptrinhweb_thi_website_trangsuc/vendor/laravel/framework/src/Illuminate/Foundation/Http/Middleware/VerifyCsrfToken.php(87): Illuminate/Pipeline/Pipeline->Illuminate/Pipeline/{closure}(Object(Illuminate/Http/Request))
#14 E:/website_trangsuc/laptrinhweb_thi_website_trangsuc/vendor/laravel/framework/src/Illuminate/Pipeline/Pipeline.php(219): Illuminate/Foundation/Http/Middleware/VerifyCsrfToken->handle(Object(Illuminate/Http/Request), Object(Closure))
#15 E:/website_trangsuc/laptrinhweb_thi_website_trangsuc/vendor/laravel/framework/src/Illuminate/View/Middleware/ShareErrorsFromSession.php(48): Illuminate/Pipeline/Pipeline->Illuminate/Pipeline/{closure}(Object(Illuminate/Http/Request))
#16 E:/website_trangsuc/laptrinhweb_thi_website_trangsuc/vendor/laravel/framework/src/Illuminate/Pipeline/Pipeline.php(219): Illuminate/View/Middleware/ShareErrorsFromSession->handle(Object(Illuminate/Http/Request), Object(Closure))
#17 E:/website_trangsuc/laptrinhweb_thi_website_trangsuc/vendor/laravel/framework/src/Illuminate/Session/Middleware/StartSession.php(120): Illuminate/Pipeline/Pipeline->Illuminate/Pipeline/{closure}(Object(Illuminate/Http/Request))
#18 E:/website_trangsuc/laptrinhweb_thi_website_trangsuc/vendor/laravel/framework/src/Illuminate/Session/Middleware/StartSession.php(63): Illuminate/Session/Middleware/StartSession->handleStatefulRequest(Object(Illuminate/Http/Request), Object(Illuminate/Session/Store), Object(Closure))
#19 E:/website_trangsuc/laptrinhweb_thi_website_trangsuc/vendor/laravel/framework/src/Illuminate/Pipeline/Pipeline.php(219): Illuminate/Session/Middleware/StartSession->handle(Object(Illuminate/Http/Request), Object(Closure))
#20 E:/website_trangsuc/laptrinhweb_thi_website_trangsuc/vendor/laravel/framework/src/Illuminate/Cookie/Middleware/AddQueuedCookiesToResponse.php(36): Illuminate/Pipeline/Pipeline->Illuminate/Pipeline/{closure}(Object(Illuminate/Http/Request))
#21 E:/website_trangsuc/laptrinhweb_thi_website_trangsuc/vendor/laravel/framework/src/Illuminate/Pipeline/Pipeline.php(219): Illuminate/Cookie/Middleware/AddQueuedCookiesToResponse->handle(Object(Illuminate/Http/Request), Object(Closure))
#22 E:/website_trangsuc/laptrinhweb_thi_website_trangsuc/vendor/laravel/framework/src/Illuminate/Cookie/Middleware/EncryptCookies.php(74): Illuminate/Pipeline/Pipeline->Illuminate/Pipeline/{closure}(Object(Illuminate/Http/Request))
#23 E:/website_trangsuc/laptrinhweb_thi_website_trangsuc/vendor/laravel/framework/src/Illuminate/Pipeline/Pipeline.php(219): Illuminate/Cookie/Middleware/EncryptCookies->handle(Object(Illuminate/Http/Request), Object(Closure))
#24 E:/website_trangsuc/laptrinhweb_thi_website_trangsuc/vendor/laravel/framework/src/Illuminate/Pipeline/Pipeline.php(137): Illuminate/Pipeline/Pipeline->Illuminate/Pipeline/{closure}(Object(Illuminate/Http/Request))
#25 E:/website_trangsuc/laptrinhweb_thi_website_trangsuc/vendor/laravel/framework/src/Illuminate/Routing/Router.php(821): Illuminate/Pipeline/Pipeline->then(Object(Closure))
#26 E:/website_trangsuc/laptrinhweb_thi_website_trangsuc/vendor/laravel/framework/src/Illuminate/Routing/Router.php(800): Illuminate/Routing/Router->runRouteWithinStack(Object(Illuminate/Routing/Route), Object(Illuminate/Http/Request))
#27 E:/website_trangsuc/laptrinhweb_thi_website_trangsuc/vendor/laravel/framework/src/Illuminate/Routing/Router.php(764): Illuminate/Routing/Router->runRoute(Object(Illuminate/Http/Request), Object(Illuminate/Routing/Route))
#28 E:/website_trangsuc/laptrinhweb_thi_website_trangsuc/vendor/laravel/framework/src/Illuminate/Routing/Router.php(753): Illuminate/Routing/Router->dispatchToRoute(Object(Illuminate/Http/Request))
#29 E:/website_trangsuc/laptrinhweb_thi_website_trangsuc/vendor/laravel/framework/src/Illuminate/Foundation/Http/Kernel.php(200): Illuminate/Routing/Router->dispatch(Object(Illuminate/Http/Request))
#30 E:/website_trangsuc/laptrinhweb_thi_website_trangsuc/vendor/laravel/framework/src/Illuminate/Pipeline/Pipeline.php(180): Illuminate/Foundation/Http/Kernel->Illuminate/Foundation/Http/{closure}(Object(Illuminate/Http/Request))
#31 E:/website_trangsuc/laptrinhweb_thi_website_trangsuc/vendor/laravel/framework/src/Illuminate/Foundation/Http/Middleware/TransformsRequest.php(21): Illuminate/Pipeline/Pipeline->Illuminate/Pipeline/{closure}(Object(Illuminate/Http/Request))
#32 E:/website_trangsuc/laptrinhweb_thi_website_trangsuc/vendor/laravel/framework/src/Illuminate/Foundation/Http/Middleware/ConvertEmptyStringsToNull.php(31): Illuminate/Foundation/Http/Middleware/TransformsRequest->handle(Object(Illuminate/Http/Request), Object(Closure))
#33 E:/website_trangsuc/laptrinhweb_thi_website_trangsuc/vendor/laravel/framework/src/Illuminate/Pipeline/Pipeline.php(219): Illuminate/Foundation/Http/Middleware/ConvertEmptyStringsToNull->handle(Object(Illuminate/Http/Request), Object(Closure))
#34 E:/website_trangsuc/laptrinhweb_thi_website_trangsuc/vendor/laravel/framework/src/Illuminate/Foundation/Http/Middleware/TransformsRequest.php(21): Illuminate/Pipeline/Pipeline->Illuminate/Pipeline/{closure}(Object(Illuminate/Http/Request))
#35 E:/website_trangsuc/laptrinhweb_thi_website_trangsuc/vendor/laravel/framework/src/Illuminate/Foundation/Http/Middleware/TrimStrings.php(51): Illuminate/Foundation/Http/Middleware/TransformsRequest->handle(Object(Illuminate/Http/Request), Object(Closure))
#36 E:/website_trangsuc/laptrinhweb_thi_website_trangsuc/vendor/laravel/framework/src/Illuminate/Pipeline/Pipeline.php(219): Illuminate/Foundation/Http/Middleware/TrimStrings->handle(Object(Illuminate/Http/Request), Object(Closure))
#37 E:/website_trangsuc/laptrinhweb_thi_website_trangsuc/vendor/laravel/framework/src/Illuminate/Http/Middleware/ValidatePostSize.php(27): Illuminate/Pipeline/Pipeline->Illuminate/Pipeline/{closure}(Object(Illuminate/Http/Request))
#38 E:/website_trangsuc/laptrinhweb_thi_website_trangsuc/vendor/laravel/framework/src/Illuminate/Pipeline/Pipeline.php(219): Illuminate/Http/Middleware/ValidatePostSize->handle(Object(Illuminate/Http/Request), Object(Closure))
#39 E:/website_trangsuc/laptrinhweb_thi_website_trangsuc/vendor/laravel/framework/src/Illuminate/Foundation/Http/Middleware/PreventRequestsDuringMaintenance.php(109): Illuminate/Pipeline/Pipeline->Illuminate/Pipeline/{closure}(Object(Illuminate/Http/Request))
#40 E:/website_trangsuc/laptrinhweb_thi_website_trangsuc/vendor/laravel/framework/src/Illuminate/Pipeline/Pipeline.php(219): Illuminate/Foundation/Http/Middleware/PreventRequestsDuringMaintenance->handle(Object(Illuminate/Http/Request), Object(Closure))
#41 E:/website_trangsuc/laptrinhweb_thi_website_trangsuc/vendor/laravel/framework/src/Illuminate/Http/Middleware/HandleCors.php(61): Illuminate/Pipeline/Pipeline->Illuminate/Pipeline/{closure}(Object(Illuminate/Http/Request))
#42 E:/website_trangsuc/laptrinhweb_thi_website_trangsuc/vendor/laravel/framework/src/Illuminate/Pipeline/Pipeline.php(219): Illuminate/Http/Middleware/HandleCors->handle(Object(Illuminate/Http/Request), Object(Closure))
#43 E:/website_trangsuc/laptrinhweb_thi_website_trangsuc/vendor/laravel/framework/src/Illuminate/Http/Middleware/TrustProxies.php(58): Illuminate/Pipeline/Pipeline->Illuminate/Pipeline/{closure}(Object(Illuminate/Http/Request))
#44 E:/website_trangsuc/laptrinhweb_thi_website_trangsuc/vendor/laravel/framework/src/Illuminate/Pipeline/Pipeline.php(219): Illuminate/Http/Middleware/TrustProxies->handle(Object(Illuminate/Http/Request), Object(Closure))
#45 E:/website_trangsuc/laptrinhweb_thi_website_trangsuc/vendor/laravel/framework/src/Illuminate/Foundation/Http/Middleware/InvokeDeferredCallbacks.php(22): Illuminate/Pipeline/Pipeline->Illuminate/Pipeline/{closure}(Object(Illuminate/Http/Request))
#46 E:/website_trangsuc/laptrinhweb_thi_website_trangsuc/vendor/laravel/framework/src/Illuminate/Pipeline/Pipeline.php(219): Illuminate/Foundation/Http/Middleware/InvokeDeferredCallbacks->handle(Object(Illuminate/Http/Request), Object(Closure))
#47 E:/website_trangsuc/laptrinhweb_thi_website_trangsuc/vendor/laravel/framework/src/Illuminate/Http/Middleware/ValidatePathEncoding.php(26): Illuminate/Pipeline/Pipeline->Illuminate/Pipeline/{closure}(Object(Illuminate/Http/Request))
#48 E:/website_trangsuc/laptrinhweb_thi_website_trangsuc/vendor/laravel/framework/src/Illuminate/Pipeline/Pipeline.php(219): Illuminate/Http/Middleware/ValidatePathEncoding->handle(Object(Illuminate/Http/Request), Object(Closure))
#49 E:/website_trangsuc/laptrinhweb_thi_website_trangsuc/vendor/laravel/framework/src/Illuminate/Pipeline/Pipeline.php(137): Illuminate/Pipeline/Pipeline->Illuminate/Pipeline/{closure}(Object(Illuminate/Http/Request))
#50 E:/website_trangsuc/laptrinhweb_thi_website_trangsuc/vendor/laravel/framework/src/Illuminate/Foundation/Http/Kernel.php(175): Illuminate/Pipeline/Pipeline->then(Object(Closure))
#51 E:/website_trangsuc/laptrinhweb_thi_website_trangsuc/vendor/laravel/framework/src/Illuminate/Foundation/Http/Kernel.php(144): Illuminate/Foundation/Http/Kernel->sendRequestThroughRouter(Object(Illuminate/Http/Request))
#52 E:/website_trangsuc/laptrinhweb_thi_website_trangsuc/vendor/laravel/framework/src/Illuminate/Foundation/Application.php(1220): Illuminate/Foundation/Http/Kernel->handle(Object(Illuminate/Http/Request))
#53 E:/website_trangsuc/laptrinhweb_thi_website_trangsuc/public/index.php(20): Illuminate/Foundation/Application->handleRequest(Object(Illuminate/Http/Request))
#54 E:/website_trangsuc/laptrinhweb_thi_website_trangsuc/vendor/laravel/framework/src/Illuminate/Foundation/resources/server.php(23): require_once('E://website_tran...')
#55 {main}

[previous exception] [object] (Illuminate\\View\\ViewException(code: 0): syntax error, unexpected token \"endif\", expecting end of file (View: E:\\website_trangsuc\\laptrinhweb_thi_website_trangsuc\\resources\\views\\partials\\header.blade.php) (View: E:\\website_trangsuc\\laptrinhweb_thi_website_trangsuc\\resources\\views\\partials\\header.blade.php) at E:/website_trangsuc/laptrinhweb_thi_website_trangsuc/storage/framework/views/7096621760d82c808dcefa7427f14a3b.php:22)
[stacktrace]
#0 E:/website_trangsuc/laptrinhweb_thi_website_trangsuc/vendor/laravel/framework/src/Illuminate/View/Engines/PhpEngine.php(59): Illuminate/View/Engines/CompilerEngine->handleViewException(Object(Illuminate/View/ViewException), 2)
#1 E:/website_trangsuc/laptrinhweb_thi_website_trangsuc/vendor/laravel/framework/src/Illuminate/View/Engines/CompilerEngine.php(76): Illuminate/View/Engines/PhpEngine->evaluatePath('E://website_tran...', Array)
#2 E:/website_trangsuc/laptrinhweb_thi_website_trangsuc/vendor/laravel/framework/src/Illuminate/View/View.php(208): Illuminate/View/Engines/CompilerEngine->get('E://website_tran...', Array)
#3 E:/website_trangsuc/laptrinhweb_thi_website_trangsuc/vendor/laravel/framework/src/Illuminate/View/View.php(191): Illuminate/View/View->getContents()
#4 E:/website_trangsuc/laptrinhweb_thi_website_trangsuc/vendor/laravel/framework/src/Illuminate/View/View.php(160): Illuminate/View/View->renderContents()
#5 E:/website_trangsuc/laptrinhweb_thi_website_trangsuc/storage/framework/views/6464a70f796b9492a1dc89a8afa00e50.php(24): Illuminate/View/View->render()
#6 E:/website_trangsuc/laptrinhweb_thi_website_trangsuc/vendor/laravel/framework/src/Illuminate/Filesystem/Filesystem.php(123): require('E://website_tran...')
#7 E:/website_trangsuc/laptrinhweb_thi_website_trangsuc/vendor/laravel/framework/src/Illuminate/Filesystem/Filesystem.php(124): Illuminate/Filesystem/Filesystem::Illuminate/Filesystem/{closure}()
#8 E:/website_trangsuc/laptrinhweb_thi_website_trangsuc/vendor/laravel/framework/src/Illuminate/View/Engines/PhpEngine.php(57): Illuminate/Filesystem/Filesystem->getRequire('E://website_tran...', Array)
#9 E:/website_trangsuc/laptrinhweb_thi_website_trangsuc/vendor/laravel/framework/src/Illuminate/View/Engines/CompilerEngine.php(76): Illuminate/View/Engines/PhpEngine->evaluatePath('E://website_tran...', Array)
#10 E:/website_trangsuc/laptrinhweb_thi_website_trangsuc/vendor/laravel/framework/src/Illuminate/View/View.php(208): Illuminate/View/Engines/CompilerEngine->get('E://website_tran...', Array)
#11 E:/website_trangsuc/laptrinhweb_thi_website_trangsuc/vendor/laravel/framework/src/Illuminate/View/View.php(191): Illuminate/View/View->getContents()
#12 E:/website_trangsuc/laptrinhweb_thi_website_trangsuc/vendor/laravel/framework/src/Illuminate/View/View.php(160): Illuminate/View/View->renderContents()
#13 E:/website_trangsuc/laptrinhweb_thi_website_trangsuc/vendor/laravel/framework/src/Illuminate/Http/Response.php(78): Illuminate/View/View->render()
#14 E:/website_trangsuc/laptrinhweb_thi_website_trangsuc/vendor/laravel/framework/src/Illuminate/Http/Response.php(34): Illuminate/Http/Response->setContent(Object(Illuminate/View/View))
#15 E:/website_trangsuc/laptrinhweb_thi_website_trangsuc/vendor/laravel/framework/src/Illuminate/Routing/Router.php(939): Illuminate/Http/Response->__construct(Object(Illuminate/View/View), 200, Array)
#16 E:/website_trangsuc/laptrinhweb_thi_website_trangsuc/vendor/laravel/framework/src/Illuminate/Routing/Router.php(906): Illuminate/Routing/Router::toResponse(Object(Illuminate/Http/Request), Object(Illuminate/View/View))
#17 E:/website_trangsuc/laptrinhweb_thi_website_trangsuc/vendor/laravel/framework/src/Illuminate/Routing/Router.php(821): Illuminate/Routing/Router->prepareResponse(Object(Illuminate/Http/Request), Object(Illuminate/View/View))
#18 E:/website_trangsuc/laptrinhweb_thi_website_trangsuc/vendor/laravel/framework/src/Illuminate/Pipeline/Pipeline.php(180): Illuminate/Routing/Router->Illuminate/Routing/{closure}(Object(Illuminate/Http/Request))
#19 E:/website_trangsuc/laptrinhweb_thi_website_trangsuc/vendor/laravel/framework/src/Illuminate/Routing/Middleware/SubstituteBindings.php(50): Illuminate/Pipeline/Pipeline->Illuminate/Pipeline/{closure}(Object(Illuminate/Http/Request))
#20 E:/website_trangsuc/laptrinhweb_thi_website_trangsuc/vendor/laravel/framework/src/Illuminate/Pipeline/Pipeline.php(219): Illuminate/Routing/Middleware/SubstituteBindings->handle(Object(Illuminate/Http/Request), Object(Closure))
#21 E:/website_trangsuc/laptrinhweb_thi_website_trangsuc/vendor/laravel/framework/src/Illuminate/Foundation/Http/Middleware/VerifyCsrfToken.php(87): Illuminate/Pipeline/Pipeline->Illuminate/Pipeline/{closure}(Object(Illuminate/Http/Request))
#22 E:/website_trangsuc/laptrinhweb_thi_website_trangsuc/vendor/laravel/framework/src/Illuminate/Pipeline/Pipeline.php(219): Illuminate/Foundation/Http/Middleware/VerifyCsrfToken->handle(Object(Illuminate/Http/Request), Object(Closure))
#23 E:/website_trangsuc/laptrinhweb_thi_website_trangsuc/vendor/laravel/framework/src/Illuminate/View/Middleware/ShareErrorsFromSession.php(48): Illuminate/Pipeline/Pipeline->Illuminate/Pipeline/{closure}(Object(Illuminate/Http/Request))
#24 E:/website_trangsuc/laptrinhweb_thi_website_trangsuc/vendor/laravel/framework/src/Illuminate/Pipeline/Pipeline.php(219): Illuminate/View/Middleware/ShareErrorsFromSession->handle(Object(Illuminate/Http/Request), Object(Closure))
#25 E:/website_trangsuc/laptrinhweb_thi_website_trangsuc/vendor/laravel/framework/src/Illuminate/Session/Middleware/StartSession.php(120): Illuminate/Pipeline/Pipeline->Illuminate/Pipeline/{closure}(Object(Illuminate/Http/Request))
#26 E:/website_trangsuc/laptrinhweb_thi_website_trangsuc/vendor/laravel/framework/src/Illuminate/Session/Middleware/StartSession.php(63): Illuminate/Session/Middleware/StartSession->handleStatefulRequest(Object(Illuminate/Http/Request), Object(Illuminate/Session/Store), Object(Closure))
#27 E:/website_trangsuc/laptrinhweb_thi_website_trangsuc/vendor/laravel/framework/src/Illuminate/Pipeline/Pipeline.php(219): Illuminate/Session/Middleware/StartSession->handle(Object(Illuminate/Http/Request), Object(Closure))
#28 E:/website_trangsuc/laptrinhweb_thi_website_trangsuc/vendor/laravel/framework/src/Illuminate/Cookie/Middleware/AddQueuedCookiesToResponse.php(36): Illuminate/Pipeline/Pipeline->Illuminate/Pipeline/{closure}(Object(Illuminate/Http/Request))
#29 E:/website_trangsuc/laptrinhweb_thi_website_trangsuc/vendor/laravel/framework/src/Illuminate/Pipeline/Pipeline.php(219): Illuminate/Cookie/Middleware/AddQueuedCookiesToResponse->handle(Object(Illuminate/Http/Request), Object(Closure))
#30 E:/website_trangsuc/laptrinhweb_thi_website_trangsuc/vendor/laravel/framework/src/Illuminate/Cookie/Middleware/EncryptCookies.php(74): Illuminate/Pipeline/Pipeline->Illuminate/Pipeline/{closure}(Object(Illuminate/Http/Request))
#31 E:/website_trangsuc/laptrinhweb_thi_website_trangsuc/vendor/laravel/framework/src/Illuminate/Pipeline/Pipeline.php(219): Illuminate/Cookie/Middleware/EncryptCookies->handle(Object(Illuminate/Http/Request), Object(Closure))
#32 E:/website_trangsuc/laptrinhweb_thi_website_trangsuc/vendor/laravel/framework/src/Illuminate/Pipeline/Pipeline.php(137): Illuminate/Pipeline/Pipeline->Illuminate/Pipeline/{closure}(Object(Illuminate/Http/Request))
#33 E:/website_trangsuc/laptrinhweb_thi_website_trangsuc/vendor/laravel/framework/src/Illuminate/Routing/Router.php(821): Illuminate/Pipeline/Pipeline->then(Object(Closure))
#34 E:/website_trangsuc/laptrinhweb_thi_website_trangsuc/vendor/laravel/framework/src/Illuminate/Routing/Router.php(800): Illuminate/Routing/Router->runRouteWithinStack(Object(Illuminate/Routing/Route), Object(Illuminate/Http/Request))
#35 E:/website_trangsuc/laptrinhweb_thi_website_trangsuc/vendor/laravel/framework/src/Illuminate/Routing/Router.php(764): Illuminate/Routing/Router->runRoute(Object(Illuminate/Http/Request), Object(Illuminate/Routing/Route))
#36 E:/website_trangsuc/laptrinhweb_thi_website_trangsuc/vendor/laravel/framework/src/Illuminate/Routing/Router.php(753): Illuminate/Routing/Router->dispatchToRoute(Object(Illuminate/Http/Request))
#37 E:/website_trangsuc/laptrinhweb_thi_website_trangsuc/vendor/laravel/framework/src/Illuminate/Foundation/Http/Kernel.php(200): Illuminate/Routing/Router->dispatch(Object(Illuminate/Http/Request))
#38 E:/website_trangsuc/laptrinhweb_thi_website_trangsuc/vendor/laravel/framework/src/Illuminate/Pipeline/Pipeline.php(180): Illuminate/Foundation/Http/Kernel->Illuminate/Foundation/Http/{closure}(Object(Illuminate/Http/Request))
#39 E:/website_trangsuc/laptrinhweb_thi_website_trangsuc/vendor/laravel/framework/src/Illuminate/Foundation/Http/Middleware/TransformsRequest.php(21): Illuminate/Pipeline/Pipeline->Illuminate/Pipeline/{closure}(Object(Illuminate/Http/Request))
#40 E:/website_trangsuc/laptrinhweb_thi_website_trangsuc/vendor/laravel/framework/src/Illuminate/Foundation/Http/Middleware/ConvertEmptyStringsToNull.php(31): Illuminate/Foundation/Http/Middleware/TransformsRequest->handle(Object(Illuminate/Http/Request), Object(Closure))
#41 E:/website_trangsuc/laptrinhweb_thi_website_trangsuc/vendor/laravel/framework/src/Illuminate/Pipeline/Pipeline.php(219): Illuminate/Foundation/Http/Middleware/ConvertEmptyStringsToNull->handle(Object(Illuminate/Http/Request), Object(Closure))
#42 E:/website_trangsuc/laptrinhweb_thi_website_trangsuc/vendor/laravel/framework/src/Illuminate/Foundation/Http/Middleware/TransformsRequest.php(21): Illuminate/Pipeline/Pipeline->Illuminate/Pipeline/{closure}(Object(Illuminate/Http/Request))
#43 E:/website_trangsuc/laptrinhweb_thi_website_trangsuc/vendor/laravel/framework/src/Illuminate/Foundation/Http/Middleware/TrimStrings.php(51): Illuminate/Foundation/Http/Middleware/TransformsRequest->handle(Object(Illuminate/Http/Request), Object(Closure))
#44 E:/website_trangsuc/laptrinhweb_thi_website_trangsuc/vendor/laravel/framework/src/Illuminate/Pipeline/Pipeline.php(219): Illuminate/Foundation/Http/Middleware/TrimStrings->handle(Object(Illuminate/Http/Request), Object(Closure))
#45 E:/website_trangsuc/laptrinhweb_thi_website_trangsuc/vendor/laravel/framework/src/Illuminate/Http/Middleware/ValidatePostSize.php(27): Illuminate/Pipeline/Pipeline->Illuminate/Pipeline/{closure}(Object(Illuminate/Http/Request))
#46 E:/website_trangsuc/laptrinhweb_thi_website_trangsuc/vendor/laravel/framework/src/Illuminate/Pipeline/Pipeline.php(219): Illuminate/Http/Middleware/ValidatePostSize->handle(Object(Illuminate/Http/Request), Object(Closure))
#47 E:/website_trangsuc/laptrinhweb_thi_website_trangsuc/vendor/laravel/framework/src/Illuminate/Foundation/Http/Middleware/PreventRequestsDuringMaintenance.php(109): Illuminate/Pipeline/Pipeline->Illuminate/Pipeline/{closure}(Object(Illuminate/Http/Request))
#48 E:/website_trangsuc/laptrinhweb_thi_website_trangsuc/vendor/laravel/framework/src/Illuminate/Pipeline/Pipeline.php(219): Illuminate/Foundation/Http/Middleware/PreventRequestsDuringMaintenance->handle(Object(Illuminate/Http/Request), Object(Closure))
#49 E:/website_trangsuc/laptrinhweb_thi_website_trangsuc/vendor/laravel/framework/src/Illuminate/Http/Middleware/HandleCors.php(61): Illuminate/Pipeline/Pipeline->Illuminate/Pipeline/{closure}(Object(Illuminate/Http/Request))
#50 E:/website_trangsuc/laptrinhweb_thi_website_trangsuc/vendor/laravel/framework/src/Illuminate/Pipeline/Pipeline.php(219): Illuminate/Http/Middleware/HandleCors->handle(Object(Illuminate/Http/Request), Object(Closure))
#51 E:/website_trangsuc/laptrinhweb_thi_website_trangsuc/vendor/laravel/framework/src/Illuminate/Http/Middleware/TrustProxies.php(58): Illuminate/Pipeline/Pipeline->Illuminate/Pipeline/{closure}(Object(Illuminate/Http/Request))
#52 E:/website_trangsuc/laptrinhweb_thi_website_trangsuc/vendor/laravel/framework/src/Illuminate/Pipeline/Pipeline.php(219): Illuminate/Http/Middleware/TrustProxies->handle(Object(Illuminate/Http/Request), Object(Closure))
#53 E:/website_trangsuc/laptrinhweb_thi_website_trangsuc/vendor/laravel/framework/src/Illuminate/Foundation/Http/Middleware/InvokeDeferredCallbacks.php(22): Illuminate/Pipeline/Pipeline->Illuminate/Pipeline/{closure}(Object(Illuminate/Http/Request))
#54 E:/website_trangsuc/laptrinhweb_thi_website_trangsuc/vendor/laravel/framework/src/Illuminate/Pipeline/Pipeline.php(219): Illuminate/Foundation/Http/Middleware/InvokeDeferredCallbacks->handle(Object(Illuminate/Http/Request), Object(Closure))
#55 E:/website_trangsuc/laptrinhweb_thi_website_trangsuc/vendor/laravel/framework/src/Illuminate/Http/Middleware/ValidatePathEncoding.php(26): Illuminate/Pipeline/Pipeline->Illuminate/Pipeline/{closure}(Object(Illuminate/Http/Request))
#56 E:/website_trangsuc/laptrinhweb_thi_website_trangsuc/vendor/laravel/framework/src/Illuminate/Pipeline/Pipeline.php(219): Illuminate/Http/Middleware/ValidatePathEncoding->handle(Object(Illuminate/Http/Request), Object(Closure))
#57 E:/website_trangsuc/laptrinhweb_thi_website_trangsuc/vendor/laravel/framework/src/Illuminate/Pipeline/Pipeline.php(137): Illuminate/Pipeline/Pipeline->Illuminate/Pipeline/{closure}(Object(Illuminate/Http/Request))
#58 E:/website_trangsuc/laptrinhweb_thi_website_trangsuc/vendor/laravel/framework/src/Illuminate/Foundation/Http/Kernel.php(175): Illuminate/Pipeline/Pipeline->then(Object(Closure))
#59 E:/website_trangsuc/laptrinhweb_thi_website_trangsuc/vendor/laravel/framework/src/Illuminate/Foundation/Http/Kernel.php(144): Illuminate/Foundation/Http/Kernel->sendRequestThroughRouter(Object(Illuminate/Http/Request))
#60 E:/website_trangsuc/laptrinhweb_thi_website_trangsuc/vendor/laravel/framework/src/Illuminate/Foundation/Application.php(1220): Illuminate/Foundation/Http/Kernel->handle(Object(Illuminate/Http/Request))
#61 E:/website_trangsuc/laptrinhweb_thi_website_trangsuc/public/index.php(20): Illuminate/Foundation/Application->handleRequest(Object(Illuminate/Http/Request))
#62 E:/website_trangsuc/laptrinhweb_thi_website_trangsuc/vendor/laravel/framework/src/Illuminate/Foundation/resources/server.php(23): require_once('E://website_tran...')
#63 {main}

[previous exception] [object] (Illuminate\\View\\ViewException(code: 0): syntax error, unexpected token \"endif\", expecting end of file (View: E:\\website_trangsuc\\laptrinhweb_thi_website_trangsuc\\resources\\views\\partials\\header.blade.php) at E:/website_trangsuc/laptrinhweb_thi_website_trangsuc/storage/framework/views/7096621760d82c808dcefa7427f14a3b.php:22)
[stacktrace]
#0 E:/website_trangsuc/laptrinhweb_thi_website_trangsuc/vendor/laravel/framework/src/Illuminate/View/Engines/PhpEngine.php(59): Illuminate/View/Engines/CompilerEngine->handleViewException(Object(ParseError), 3)
#1 E:/website_trangsuc/laptrinhweb_thi_website_trangsuc/vendor/laravel/framework/src/Illuminate/View/Engines/CompilerEngine.php(76): Illuminate/View/Engines/PhpEngine->evaluatePath('E://website_tran...', Array)
#2 E:/website_trangsuc/laptrinhweb_thi_website_trangsuc/vendor/laravel/framework/src/Illuminate/View/View.php(208): Illuminate/View/Engines/CompilerEngine->get('E://website_tran...', Array)
#3 E:/website_trangsuc/laptrinhweb_thi_website_trangsuc/vendor/laravel/framework/src/Illuminate/View/View.php(191): Illuminate/View/View->getContents()
#4 E:/website_trangsuc/laptrinhweb_thi_website_trangsuc/vendor/laravel/framework/src/Illuminate/View/View.php(160): Illuminate/View/View->renderContents()
#5 E:/website_trangsuc/laptrinhweb_thi_website_trangsuc/storage/framework/views/dfcf19d923680090cce472b959f6b4d3.php(18): Illuminate/View/View->render()
#6 E:/website_trangsuc/laptrinhweb_thi_website_trangsuc/vendor/laravel/framework/src/Illuminate/Filesystem/Filesystem.php(123): require('E://website_tran...')
#7 E:/website_trangsuc/laptrinhweb_thi_website_trangsuc/vendor/laravel/framework/src/Illuminate/Filesystem/Filesystem.php(124): Illuminate/Filesystem/Filesystem::Illuminate/Filesystem/{closure}()
#8 E:/website_trangsuc/laptrinhweb_thi_website_trangsuc/vendor/laravel/framework/src/Illuminate/View/Engines/PhpEngine.php(57): Illuminate/Filesystem/Filesystem->getRequire('E://website_tran...', Array)
#9 E:/website_trangsuc/laptrinhweb_thi_website_trangsuc/vendor/laravel/framework/src/Illuminate/View/Engines/CompilerEngine.php(76): Illuminate/View/Engines/PhpEngine->evaluatePath('E://website_tran...', Array)
#10 E:/website_trangsuc/laptrinhweb_thi_website_trangsuc/vendor/laravel/framework/src/Illuminate/View/View.php(208): Illuminate/View/Engines/CompilerEngine->get('E://website_tran...', Array)
#11 E:/website_trangsuc/laptrinhweb_thi_website_trangsuc/vendor/laravel/framework/src/Illuminate/View/View.php(191): Illuminate/View/View->getContents()
#12 E:/website_trangsuc/laptrinhweb_thi_website_trangsuc/vendor/laravel/framework/src/Illuminate/View/View.php(160): Illuminate/View/View->renderContents()
#13 E:/website_trangsuc/laptrinhweb_thi_website_trangsuc/storage/framework/views/6464a70f796b9492a1dc89a8afa00e50.php(24): Illuminate/View/View->render()
#14 E:/website_trangsuc/laptrinhweb_thi_website_trangsuc/vendor/laravel/framework/src/Illuminate/Filesystem/Filesystem.php(123): require('E://website_tran...')
#15 E:/website_trangsuc/laptrinhweb_thi_website_trangsuc/vendor/laravel/framework/src/Illuminate/Filesystem/Filesystem.php(124): Illuminate/Filesystem/Filesystem::Illuminate/Filesystem/{closure}()
#16 E:/website_trangsuc/laptrinhweb_thi_website_trangsuc/vendor/laravel/framework/src/Illuminate/View/Engines/PhpEngine.php(57): Illuminate/Filesystem/Filesystem->getRequire('E://website_tran...', Array)
#17 E:/website_trangsuc/laptrinhweb_thi_website_trangsuc/vendor/laravel/framework/src/Illuminate/View/Engines/CompilerEngine.php(76): Illuminate/View/Engines/PhpEngine->evaluatePath('E://website_tran...', Array)
#18 E:/website_trangsuc/laptrinhweb_thi_website_trangsuc/vendor/laravel/framework/src/Illuminate/View/View.php(208): Illuminate/View/Engines/CompilerEngine->get('E://website_tran...', Array)
#19 E:/website_trangsuc/laptrinhweb_thi_website_trangsuc/vendor/laravel/framework/src/Illuminate/View/View.php(191): Illuminate/View/View->getContents()
#20 E:/website_trangsuc/laptrinhweb_thi_website_trangsuc/vendor/laravel/framework/src/Illuminate/View/View.php(160): Illuminate/View/View->renderContents()
#21 E:/website_trangsuc/laptrinhweb_thi_website_trangsuc/vendor/laravel/framework/src/Illuminate/Http/Response.php(78): Illuminate/View/View->render()
#22 E:/website_trangsuc/laptrinhweb_thi_website_trangsuc/vendor/laravel/framework/src/Illuminate/Http/Response.php(34): Illuminate/Http/Response->setContent(Object(Illuminate/View/View))
#23 E:/website_trangsuc/laptrinhweb_thi_website_trangsuc/vendor/laravel/framework/src/Illuminate/Routing/Router.php(939): Illuminate/Http/Response->__construct(Object(Illuminate/View/View), 200, Array)
#24 E:/website_trangsuc/laptrinhweb_thi_website_trangsuc/vendor/laravel/framework/src/Illuminate/Routing/Router.php(906): Illuminate/Routing/Router::toResponse(Object(Illuminate/Http/Request), Object(Illuminate/View/View))
#25 E:/website_trangsuc/laptrinhweb_thi_website_trangsuc/vendor/laravel/framework/src/Illuminate/Routing/Router.php(821): Illuminate/Routing/Router->prepareResponse(Object(Illuminate/Http/Request), Object(Illuminate/View/View))
#26 E:/website_trangsuc/laptrinhweb_thi_website_trangsuc/vendor/laravel/framework/src/Illuminate/Pipeline/Pipeline.php(180): Illuminate/Routing/Router->Illuminate/Routing/{closure}(Object(Illuminate/Http/Request))
#27 E:/website_trangsuc/laptrinhweb_thi_website_trangsuc/vendor/laravel/framework/src/Illuminate/Routing/Middleware/SubstituteBindings.php(50): Illuminate/Pipeline/Pipeline->Illuminate/Pipeline/{closure}(Object(Illuminate/Http/Request))
#28 E:/website_trangsuc/laptrinhweb_thi_website_trangsuc/vendor/laravel/framework/src/Illuminate/Pipeline/Pipeline.php(219): Illuminate/Routing/Middleware/SubstituteBindings->handle(Object(Illuminate/Http/Request), Object(Closure))
#29 E:/website_trangsuc/laptrinhweb_thi_website_trangsuc/vendor/laravel/framework/src/Illuminate/Foundation/Http/Middleware/VerifyCsrfToken.php(87): Illuminate/Pipeline/Pipeline->Illuminate/Pipeline/{closure}(Object(Illuminate/Http/Request))
#30 E:/website_trangsuc/laptrinhweb_thi_website_trangsuc/vendor/laravel/framework/src/Illuminate/Pipeline/Pipeline.php(219): Illuminate/Foundation/Http/Middleware/VerifyCsrfToken->handle(Object(Illuminate/Http/Request), Object(Closure))
#31 E:/website_trangsuc/laptrinhweb_thi_website_trangsuc/vendor/laravel/framework/src/Illuminate/View/Middleware/ShareErrorsFromSession.php(48): Illuminate/Pipeline/Pipeline->Illuminate/Pipeline/{closure}(Object(Illuminate/Http/Request))
#32 E:/website_trangsuc/laptrinhweb_thi_website_trangsuc/vendor/laravel/framework/src/Illuminate/Pipeline/Pipeline.php(219): Illuminate/View/Middleware/ShareErrorsFromSession->handle(Object(Illuminate/Http/Request), Object(Closure))
#33 E:/website_trangsuc/laptrinhweb_thi_website_trangsuc/vendor/laravel/framework/src/Illuminate/Session/Middleware/StartSession.php(120): Illuminate/Pipeline/Pipeline->Illuminate/Pipeline/{closure}(Object(Illuminate/Http/Request))
#34 E:/website_trangsuc/laptrinhweb_thi_website_trangsuc/vendor/laravel/framework/src/Illuminate/Session/Middleware/StartSession.php(63): Illuminate/Session/Middleware/StartSession->handleStatefulRequest(Object(Illuminate/Http/Request), Object(Illuminate/Session/Store), Object(Closure))
#35 E:/website_trangsuc/laptrinhweb_thi_website_trangsuc/vendor/laravel/framework/src/Illuminate/Pipeline/Pipeline.php(219): Illuminate/Session/Middleware/StartSession->handle(Object(Illuminate/Http/Request), Object(Closure))
#36 E:/website_trangsuc/laptrinhweb_thi_website_trangsuc/vendor/laravel/framework/src/Illuminate/Cookie/Middleware/AddQueuedCookiesToResponse.php(36): Illuminate/Pipeline/Pipeline->Illuminate/Pipeline/{closure}(Object(Illuminate/Http/Request))
#37 E:/website_trangsuc/laptrinhweb_thi_website_trangsuc/vendor/laravel/framework/src/Illuminate/Pipeline/Pipeline.php(219): Illuminate/Cookie/Middleware/AddQueuedCookiesToResponse->handle(Object(Illuminate/Http/Request), Object(Closure))
#38 E:/website_trangsuc/laptrinhweb_thi_website_trangsuc/vendor/laravel/framework/src/Illuminate/Cookie/Middleware/EncryptCookies.php(74): Illuminate/Pipeline/Pipeline->Illuminate/Pipeline/{closure}(Object(Illuminate/Http/Request))
#39 E:/website_trangsuc/laptrinhweb_thi_website_trangsuc/vendor/laravel/framework/src/Illuminate/Pipeline/Pipeline.php(219): Illuminate/Cookie/Middleware/EncryptCookies->handle(Object(Illuminate/Http/Request), Object(Closure))
#40 E:/website_trangsuc/laptrinhweb_thi_website_trangsuc/vendor/laravel/framework/src/Illuminate/Pipeline/Pipeline.php(137): Illuminate/Pipeline/Pipeline->Illuminate/Pipeline/{closure}(Object(Illuminate/Http/Request))
#41 E:/website_trangsuc/laptrinhweb_thi_website_trangsuc/vendor/laravel/framework/src/Illuminate/Routing/Router.php(821): Illuminate/Pipeline/Pipeline->then(Object(Closure))
#42 E:/website_trangsuc/laptrinhweb_thi_website_trangsuc/vendor/laravel/framework/src/Illuminate/Routing/Router.php(800): Illuminate/Routing/Router->runRouteWithinStack(Object(Illuminate/Routing/Route), Object(Illuminate/Http/Request))
#43 E:/website_trangsuc/laptrinhweb_thi_website_trangsuc/vendor/laravel/framework/src/Illuminate/Routing/Router.php(764): Illuminate/Routing/Router->runRoute(Object(Illuminate/Http/Request), Object(Illuminate/Routing/Route))
#44 E:/website_trangsuc/laptrinhweb_thi_website_trangsuc/vendor/laravel/framework/src/Illuminate/Routing/Router.php(753): Illuminate/Routing/Router->dispatchToRoute(Object(Illuminate/Http/Request))
#45 E:/website_trangsuc/laptrinhweb_thi_website_trangsuc/vendor/laravel/framework/src/Illuminate/Foundation/Http/Kernel.php(200): Illuminate/Routing/Router->dispatch(Object(Illuminate/Http/Request))
#46 E:/website_trangsuc/laptrinhweb_thi_website_trangsuc/vendor/laravel/framework/src/Illuminate/Pipeline/Pipeline.php(180): Illuminate/Foundation/Http/Kernel->Illuminate/Foundation/Http/{closure}(Object(Illuminate/Http/Request))
#47 E:/website_trangsuc/laptrinhweb_thi_website_trangsuc/vendor/laravel/framework/src/Illuminate/Foundation/Http/Middleware/TransformsRequest.php(21): Illuminate/Pipeline/Pipeline->Illuminate/Pipeline/{closure}(Object(Illuminate/Http/Request))
#48 E:/website_trangsuc/laptrinhweb_thi_website_trangsuc/vendor/laravel/framework/src/Illuminate/Foundation/Http/Middleware/ConvertEmptyStringsToNull.php(31): Illuminate/Foundation/Http/Middleware/TransformsRequest->handle(Object(Illuminate/Http/Request), Object(Closure))
#49 E:/website_trangsuc/laptrinhweb_thi_website_trangsuc/vendor/laravel/framework/src/Illuminate/Pipeline/Pipeline.php(219): Illuminate/Foundation/Http/Middleware/ConvertEmptyStringsToNull->handle(Object(Illuminate/Http/Request), Object(Closure))
#50 E:/website_trangsuc/laptrinhweb_thi_website_trangsuc/vendor/laravel/framework/src/Illuminate/Foundation/Http/Middleware/TransformsRequest.php(21): Illuminate/Pipeline/Pipeline->Illuminate/Pipeline/{closure}(Object(Illuminate/Http/Request))
#51 E:/website_trangsuc/laptrinhweb_thi_website_trangsuc/vendor/laravel/framework/src/Illuminate/Foundation/Http/Middleware/TrimStrings.php(51): Illuminate/Foundation/Http/Middleware/TransformsRequest->handle(Object(Illuminate/Http/Request), Object(Closure))
#52 E:/website_trangsuc/laptrinhweb_thi_website_trangsuc/vendor/laravel/framework/src/Illuminate/Pipeline/Pipeline.php(219): Illuminate/Foundation/Http/Middleware/TrimStrings->handle(Object(Illuminate/Http/Request), Object(Closure))
#53 E:/website_trangsuc/laptrinhweb_thi_website_trangsuc/vendor/laravel/framework/src/Illuminate/Http/Middleware/ValidatePostSize.php(27): Illuminate/Pipeline/Pipeline->Illuminate/Pipeline/{closure}(Object(Illuminate/Http/Request))
#54 E:/website_trangsuc/laptrinhweb_thi_website_trangsuc/vendor/laravel/framework/src/Illuminate/Pipeline/Pipeline.php(219): Illuminate/Http/Middleware/ValidatePostSize->handle(Object(Illuminate/Http/Request), Object(Closure))
#55 E:/website_trangsuc/laptrinhweb_thi_website_trangsuc/vendor/laravel/framework/src/Illuminate/Foundation/Http/Middleware/PreventRequestsDuringMaintenance.php(109): Illuminate/Pipeline/Pipeline->Illuminate/Pipeline/{closure}(Object(Illuminate/Http/Request))
#56 E:/website_trangsuc/laptrinhweb_thi_website_trangsuc/vendor/laravel/framework/src/Illuminate/Pipeline/Pipeline.php(219): Illuminate/Foundation/Http/Middleware/PreventRequestsDuringMaintenance->handle(Object(Illuminate/Http/Request), Object(Closure))
#57 E:/website_trangsuc/laptrinhweb_thi_website_trangsuc/vendor/laravel/framework/src/Illuminate/Http/Middleware/HandleCors.php(61): Illuminate/Pipeline/Pipeline->Illuminate/Pipeline/{closure}(Object(Illuminate/Http/Request))
#58 E:/website_trangsuc/laptrinhweb_thi_website_trangsuc/vendor/laravel/framework/src/Illuminate/Pipeline/Pipeline.php(219): Illuminate/Http/Middleware/HandleCors->handle(Object(Illuminate/Http/Request), Object(Closure))
#59 E:/website_trangsuc/laptrinhweb_thi_website_trangsuc/vendor/laravel/framework/src/Illuminate/Http/Middleware/TrustProxies.php(58): Illuminate/Pipeline/Pipeline->Illuminate/Pipeline/{closure}(Object(Illuminate/Http/Request))
#60 E:/website_trangsuc/laptrinhweb_thi_website_trangsuc/vendor/laravel/framework/src/Illuminate/Pipeline/Pipeline.php(219): Illuminate/Http/Middleware/TrustProxies->handle(Object(Illuminate/Http/Request), Object(Closure))
#61 E:/website_trangsuc/laptrinhweb_thi_website_trangsuc/vendor/laravel/framework/src/Illuminate/Foundation/Http/Middleware/InvokeDeferredCallbacks.php(22): Illuminate/Pipeline/Pipeline->Illuminate/Pipeline/{closure}(Object(Illuminate/Http/Request))
#62 E:/website_trangsuc/laptrinhweb_thi_website_trangsuc/vendor/laravel/framework/src/Illuminate/Pipeline/Pipeline.php(219): Illuminate/Foundation/Http/Middleware/InvokeDeferredCallbacks->handle(Object(Illuminate/Http/Request), Object(Closure))
#63 E:/website_trangsuc/laptrinhweb_thi_website_trangsuc/vendor/laravel/framework/src/Illuminate/Http/Middleware/ValidatePathEncoding.php(26): Illuminate/Pipeline/Pipeline->Illuminate/Pipeline/{closure}(Object(Illuminate/Http/Request))
#64 E:/website_trangsuc/laptrinhweb_thi_website_trangsuc/vendor/laravel/framework/src/Illuminate/Pipeline/Pipeline.php(219): Illuminate/Http/Middleware/ValidatePathEncoding->handle(Object(Illuminate/Http/Request), Object(Closure))
#65 E:/website_trangsuc/laptrinhweb_thi_website_trangsuc/vendor/laravel/framework/src/Illuminate/Pipeline/Pipeline.php(137): Illuminate/Pipeline/Pipeline->Illuminate/Pipeline/{closure}(Object(Illuminate/Http/Request))
#66 E:/website_trangsuc/laptrinhweb_thi_website_trangsuc/vendor/laravel/framework/src/Illuminate/Foundation/Http/Kernel.php(175): Illuminate/Pipeline/Pipeline->then(Object(Closure))
#67 E:/website_trangsuc/laptrinhweb_thi_website_trangsuc/vendor/laravel/framework/src/Illuminate/Foundation/Http/Kernel.php(144): Illuminate/Foundation/Http/Kernel->sendRequestThroughRouter(Object(Illuminate/Http/Request))
#68 E:/website_trangsuc/laptrinhweb_thi_website_trangsuc/vendor/laravel/framework/src/Illuminate/Foundation/Application.php(1220): Illuminate/Foundation/Http/Kernel->handle(Object(Illuminate/Http/Request))
#69 E:/website_trangsuc/laptrinhweb_thi_website_trangsuc/public/index.php(20): Illuminate/Foundation/Application->handleRequest(Object(Illuminate/Http/Request))
#70 E:/website_trangsuc/laptrinhweb_thi_website_trangsuc/vendor/laravel/framework/src/Illuminate/Foundation/resources/server.php(23): require_once('E://website_tran...')
#71 {main}

[previous exception] [object] (ParseError(code: 0): syntax error, unexpected token \"endif\", expecting end of file at E:/website_trangsuc/laptrinhweb_thi_website_trangsuc/storage/framework/views/7096621760d82c808dcefa7427f14a3b.php:22)
[stacktrace]
#0 E:/website_trangsuc/laptrinhweb_thi_website_trangsuc/vendor/laravel/framework/src/Illuminate/Filesystem/Filesystem.php(124): Illuminate/Filesystem/Filesystem::Illuminate/Filesystem/{closure}()
#1 E:/website_trangsuc/laptrinhweb_thi_website_trangsuc/vendor/laravel/framework/src/Illuminate/View/Engines/PhpEngine.php(57): Illuminate/Filesystem/Filesystem->getRequire('E://website_tran...', Array)
#2 E:/website_trangsuc/laptrinhweb_thi_website_trangsuc/vendor/laravel/framework/src/Illuminate/View/Engines/CompilerEngine.php(76): Illuminate/View/Engines/PhpEngine->evaluatePath('E://website_tran...', Array)
#3 E:/website_trangsuc/laptrinhweb_thi_website_trangsuc/vendor/laravel/framework/src/Illuminate/View/View.php(208): Illuminate/View/Engines/CompilerEngine->get('E://website_tran...', Array)
#4 E:/website_trangsuc/laptrinhweb_thi_website_trangsuc/vendor/laravel/framework/src/Illuminate/View/View.php(191): Illuminate/View/View->getContents()
#5 E:/website_trangsuc/laptrinhweb_thi_website_trangsuc/vendor/laravel/framework/src/Illuminate/View/View.php(160): Illuminate/View/View->renderContents()
#6 E:/website_trangsuc/laptrinhweb_thi_website_trangsuc/storage/framework/views/dfcf19d923680090cce472b959f6b4d3.php(18): Illuminate/View/View->render()
#7 E:/website_trangsuc/laptrinhweb_thi_website_trangsuc/vendor/laravel/framework/src/Illuminate/Filesystem/Filesystem.php(123): require('E://website_tran...')
#8 E:/website_trangsuc/laptrinhweb_thi_website_trangsuc/vendor/laravel/framework/src/Illuminate/Filesystem/Filesystem.php(124): Illuminate/Filesystem/Filesystem::Illuminate/Filesystem/{closure}()
#9 E:/website_trangsuc/laptrinhweb_thi_website_trangsuc/vendor/laravel/framework/src/Illuminate/View/Engines/PhpEngine.php(57): Illuminate/Filesystem/Filesystem->getRequire('E://website_tran...', Array)
#10 E:/website_trangsuc/laptrinhweb_thi_website_trangsuc/vendor/laravel/framework/src/Illuminate/View/Engines/CompilerEngine.php(76): Illuminate/View/Engines/PhpEngine->evaluatePath('E://website_tran...', Array)
#11 E:/website_trangsuc/laptrinhweb_thi_website_trangsuc/vendor/laravel/framework/src/Illuminate/View/View.php(208): Illuminate/View/Engines/CompilerEngine->get('E://website_tran...', Array)
#12 E:/website_trangsuc/laptrinhweb_thi_website_trangsuc/vendor/laravel/framework/src/Illuminate/View/View.php(191): Illuminate/View/View->getContents()
#13 E:/website_trangsuc/laptrinhweb_thi_website_trangsuc/vendor/laravel/framework/src/Illuminate/View/View.php(160): Illuminate/View/View->renderContents()
#14 E:/website_trangsuc/laptrinhweb_thi_website_trangsuc/storage/framework/views/6464a70f796b9492a1dc89a8afa00e50.php(24): Illuminate/View/View->render()
#15 E:/website_trangsuc/laptrinhweb_thi_website_trangsuc/vendor/laravel/framework/src/Illuminate/Filesystem/Filesystem.php(123): require('E://website_tran...')
#16 E:/website_trangsuc/laptrinhweb_thi_website_trangsuc/vendor/laravel/framework/src/Illuminate/Filesystem/Filesystem.php(124): Illuminate/Filesystem/Filesystem::Illuminate/Filesystem/{closure}()
#17 E:/website_trangsuc/laptrinhweb_thi_website_trangsuc/vendor/laravel/framework/src/Illuminate/View/Engines/PhpEngine.php(57): Illuminate/Filesystem/Filesystem->getRequire('E://website_tran...', Array)
#18 E:/website_trangsuc/laptrinhweb_thi_website_trangsuc/vendor/laravel/framework/src/Illuminate/View/Engines/CompilerEngine.php(76): Illuminate/View/Engines/PhpEngine->evaluatePath('E://website_tran...', Array)
#19 E:/website_trangsuc/laptrinhweb_thi_website_trangsuc/vendor/laravel/framework/src/Illuminate/View/View.php(208): Illuminate/View/Engines/CompilerEngine->get('E://website_tran...', Array)
#20 E:/website_trangsuc/laptrinhweb_thi_website_trangsuc/vendor/laravel/framework/src/Illuminate/View/View.php(191): Illuminate/View/View->getContents()
#21 E:/website_trangsuc/laptrinhweb_thi_website_trangsuc/vendor/laravel/framework/src/Illuminate/View/View.php(160): Illuminate/View/View->renderContents()
#22 E:/website_trangsuc/laptrinhweb_thi_website_trangsuc/vendor/laravel/framework/src/Illuminate/Http/Response.php(78): Illuminate/View/View->render()
#23 E:/website_trangsuc/laptrinhweb_thi_website_trangsuc/vendor/laravel/framework/src/Illuminate/Http/Response.php(34): Illuminate/Http/Response->setContent(Object(Illuminate/View/View))
#24 E:/website_trangsuc/laptrinhweb_thi_website_trangsuc/vendor/laravel/framework/src/Illuminate/Routing/Router.php(939): Illuminate/Http/Response->__construct(Object(Illuminate/View/View), 200, Array)
#25 E:/website_trangsuc/laptrinhweb_thi_website_trangsuc/vendor/laravel/framework/src/Illuminate/Routing/Router.php(906): Illuminate/Routing/Router::toResponse(Object(Illuminate/Http/Request), Object(Illuminate/View/View))
#26 E:/website_trangsuc/laptrinhweb_thi_website_trangsuc/vendor/laravel/framework/src/Illuminate/Routing/Router.php(821): Illuminate/Routing/Router->prepareResponse(Object(Illuminate/Http/Request), Object(Illuminate/View/View))
#27 E:/website_trangsuc/laptrinhweb_thi_website_trangsuc/vendor/laravel/framework/src/Illuminate/Pipeline/Pipeline.php(180): Illuminate/Routing/Router->Illuminate/Routing/{closure}(Object(Illuminate/Http/Request))
#28 E:/website_trangsuc/laptrinhweb_thi_website_trangsuc/vendor/laravel/framework/src/Illuminate/Routing/Middleware/SubstituteBindings.php(50): Illuminate/Pipeline/Pipeline->Illuminate/Pipeline/{closure}(Object(Illuminate/Http/Request))
#29 E:/website_trangsuc/laptrinhweb_thi_website_trangsuc/vendor/laravel/framework/src/Illuminate/Pipeline/Pipeline.php(219): Illuminate/Routing/Middleware/SubstituteBindings->handle(Object(Illuminate/Http/Request), Object(Closure))
#30 E:/website_trangsuc/laptrinhweb_thi_website_trangsuc/vendor/laravel/framework/src/Illuminate/Foundation/Http/Middleware/VerifyCsrfToken.php(87): Illuminate/Pipeline/Pipeline->Illuminate/Pipeline/{closure}(Object(Illuminate/Http/Request))
#31 E:/website_trangsuc/laptrinhweb_thi_website_trangsuc/vendor/laravel/framework/src/Illuminate/Pipeline/Pipeline.php(219): Illuminate/Foundation/Http/Middleware/VerifyCsrfToken->handle(Object(Illuminate/Http/Request), Object(Closure))
#32 E:/website_trangsuc/laptrinhweb_thi_website_trangsuc/vendor/laravel/framework/src/Illuminate/View/Middleware/ShareErrorsFromSession.php(48): Illuminate/Pipeline/Pipeline->Illuminate/Pipeline/{closure}(Object(Illuminate/Http/Request))
#33 E:/website_trangsuc/laptrinhweb_thi_website_trangsuc/vendor/laravel/framework/src/Illuminate/Pipeline/Pipeline.php(219): Illuminate/View/Middleware/ShareErrorsFromSession->handle(Object(Illuminate/Http/Request), Object(Closure))
#34 E:/website_trangsuc/laptrinhweb_thi_website_trangsuc/vendor/laravel/framework/src/Illuminate/Session/Middleware/StartSession.php(120): Illuminate/Pipeline/Pipeline->Illuminate/Pipeline/{closure}(Object(Illuminate/Http/Request))
#35 E:/website_trangsuc/laptrinhweb_thi_website_trangsuc/vendor/laravel/framework/src/Illuminate/Session/Middleware/StartSession.php(63): Illuminate/Session/Middleware/StartSession->handleStatefulRequest(Object(Illuminate/Http/Request), Object(Illuminate/Session/Store), Object(Closure))
#36 E:/website_trangsuc/laptrinhweb_thi_website_trangsuc/vendor/laravel/framework/src/Illuminate/Pipeline/Pipeline.php(219): Illuminate/Session/Middleware/StartSession->handle(Object(Illuminate/Http/Request), Object(Closure))
#37 E:/website_trangsuc/laptrinhweb_thi_website_trangsuc/vendor/laravel/framework/src/Illuminate/Cookie/Middleware/AddQueuedCookiesToResponse.php(36): Illuminate/Pipeline/Pipeline->Illuminate/Pipeline/{closure}(Object(Illuminate/Http/Request))
#38 E:/website_trangsuc/laptrinhweb_thi_website_trangsuc/vendor/laravel/framework/src/Illuminate/Pipeline/Pipeline.php(219): Illuminate/Cookie/Middleware/AddQueuedCookiesToResponse->handle(Object(Illuminate/Http/Request), Object(Closure))
#39 E:/website_trangsuc/laptrinhweb_thi_website_trangsuc/vendor/laravel/framework/src/Illuminate/Cookie/Middleware/EncryptCookies.php(74): Illuminate/Pipeline/Pipeline->Illuminate/Pipeline/{closure}(Object(Illuminate/Http/Request))
#40 E:/website_trangsuc/laptrinhweb_thi_website_trangsuc/vendor/laravel/framework/src/Illuminate/Pipeline/Pipeline.php(219): Illuminate/Cookie/Middleware/EncryptCookies->handle(Object(Illuminate/Http/Request), Object(Closure))
#41 E:/website_trangsuc/laptrinhweb_thi_website_trangsuc/vendor/laravel/framework/src/Illuminate/Pipeline/Pipeline.php(137): Illuminate/Pipeline/Pipeline->Illuminate/Pipeline/{closure}(Object(Illuminate/Http/Request))
#42 E:/website_trangsuc/laptrinhweb_thi_website_trangsuc/vendor/laravel/framework/src/Illuminate/Routing/Router.php(821): Illuminate/Pipeline/Pipeline->then(Object(Closure))
#43 E:/website_trangsuc/laptrinhweb_thi_website_trangsuc/vendor/laravel/framework/src/Illuminate/Routing/Router.php(800): Illuminate/Routing/Router->runRouteWithinStack(Object(Illuminate/Routing/Route), Object(Illuminate/Http/Request))
#44 E:/website_trangsuc/laptrinhweb_thi_website_trangsuc/vendor/laravel/framework/src/Illuminate/Routing/Router.php(764): Illuminate/Routing/Router->runRoute(Object(Illuminate/Http/Request), Object(Illuminate/Routing/Route))
#45 E:/website_trangsuc/laptrinhweb_thi_website_trangsuc/vendor/laravel/framework/src/Illuminate/Routing/Router.php(753): Illuminate/Routing/Router->dispatchToRoute(Object(Illuminate/Http/Request))
#46 E:/website_trangsuc/laptrinhweb_thi_website_trangsuc/vendor/laravel/framework/src/Illuminate/Foundation/Http/Kernel.php(200): Illuminate/Routing/Router->dispatch(Object(Illuminate/Http/Request))
#47 E:/website_trangsuc/laptrinhweb_thi_website_trangsuc/vendor/laravel/framework/src/Illuminate/Pipeline/Pipeline.php(180): Illuminate/Foundation/Http/Kernel->Illuminate/Foundation/Http/{closure}(Object(Illuminate/Http/Request))
#48 E:/website_trangsuc/laptrinhweb_thi_website_trangsuc/vendor/laravel/framework/src/Illuminate/Foundation/Http/Middleware/TransformsRequest.php(21): Illuminate/Pipeline/Pipeline->Illuminate/Pipeline/{closure}(Object(Illuminate/Http/Request))
#49 E:/website_trangsuc/laptrinhweb_thi_website_trangsuc/vendor/laravel/framework/src/Illuminate/Foundation/Http/Middleware/ConvertEmptyStringsToNull.php(31): Illuminate/Foundation/Http/Middleware/TransformsRequest->handle(Object(Illuminate/Http/Request), Object(Closure))
#50 E:/website_trangsuc/laptrinhweb_thi_website_trangsuc/vendor/laravel/framework/src/Illuminate/Pipeline/Pipeline.php(219): Illuminate/Foundation/Http/Middleware/ConvertEmptyStringsToNull->handle(Object(Illuminate/Http/Request), Object(Closure))
#51 E:/website_trangsuc/laptrinhweb_thi_website_trangsuc/vendor/laravel/framework/src/Illuminate/Foundation/Http/Middleware/TransformsRequest.php(21): Illuminate/Pipeline/Pipeline->Illuminate/Pipeline/{closure}(Object(Illuminate/Http/Request))
#52 E:/website_trangsuc/laptrinhweb_thi_website_trangsuc/vendor/laravel/framework/src/Illuminate/Foundation/Http/Middleware/TrimStrings.php(51): Illuminate/Foundation/Http/Middleware/TransformsRequest->handle(Object(Illuminate/Http/Request), Object(Closure))
#53 E:/website_trangsuc/laptrinhweb_thi_website_trangsuc/vendor/laravel/framework/src/Illuminate/Pipeline/Pipeline.php(219): Illuminate/Foundation/Http/Middleware/TrimStrings->handle(Object(Illuminate/Http/Request), Object(Closure))
#54 E:/website_trangsuc/laptrinhweb_thi_website_trangsuc/vendor/laravel/framework/src/Illuminate/Http/Middleware/ValidatePostSize.php(27): Illuminate/Pipeline/Pipeline->Illuminate/Pipeline/{closure}(Object(Illuminate/Http/Request))
#55 E:/website_trangsuc/laptrinhweb_thi_website_trangsuc/vendor/laravel/framework/src/Illuminate/Pipeline/Pipeline.php(219): Illuminate/Http/Middleware/ValidatePostSize->handle(Object(Illuminate/Http/Request), Object(Closure))
#56 E:/website_trangsuc/laptrinhweb_thi_website_trangsuc/vendor/laravel/framework/src/Illuminate/Foundation/Http/Middleware/PreventRequestsDuringMaintenance.php(109): Illuminate/Pipeline/Pipeline->Illuminate/Pipeline/{closure}(Object(Illuminate/Http/Request))
#57 E:/website_trangsuc/laptrinhweb_thi_website_trangsuc/vendor/laravel/framework/src/Illuminate/Pipeline/Pipeline.php(219): Illuminate/Foundation/Http/Middleware/PreventRequestsDuringMaintenance->handle(Object(Illuminate/Http/Request), Object(Closure))
#58 E:/website_trangsuc/laptrinhweb_thi_website_trangsuc/vendor/laravel/framework/src/Illuminate/Http/Middleware/HandleCors.php(61): Illuminate/Pipeline/Pipeline->Illuminate/Pipeline/{closure}(Object(Illuminate/Http/Request))
#59 E:/website_trangsuc/laptrinhweb_thi_website_trangsuc/vendor/laravel/framework/src/Illuminate/Pipeline/Pipeline.php(219): Illuminate/Http/Middleware/HandleCors->handle(Object(Illuminate/Http/Request), Object(Closure))
#60 E:/website_trangsuc/laptrinhweb_thi_website_trangsuc/vendor/laravel/framework/src/Illuminate/Http/Middleware/TrustProxies.php(58): Illuminate/Pipeline/Pipeline->Illuminate/Pipeline/{closure}(Object(Illuminate/Http/Request))
#61 E:/website_trangsuc/laptrinhweb_thi_website_trangsuc/vendor/laravel/framework/src/Illuminate/Pipeline/Pipeline.php(219): Illuminate/Http/Middleware/TrustProxies->handle(Object(Illuminate/Http/Request), Object(Closure))
#62 E:/website_trangsuc/laptrinhweb_thi_website_trangsuc/vendor/laravel/framework/src/Illuminate/Foundation/Http/Middleware/InvokeDeferredCallbacks.php(22): Illuminate/Pipeline/Pipeline->Illuminate/Pipeline/{closure}(Object(Illuminate/Http/Request))
#63 E:/website_trangsuc/laptrinhweb_thi_website_trangsuc/vendor/laravel/framework/src/Illuminate/Pipeline/Pipeline.php(219): Illuminate/Foundation/Http/Middleware/InvokeDeferredCallbacks->handle(Object(Illuminate/Http/Request), Object(Closure))
#64 E:/website_trangsuc/laptrinhweb_thi_website_trangsuc/vendor/laravel/framework/src/Illuminate/Http/Middleware/ValidatePathEncoding.php(26): Illuminate/Pipeline/Pipeline->Illuminate/Pipeline/{closure}(Object(Illuminate/Http/Request))
#65 E:/website_trangsuc/laptrinhweb_thi_website_trangsuc/vendor/laravel/framework/src/Illuminate/Pipeline/Pipeline.php(219): Illuminate/Http/Middleware/ValidatePathEncoding->handle(Object(Illuminate/Http/Request), Object(Closure))
#66 E:/website_trangsuc/laptrinhweb_thi_website_trangsuc/vendor/laravel/framework/src/Illuminate/Pipeline/Pipeline.php(137): Illuminate/Pipeline/Pipeline->Illuminate/Pipeline/{closure}(Object(Illuminate/Http/Request))
#67 E:/website_trangsuc/laptrinhweb_thi_website_trangsuc/vendor/laravel/framework/src/Illuminate/Foundation/Http/Kernel.php(175): Illuminate/Pipeline/Pipeline->then(Object(Closure))
#68 E:/website_trangsuc/laptrinhweb_thi_website_trangsuc/vendor/laravel/framework/src/Illuminate/Foundation/Http/Kernel.php(144): Illuminate/Foundation/Http/Kernel->sendRequestThroughRouter(Object(Illuminate/Http/Request))
#69 E:/website_trangsuc/laptrinhweb_thi_website_trangsuc/vendor/laravel/framework/src/Illuminate/Foundation/Application.php(1220): Illuminate/Foundation/Http/Kernel->handle(Object(Illuminate/Http/Request))
#70 E:/website_trangsuc/laptrinhweb_thi_website_trangsuc/public/index.php(20): Illuminate/Foundation/Application->handleRequest(Object(Illuminate/Http/Request))
#71 E:/website_trangsuc/laptrinhweb_thi_website_trangsuc/vendor/laravel/framework/src/Illuminate/Foundation/resources/server.php(23): require_once('E://website_tran...')
#72 {main}
"} 
[2026-05-31 08:43:31] local.ERROR: syntax error, unexpected token "endif", expecting end of file (View: E:\website_trangsuc\laptrinhweb_thi_website_trangsuc\resources\views\partials\header.blade.php) (View: E:\website_trangsuc\laptrinhweb_thi_website_trangsuc\resources\views\partials\header.blade.php) (View: E:\website_trangsuc\laptrinhweb_thi_website_trangsuc\resources\views\partials\header.blade.php) {"userId":"TK036","exception":"[object] (Illuminate\\View\\ViewException(code: 0): syntax error, unexpected token \"endif\", expecting end of file (View: E:\\website_trangsuc\\laptrinhweb_thi_website_trangsuc\\resources\\views\\partials\\header.blade.php) (View: E:\\website_trangsuc\\laptrinhweb_thi_website_trangsuc\\resources\\views\\partials\\header.blade.php) (View: E:\\website_trangsuc\\laptrinhweb_thi_website_trangsuc\\resources\\views\\partials\\header.blade.php) at E:/website_trangsuc/laptrinhweb_thi_website_trangsuc/storage/framework/views/7096621760d82c808dcefa7427f14a3b.php:22)
[stacktrace]
#0 E:/website_trangsuc/laptrinhweb_thi_website_trangsuc/vendor/laravel/framework/src/Illuminate/View/Engines/PhpEngine.php(59): Illuminate/View/Engines/CompilerEngine->handleViewException(Object(Illuminate/View/ViewException), 1)
#1 E:/website_trangsuc/laptrinhweb_thi_website_trangsuc/vendor/laravel/framework/src/Illuminate/View/Engines/CompilerEngine.php(76): Illuminate/View/Engines/PhpEngine->evaluatePath('E://website_tran...', Array)
#2 E:/website_trangsuc/laptrinhweb_thi_website_trangsuc/vendor/laravel/framework/src/Illuminate/View/View.php(208): Illuminate/View/Engines/CompilerEngine->get('E://website_tran...', Array)
#3 E:/website_trangsuc/laptrinhweb_thi_website_trangsuc/vendor/laravel/framework/src/Illuminate/View/View.php(191): Illuminate/View/View->getContents()
#4 E:/website_trangsuc/laptrinhweb_thi_website_trangsuc/vendor/laravel/framework/src/Illuminate/View/View.php(160): Illuminate/View/View->renderContents()
#5 E:/website_trangsuc/laptrinhweb_thi_website_trangsuc/vendor/laravel/framework/src/Illuminate/Http/Response.php(78): Illuminate/View/View->render()
#6 E:/website_trangsuc/laptrinhweb_thi_website_trangsuc/vendor/laravel/framework/src/Illuminate/Http/Response.php(34): Illuminate/Http/Response->setContent(Object(Illuminate/View/View))
#7 E:/website_trangsuc/laptrinhweb_thi_website_trangsuc/vendor/laravel/framework/src/Illuminate/Routing/Router.php(939): Illuminate/Http/Response->__construct(Object(Illuminate/View/View), 200, Array)
#8 E:/website_trangsuc/laptrinhweb_thi_website_trangsuc/vendor/laravel/framework/src/Illuminate/Routing/Router.php(906): Illuminate/Routing/Router::toResponse(Object(Illuminate/Http/Request), Object(Illuminate/View/View))
#9 E:/website_trangsuc/laptrinhweb_thi_website_trangsuc/vendor/laravel/framework/src/Illuminate/Routing/Router.php(821): Illuminate/Routing/Router->prepareResponse(Object(Illuminate/Http/Request), Object(Illuminate/View/View))
#10 E:/website_trangsuc/laptrinhweb_thi_website_trangsuc/vendor/laravel/framework/src/Illuminate/Pipeline/Pipeline.php(180): Illuminate/Routing/Router->Illuminate/Routing/{closure}(Object(Illuminate/Http/Request))
#11 E:/website_trangsuc/laptrinhweb_thi_website_trangsuc/vendor/laravel/framework/src/Illuminate/Routing/Middleware/SubstituteBindings.php(50): Illuminate/Pipeline/Pipeline->Illuminate/Pipeline/{closure}(Object(Illuminate/Http/Request))
#12 E:/website_trangsuc/laptrinhweb_thi_website_trangsuc/vendor/laravel/framework/src/Illuminate/Pipeline/Pipeline.php(219): Illuminate/Routing/Middleware/SubstituteBindings->handle(Object(Illuminate/Http/Request), Object(Closure))
#13 E:/website_trangsuc/laptrinhweb_thi_website_trangsuc/vendor/laravel/framework/src/Illuminate/Foundation/Http/Middleware/VerifyCsrfToken.php(87): Illuminate/Pipeline/Pipeline->Illuminate/Pipeline/{closure}(Object(Illuminate/Http/Request))
#14 E:/website_trangsuc/laptrinhweb_thi_website_trangsuc/vendor/laravel/framework/src/Illuminate/Pipeline/Pipeline.php(219): Illuminate/Foundation/Http/Middleware/VerifyCsrfToken->handle(Object(Illuminate/Http/Request), Object(Closure))
#15 E:/website_trangsuc/laptrinhweb_thi_website_trangsuc/vendor/laravel/framework/src/Illuminate/View/Middleware/ShareErrorsFromSession.php(48): Illuminate/Pipeline/Pipeline->Illuminate/Pipeline/{closure}(Object(Illuminate/Http/Request))
#16 E:/website_trangsuc/laptrinhweb_thi_website_trangsuc/vendor/laravel/framework/src/Illuminate/Pipeline/Pipeline.php(219): Illuminate/View/Middleware/ShareErrorsFromSession->handle(Object(Illuminate/Http/Request), Object(Closure))
#17 E:/website_trangsuc/laptrinhweb_thi_website_trangsuc/vendor/laravel/framework/src/Illuminate/Session/Middleware/StartSession.php(120): Illuminate/Pipeline/Pipeline->Illuminate/Pipeline/{closure}(Object(Illuminate/Http/Request))
#18 E:/website_trangsuc/laptrinhweb_thi_website_trangsuc/vendor/laravel/framework/src/Illuminate/Session/Middleware/StartSession.php(63): Illuminate/Session/Middleware/StartSession->handleStatefulRequest(Object(Illuminate/Http/Request), Object(Illuminate/Session/Store), Object(Closure))
#19 E:/website_trangsuc/laptrinhweb_thi_website_trangsuc/vendor/laravel/framework/src/Illuminate/Pipeline/Pipeline.php(219): Illuminate/Session/Middleware/StartSession->handle(Object(Illuminate/Http/Request), Object(Closure))
#20 E:/website_trangsuc/laptrinhweb_thi_website_trangsuc/vendor/laravel/framework/src/Illuminate/Cookie/Middleware/AddQueuedCookiesToResponse.php(36): Illuminate/Pipeline/Pipeline->Illuminate/Pipeline/{closure}(Object(Illuminate/Http/Request))
#21 E:/website_trangsuc/laptrinhweb_thi_website_trangsuc/vendor/laravel/framework/src/Illuminate/Pipeline/Pipeline.php(219): Illuminate/Cookie/Middleware/AddQueuedCookiesToResponse->handle(Object(Illuminate/Http/Request), Object(Closure))
#22 E:/website_trangsuc/laptrinhweb_thi_website_trangsuc/vendor/laravel/framework/src/Illuminate/Cookie/Middleware/EncryptCookies.php(74): Illuminate/Pipeline/Pipeline->Illuminate/Pipeline/{closure}(Object(Illuminate/Http/Request))
#23 E:/website_trangsuc/laptrinhweb_thi_website_trangsuc/vendor/laravel/framework/src/Illuminate/Pipeline/Pipeline.php(219): Illuminate/Cookie/Middleware/EncryptCookies->handle(Object(Illuminate/Http/Request), Object(Closure))
#24 E:/website_trangsuc/laptrinhweb_thi_website_trangsuc/vendor/laravel/framework/src/Illuminate/Pipeline/Pipeline.php(137): Illuminate/Pipeline/Pipeline->Illuminate/Pipeline/{closure}(Object(Illuminate/Http/Request))
#25 E:/website_trangsuc/laptrinhweb_thi_website_trangsuc/vendor/laravel/framework/src/Illuminate/Routing/Router.php(821): Illuminate/Pipeline/Pipeline->then(Object(Closure))
#26 E:/website_trangsuc/laptrinhweb_thi_website_trangsuc/vendor/laravel/framework/src/Illuminate/Routing/Router.php(800): Illuminate/Routing/Router->runRouteWithinStack(Object(Illuminate/Routing/Route), Object(Illuminate/Http/Request))
#27 E:/website_trangsuc/laptrinhweb_thi_website_trangsuc/vendor/laravel/framework/src/Illuminate/Routing/Router.php(764): Illuminate/Routing/Router->runRoute(Object(Illuminate/Http/Request), Object(Illuminate/Routing/Route))
#28 E:/website_trangsuc/laptrinhweb_thi_website_trangsuc/vendor/laravel/framework/src/Illuminate/Routing/Router.php(753): Illuminate/Routing/Router->dispatchToRoute(Object(Illuminate/Http/Request))
#29 E:/website_trangsuc/laptrinhweb_thi_website_trangsuc/vendor/laravel/framework/src/Illuminate/Foundation/Http/Kernel.php(200): Illuminate/Routing/Router->dispatch(Object(Illuminate/Http/Request))
#30 E:/website_trangsuc/laptrinhweb_thi_website_trangsuc/vendor/laravel/framework/src/Illuminate/Pipeline/Pipeline.php(180): Illuminate/Foundation/Http/Kernel->Illuminate/Foundation/Http/{closure}(Object(Illuminate/Http/Request))
#31 E:/website_trangsuc/laptrinhweb_thi_website_trangsuc/vendor/laravel/framework/src/Illuminate/Foundation/Http/Middleware/TransformsRequest.php(21): Illuminate/Pipeline/Pipeline->Illuminate/Pipeline/{closure}(Object(Illuminate/Http/Request))
#32 E:/website_trangsuc/laptrinhweb_thi_website_trangsuc/vendor/laravel/framework/src/Illuminate/Foundation/Http/Middleware/ConvertEmptyStringsToNull.php(31): Illuminate/Foundation/Http/Middleware/TransformsRequest->handle(Object(Illuminate/Http/Request), Object(Closure))
#33 E:/website_trangsuc/laptrinhweb_thi_website_trangsuc/vendor/laravel/framework/src/Illuminate/Pipeline/Pipeline.php(219): Illuminate/Foundation/Http/Middleware/ConvertEmptyStringsToNull->handle(Object(Illuminate/Http/Request), Object(Closure))
#34 E:/website_trangsuc/laptrinhweb_thi_website_trangsuc/vendor/laravel/framework/src/Illuminate/Foundation/Http/Middleware/TransformsRequest.php(21): Illuminate/Pipeline/Pipeline->Illuminate/Pipeline/{closure}(Object(Illuminate/Http/Request))
#35 E:/website_trangsuc/laptrinhweb_thi_website_trangsuc/vendor/laravel/framework/src/Illuminate/Foundation/Http/Middleware/TrimStrings.php(51): Illuminate/Foundation/Http/Middleware/TransformsRequest->handle(Object(Illuminate/Http/Request), Object(Closure))
#36 E:/website_trangsuc/laptrinhweb_thi_website_trangsuc/vendor/laravel/framework/src/Illuminate/Pipeline/Pipeline.php(219): Illuminate/Foundation/Http/Middleware/TrimStrings->handle(Object(Illuminate/Http/Request), Object(Closure))
#37 E:/website_trangsuc/laptrinhweb_thi_website_trangsuc/vendor/laravel/framework/src/Illuminate/Http/Middleware/ValidatePostSize.php(27): Illuminate/Pipeline/Pipeline->Illuminate/Pipeline/{closure}(Object(Illuminate/Http/Request))
#38 E:/website_trangsuc/laptrinhweb_thi_website_trangsuc/vendor/laravel/framework/src/Illuminate/Pipeline/Pipeline.php(219): Illuminate/Http/Middleware/ValidatePostSize->handle(Object(Illuminate/Http/Request), Object(Closure))
#39 E:/website_trangsuc/laptrinhweb_thi_website_trangsuc/vendor/laravel/framework/src/Illuminate/Foundation/Http/Middleware/PreventRequestsDuringMaintenance.php(109): Illuminate/Pipeline/Pipeline->Illuminate/Pipeline/{closure}(Object(Illuminate/Http/Request))
#40 E:/website_trangsuc/laptrinhweb_thi_website_trangsuc/vendor/laravel/framework/src/Illuminate/Pipeline/Pipeline.php(219): Illuminate/Foundation/Http/Middleware/PreventRequestsDuringMaintenance->handle(Object(Illuminate/Http/Request), Object(Closure))
#41 E:/website_trangsuc/laptrinhweb_thi_website_trangsuc/vendor/laravel/framework/src/Illuminate/Http/Middleware/HandleCors.php(61): Illuminate/Pipeline/Pipeline->Illuminate/Pipeline/{closure}(Object(Illuminate/Http/Request))
#42 E:/website_trangsuc/laptrinhweb_thi_website_trangsuc/vendor/laravel/framework/src/Illuminate/Pipeline/Pipeline.php(219): Illuminate/Http/Middleware/HandleCors->handle(Object(Illuminate/Http/Request), Object(Closure))
#43 E:/website_trangsuc/laptrinhweb_thi_website_trangsuc/vendor/laravel/framework/src/Illuminate/Http/Middleware/TrustProxies.php(58): Illuminate/Pipeline/Pipeline->Illuminate/Pipeline/{closure}(Object(Illuminate/Http/Request))
#44 E:/website_trangsuc/laptrinhweb_thi_website_trangsuc/vendor/laravel/framework/src/Illuminate/Pipeline/Pipeline.php(219): Illuminate/Http/Middleware/TrustProxies->handle(Object(Illuminate/Http/Request), Object(Closure))
#45 E:/website_trangsuc/laptrinhweb_thi_website_trangsuc/vendor/laravel/framework/src/Illuminate/Foundation/Http/Middleware/InvokeDeferredCallbacks.php(22): Illuminate/Pipeline/Pipeline->Illuminate/Pipeline/{closure}(Object(Illuminate/Http/Request))
#46 E:/website_trangsuc/laptrinhweb_thi_website_trangsuc/vendor/laravel/framework/src/Illuminate/Pipeline/Pipeline.php(219): Illuminate/Foundation/Http/Middleware/InvokeDeferredCallbacks->handle(Object(Illuminate/Http/Request), Object(Closure))
#47 E:/website_trangsuc/laptrinhweb_thi_website_trangsuc/vendor/laravel/framework/src/Illuminate/Http/Middleware/ValidatePathEncoding.php(26): Illuminate/Pipeline/Pipeline->Illuminate/Pipeline/{closure}(Object(Illuminate/Http/Request))
#48 E:/website_trangsuc/laptrinhweb_thi_website_trangsuc/vendor/laravel/framework/src/Illuminate/Pipeline/Pipeline.php(219): Illuminate/Http/Middleware/ValidatePathEncoding->handle(Object(Illuminate/Http/Request), Object(Closure))
#49 E:/website_trangsuc/laptrinhweb_thi_website_trangsuc/vendor/laravel/framework/src/Illuminate/Pipeline/Pipeline.php(137): Illuminate/Pipeline/Pipeline->Illuminate/Pipeline/{closure}(Object(Illuminate/Http/Request))
#50 E:/website_trangsuc/laptrinhweb_thi_website_trangsuc/vendor/laravel/framework/src/Illuminate/Foundation/Http/Kernel.php(175): Illuminate/Pipeline/Pipeline->then(Object(Closure))
#51 E:/website_trangsuc/laptrinhweb_thi_website_trangsuc/vendor/laravel/framework/src/Illuminate/Foundation/Http/Kernel.php(144): Illuminate/Foundation/Http/Kernel->sendRequestThroughRouter(Object(Illuminate/Http/Request))
#52 E:/website_trangsuc/laptrinhweb_thi_website_trangsuc/vendor/laravel/framework/src/Illuminate/Foundation/Application.php(1220): Illuminate/Foundation/Http/Kernel->handle(Object(Illuminate/Http/Request))
#53 E:/website_trangsuc/laptrinhweb_thi_website_trangsuc/public/index.php(20): Illuminate/Foundation/Application->handleRequest(Object(Illuminate/Http/Request))
#54 E:/website_trangsuc/laptrinhweb_thi_website_trangsuc/vendor/laravel/framework/src/Illuminate/Foundation/resources/server.php(23): require_once('E://website_tran...')
#55 {main}

[previous exception] [object] (Illuminate\\View\\ViewException(code: 0): syntax error, unexpected token \"endif\", expecting end of file (View: E:\\website_trangsuc\\laptrinhweb_thi_website_trangsuc\\resources\\views\\partials\\header.blade.php) (View: E:\\website_trangsuc\\laptrinhweb_thi_website_trangsuc\\resources\\views\\partials\\header.blade.php) at E:/website_trangsuc/laptrinhweb_thi_website_trangsuc/storage/framework/views/7096621760d82c808dcefa7427f14a3b.php:22)
[stacktrace]
#0 E:/website_trangsuc/laptrinhweb_thi_website_trangsuc/vendor/laravel/framework/src/Illuminate/View/Engines/PhpEngine.php(59): Illuminate/View/Engines/CompilerEngine->handleViewException(Object(Illuminate/View/ViewException), 2)
#1 E:/website_trangsuc/laptrinhweb_thi_website_trangsuc/vendor/laravel/framework/src/Illuminate/View/Engines/CompilerEngine.php(76): Illuminate/View/Engines/PhpEngine->evaluatePath('E://website_tran...', Array)
#2 E:/website_trangsuc/laptrinhweb_thi_website_trangsuc/vendor/laravel/framework/src/Illuminate/View/View.php(208): Illuminate/View/Engines/CompilerEngine->get('E://website_tran...', Array)
#3 E:/website_trangsuc/laptrinhweb_thi_website_trangsuc/vendor/laravel/framework/src/Illuminate/View/View.php(191): Illuminate/View/View->getContents()
#4 E:/website_trangsuc/laptrinhweb_thi_website_trangsuc/vendor/laravel/framework/src/Illuminate/View/View.php(160): Illuminate/View/View->renderContents()
#5 E:/website_trangsuc/laptrinhweb_thi_website_trangsuc/storage/framework/views/6464a70f796b9492a1dc89a8afa00e50.php(24): Illuminate/View/View->render()
#6 E:/website_trangsuc/laptrinhweb_thi_website_trangsuc/vendor/laravel/framework/src/Illuminate/Filesystem/Filesystem.php(123): require('E://website_tran...')
#7 E:/website_trangsuc/laptrinhweb_thi_website_trangsuc/vendor/laravel/framework/src/Illuminate/Filesystem/Filesystem.php(124): Illuminate/Filesystem/Filesystem::Illuminate/Filesystem/{closure}()
#8 E:/website_trangsuc/laptrinhweb_thi_website_trangsuc/vendor/laravel/framework/src/Illuminate/View/Engines/PhpEngine.php(57): Illuminate/Filesystem/Filesystem->getRequire('E://website_tran...', Array)
#9 E:/website_trangsuc/laptrinhweb_thi_website_trangsuc/vendor/laravel/framework/src/Illuminate/View/Engines/CompilerEngine.php(76): Illuminate/View/Engines/PhpEngine->evaluatePath('E://website_tran...', Array)
#10 E:/website_trangsuc/laptrinhweb_thi_website_trangsuc/vendor/laravel/framework/src/Illuminate/View/View.php(208): Illuminate/View/Engines/CompilerEngine->get('E://website_tran...', Array)
#11 E:/website_trangsuc/laptrinhweb_thi_website_trangsuc/vendor/laravel/framework/src/Illuminate/View/View.php(191): Illuminate/View/View->getContents()
#12 E:/website_trangsuc/laptrinhweb_thi_website_trangsuc/vendor/laravel/framework/src/Illuminate/View/View.php(160): Illuminate/View/View->renderContents()
#13 E:/website_trangsuc/laptrinhweb_thi_website_trangsuc/vendor/laravel/framework/src/Illuminate/Http/Response.php(78): Illuminate/View/View->render()
#14 E:/website_trangsuc/laptrinhweb_thi_website_trangsuc/vendor/laravel/framework/src/Illuminate/Http/Response.php(34): Illuminate/Http/Response->setContent(Object(Illuminate/View/View))
#15 E:/website_trangsuc/laptrinhweb_thi_website_trangsuc/vendor/laravel/framework/src/Illuminate/Routing/Router.php(939): Illuminate/Http/Response->__construct(Object(Illuminate/View/View), 200, Array)
#16 E:/website_trangsuc/laptrinhweb_thi_website_trangsuc/vendor/laravel/framework/src/Illuminate/Routing/Router.php(906): Illuminate/Routing/Router::toResponse(Object(Illuminate/Http/Request), Object(Illuminate/View/View))
#17 E:/website_trangsuc/laptrinhweb_thi_website_trangsuc/vendor/laravel/framework/src/Illuminate/Routing/Router.php(821): Illuminate/Routing/Router->prepareResponse(Object(Illuminate/Http/Request), Object(Illuminate/View/View))
#18 E:/website_trangsuc/laptrinhweb_thi_website_trangsuc/vendor/laravel/framework/src/Illuminate/Pipeline/Pipeline.php(180): Illuminate/Routing/Router->Illuminate/Routing/{closure}(Object(Illuminate/Http/Request))
#19 E:/website_trangsuc/laptrinhweb_thi_website_trangsuc/vendor/laravel/framework/src/Illuminate/Routing/Middleware/SubstituteBindings.php(50): Illuminate/Pipeline/Pipeline->Illuminate/Pipeline/{closure}(Object(Illuminate/Http/Request))
#20 E:/website_trangsuc/laptrinhweb_thi_website_trangsuc/vendor/laravel/framework/src/Illuminate/Pipeline/Pipeline.php(219): Illuminate/Routing/Middleware/SubstituteBindings->handle(Object(Illuminate/Http/Request), Object(Closure))
#21 E:/website_trangsuc/laptrinhweb_thi_website_trangsuc/vendor/laravel/framework/src/Illuminate/Foundation/Http/Middleware/VerifyCsrfToken.php(87): Illuminate/Pipeline/Pipeline->Illuminate/Pipeline/{closure}(Object(Illuminate/Http/Request))
#22 E:/website_trangsuc/laptrinhweb_thi_website_trangsuc/vendor/laravel/framework/src/Illuminate/Pipeline/Pipeline.php(219): Illuminate/Foundation/Http/Middleware/VerifyCsrfToken->handle(Object(Illuminate/Http/Request), Object(Closure))
#23 E:/website_trangsuc/laptrinhweb_thi_website_trangsuc/vendor/laravel/framework/src/Illuminate/View/Middleware/ShareErrorsFromSession.php(48): Illuminate/Pipeline/Pipeline->Illuminate/Pipeline/{closure}(Object(Illuminate/Http/Request))
#24 E:/website_trangsuc/laptrinhweb_thi_website_trangsuc/vendor/laravel/framework/src/Illuminate/Pipeline/Pipeline.php(219): Illuminate/View/Middleware/ShareErrorsFromSession->handle(Object(Illuminate/Http/Request), Object(Closure))
#25 E:/website_trangsuc/laptrinhweb_thi_website_trangsuc/vendor/laravel/framework/src/Illuminate/Session/Middleware/StartSession.php(120): Illuminate/Pipeline/Pipeline->Illuminate/Pipeline/{closure}(Object(Illuminate/Http/Request))
#26 E:/website_trangsuc/laptrinhweb_thi_website_trangsuc/vendor/laravel/framework/src/Illuminate/Session/Middleware/StartSession.php(63): Illuminate/Session/Middleware/StartSession->handleStatefulRequest(Object(Illuminate/Http/Request), Object(Illuminate/Session/Store), Object(Closure))
#27 E:/website_trangsuc/laptrinhweb_thi_website_trangsuc/vendor/laravel/framework/src/Illuminate/Pipeline/Pipeline.php(219): Illuminate/Session/Middleware/StartSession->handle(Object(Illuminate/Http/Request), Object(Closure))
#28 E:/website_trangsuc/laptrinhweb_thi_website_trangsuc/vendor/laravel/framework/src/Illuminate/Cookie/Middleware/AddQueuedCookiesToResponse.php(36): Illuminate/Pipeline/Pipeline->Illuminate/Pipeline/{closure}(Object(Illuminate/Http/Request))
#29 E:/website_trangsuc/laptrinhweb_thi_website_trangsuc/vendor/laravel/framework/src/Illuminate/Pipeline/Pipeline.php(219): Illuminate/Cookie/Middleware/AddQueuedCookiesToResponse->handle(Object(Illuminate/Http/Request), Object(Closure))
#30 E:/website_trangsuc/laptrinhweb_thi_website_trangsuc/vendor/laravel/framework/src/Illuminate/Cookie/Middleware/EncryptCookies.php(74): Illuminate/Pipeline/Pipeline->Illuminate/Pipeline/{closure}(Object(Illuminate/Http/Request))
#31 E:/website_trangsuc/laptrinhweb_thi_website_trangsuc/vendor/laravel/framework/src/Illuminate/Pipeline/Pipeline.php(219): Illuminate/Cookie/Middleware/EncryptCookies->handle(Object(Illuminate/Http/Request), Object(Closure))
#32 E:/website_trangsuc/laptrinhweb_thi_website_trangsuc/vendor/laravel/framework/src/Illuminate/Pipeline/Pipeline.php(137): Illuminate/Pipeline/Pipeline->Illuminate/Pipeline/{closure}(Object(Illuminate/Http/Request))
#33 E:/website_trangsuc/laptrinhweb_thi_website_trangsuc/vendor/laravel/framework/src/Illuminate/Routing/Router.php(821): Illuminate/Pipeline/Pipeline->then(Object(Closure))
#34 E:/website_trangsuc/laptrinhweb_thi_website_trangsuc/vendor/laravel/framework/src/Illuminate/Routing/Router.php(800): Illuminate/Routing/Router->runRouteWithinStack(Object(Illuminate/Routing/Route), Object(Illuminate/Http/Request))
#35 E:/website_trangsuc/laptrinhweb_thi_website_trangsuc/vendor/laravel/framework/src/Illuminate/Routing/Router.php(764): Illuminate/Routing/Router->runRoute(Object(Illuminate/Http/Request), Object(Illuminate/Routing/Route))
#36 E:/website_trangsuc/laptrinhweb_thi_website_trangsuc/vendor/laravel/framework/src/Illuminate/Routing/Router.php(753): Illuminate/Routing/Router->dispatchToRoute(Object(Illuminate/Http/Request))
#37 E:/website_trangsuc/laptrinhweb_thi_website_trangsuc/vendor/laravel/framework/src/Illuminate/Foundation/Http/Kernel.php(200): Illuminate/Routing/Router->dispatch(Object(Illuminate/Http/Request))
#38 E:/website_trangsuc/laptrinhweb_thi_website_trangsuc/vendor/laravel/framework/src/Illuminate/Pipeline/Pipeline.php(180): Illuminate/Foundation/Http/Kernel->Illuminate/Foundation/Http/{closure}(Object(Illuminate/Http/Request))
#39 E:/website_trangsuc/laptrinhweb_thi_website_trangsuc/vendor/laravel/framework/src/Illuminate/Foundation/Http/Middleware/TransformsRequest.php(21): Illuminate/Pipeline/Pipeline->Illuminate/Pipeline/{closure}(Object(Illuminate/Http/Request))
#40 E:/website_trangsuc/laptrinhweb_thi_website_trangsuc/vendor/laravel/framework/src/Illuminate/Foundation/Http/Middleware/ConvertEmptyStringsToNull.php(31): Illuminate/Foundation/Http/Middleware/TransformsRequest->handle(Object(Illuminate/Http/Request), Object(Closure))
#41 E:/website_trangsuc/laptrinhweb_thi_website_trangsuc/vendor/laravel/framework/src/Illuminate/Pipeline/Pipeline.php(219): Illuminate/Foundation/Http/Middleware/ConvertEmptyStringsToNull->handle(Object(Illuminate/Http/Request), Object(Closure))
#42 E:/website_trangsuc/laptrinhweb_thi_website_trangsuc/vendor/laravel/framework/src/Illuminate/Foundation/Http/Middleware/TransformsRequest.php(21): Illuminate/Pipeline/Pipeline->Illuminate/Pipeline/{closure}(Object(Illuminate/Http/Request))
#43 E:/website_trangsuc/laptrinhweb_thi_website_trangsuc/vendor/laravel/framework/src/Illuminate/Foundation/Http/Middleware/TrimStrings.php(51): Illuminate/Foundation/Http/Middleware/TransformsRequest->handle(Object(Illuminate/Http/Request), Object(Closure))
#44 E:/website_trangsuc/laptrinhweb_thi_website_trangsuc/vendor/laravel/framework/src/Illuminate/Pipeline/Pipeline.php(219): Illuminate/Foundation/Http/Middleware/TrimStrings->handle(Object(Illuminate/Http/Request), Object(Closure))
#45 E:/website_trangsuc/laptrinhweb_thi_website_trangsuc/vendor/laravel/framework/src/Illuminate/Http/Middleware/ValidatePostSize.php(27): Illuminate/Pipeline/Pipeline->Illuminate/Pipeline/{closure}(Object(Illuminate/Http/Request))
#46 E:/website_trangsuc/laptrinhweb_thi_website_trangsuc/vendor/laravel/framework/src/Illuminate/Pipeline/Pipeline.php(219): Illuminate/Http/Middleware/ValidatePostSize->handle(Object(Illuminate/Http/Request), Object(Closure))
#47 E:/website_trangsuc/laptrinhweb_thi_website_trangsuc/vendor/laravel/framework/src/Illuminate/Foundation/Http/Middleware/PreventRequestsDuringMaintenance.php(109): Illuminate/Pipeline/Pipeline->Illuminate/Pipeline/{closure}(Object(Illuminate/Http/Request))
#48 E:/website_trangsuc/laptrinhweb_thi_website_trangsuc/vendor/laravel/framework/src/Illuminate/Pipeline/Pipeline.php(219): Illuminate/Foundation/Http/Middleware/PreventRequestsDuringMaintenance->handle(Object(Illuminate/Http/Request), Object(Closure))
#49 E:/website_trangsuc/laptrinhweb_thi_website_trangsuc/vendor/laravel/framework/src/Illuminate/Http/Middleware/HandleCors.php(61): Illuminate/Pipeline/Pipeline->Illuminate/Pipeline/{closure}(Object(Illuminate/Http/Request))
#50 E:/website_trangsuc/laptrinhweb_thi_website_trangsuc/vendor/laravel/framework/src/Illuminate/Pipeline/Pipeline.php(219): Illuminate/Http/Middleware/HandleCors->handle(Object(Illuminate/Http/Request), Object(Closure))
#51 E:/website_trangsuc/laptrinhweb_thi_website_trangsuc/vendor/laravel/framework/src/Illuminate/Http/Middleware/TrustProxies.php(58): Illuminate/Pipeline/Pipeline->Illuminate/Pipeline/{closure}(Object(Illuminate/Http/Request))
#52 E:/website_trangsuc/laptrinhweb_thi_website_trangsuc/vendor/laravel/framework/src/Illuminate/Pipeline/Pipeline.php(219): Illuminate/Http/Middleware/TrustProxies->handle(Object(Illuminate/Http/Request), Object(Closure))
#53 E:/website_trangsuc/laptrinhweb_thi_website_trangsuc/vendor/laravel/framework/src/Illuminate/Foundation/Http/Middleware/InvokeDeferredCallbacks.php(22): Illuminate/Pipeline/Pipeline->Illuminate/Pipeline/{closure}(Object(Illuminate/Http/Request))
#54 E:/website_trangsuc/laptrinhweb_thi_website_trangsuc/vendor/laravel/framework/src/Illuminate/Pipeline/Pipeline.php(219): Illuminate/Foundation/Http/Middleware/InvokeDeferredCallbacks->handle(Object(Illuminate/Http/Request), Object(Closure))
#55 E:/website_trangsuc/laptrinhweb_thi_website_trangsuc/vendor/laravel/framework/src/Illuminate/Http/Middleware/ValidatePathEncoding.php(26): Illuminate/Pipeline/Pipeline->Illuminate/Pipeline/{closure}(Object(Illuminate/Http/Request))
#56 E:/website_trangsuc/laptrinhweb_thi_website_trangsuc/vendor/laravel/framework/src/Illuminate/Pipeline/Pipeline.php(219): Illuminate/Http/Middleware/ValidatePathEncoding->handle(Object(Illuminate/Http/Request), Object(Closure))
#57 E:/website_trangsuc/laptrinhweb_thi_website_trangsuc/vendor/laravel/framework/src/Illuminate/Pipeline/Pipeline.php(137): Illuminate/Pipeline/Pipeline->Illuminate/Pipeline/{closure}(Object(Illuminate/Http/Request))
#58 E:/website_trangsuc/laptrinhweb_thi_website_trangsuc/vendor/laravel/framework/src/Illuminate/Foundation/Http/Kernel.php(175): Illuminate/Pipeline/Pipeline->then(Object(Closure))
#59 E:/website_trangsuc/laptrinhweb_thi_website_trangsuc/vendor/laravel/framework/src/Illuminate/Foundation/Http/Kernel.php(144): Illuminate/Foundation/Http/Kernel->sendRequestThroughRouter(Object(Illuminate/Http/Request))
#60 E:/website_trangsuc/laptrinhweb_thi_website_trangsuc/vendor/laravel/framework/src/Illuminate/Foundation/Application.php(1220): Illuminate/Foundation/Http/Kernel->handle(Object(Illuminate/Http/Request))
#61 E:/website_trangsuc/laptrinhweb_thi_website_trangsuc/public/index.php(20): Illuminate/Foundation/Application->handleRequest(Object(Illuminate/Http/Request))
#62 E:/website_trangsuc/laptrinhweb_thi_website_trangsuc/vendor/laravel/framework/src/Illuminate/Foundation/resources/server.php(23): require_once('E://website_tran...')
#63 {main}

[previous exception] [object] (Illuminate\\View\\ViewException(code: 0): syntax error, unexpected token \"endif\", expecting end of file (View: E:\\website_trangsuc\\laptrinhweb_thi_website_trangsuc\\resources\\views\\partials\\header.blade.php) at E:/website_trangsuc/laptrinhweb_thi_website_trangsuc/storage/framework/views/7096621760d82c808dcefa7427f14a3b.php:22)
[stacktrace]
#0 E:/website_trangsuc/laptrinhweb_thi_website_trangsuc/vendor/laravel/framework/src/Illuminate/View/Engines/PhpEngine.php(59): Illuminate/View/Engines/CompilerEngine->handleViewException(Object(ParseError), 3)
#1 E:/website_trangsuc/laptrinhweb_thi_website_trangsuc/vendor/laravel/framework/src/Illuminate/View/Engines/CompilerEngine.php(76): Illuminate/View/Engines/PhpEngine->evaluatePath('E://website_tran...', Array)
#2 E:/website_trangsuc/laptrinhweb_thi_website_trangsuc/vendor/laravel/framework/src/Illuminate/View/View.php(208): Illuminate/View/Engines/CompilerEngine->get('E://website_tran...', Array)
#3 E:/website_trangsuc/laptrinhweb_thi_website_trangsuc/vendor/laravel/framework/src/Illuminate/View/View.php(191): Illuminate/View/View->getContents()
#4 E:/website_trangsuc/laptrinhweb_thi_website_trangsuc/vendor/laravel/framework/src/Illuminate/View/View.php(160): Illuminate/View/View->renderContents()
#5 E:/website_trangsuc/laptrinhweb_thi_website_trangsuc/storage/framework/views/dfcf19d923680090cce472b959f6b4d3.php(18): Illuminate/View/View->render()
#6 E:/website_trangsuc/laptrinhweb_thi_website_trangsuc/vendor/laravel/framework/src/Illuminate/Filesystem/Filesystem.php(123): require('E://website_tran...')
#7 E:/website_trangsuc/laptrinhweb_thi_website_trangsuc/vendor/laravel/framework/src/Illuminate/Filesystem/Filesystem.php(124): Illuminate/Filesystem/Filesystem::Illuminate/Filesystem/{closure}()
#8 E:/website_trangsuc/laptrinhweb_thi_website_trangsuc/vendor/laravel/framework/src/Illuminate/View/Engines/PhpEngine.php(57): Illuminate/Filesystem/Filesystem->getRequire('E://website_tran...', Array)
#9 E:/website_trangsuc/laptrinhweb_thi_website_trangsuc/vendor/laravel/framework/src/Illuminate/View/Engines/CompilerEngine.php(76): Illuminate/View/Engines/PhpEngine->evaluatePath('E://website_tran...', Array)
#10 E:/website_trangsuc/laptrinhweb_thi_website_trangsuc/vendor/laravel/framework/src/Illuminate/View/View.php(208): Illuminate/View/Engines/CompilerEngine->get('E://website_tran...', Array)
#11 E:/website_trangsuc/laptrinhweb_thi_website_trangsuc/vendor/laravel/framework/src/Illuminate/View/View.php(191): Illuminate/View/View->getContents()
#12 E:/website_trangsuc/laptrinhweb_thi_website_trangsuc/vendor/laravel/framework/src/Illuminate/View/View.php(160): Illuminate/View/View->renderContents()
#13 E:/website_trangsuc/laptrinhweb_thi_website_trangsuc/storage/framework/views/6464a70f796b9492a1dc89a8afa00e50.php(24): Illuminate/View/View->render()
#14 E:/website_trangsuc/laptrinhweb_thi_website_trangsuc/vendor/laravel/framework/src/Illuminate/Filesystem/Filesystem.php(123): require('E://website_tran...')
#15 E:/website_trangsuc/laptrinhweb_thi_website_trangsuc/vendor/laravel/framework/src/Illuminate/Filesystem/Filesystem.php(124): Illuminate/Filesystem/Filesystem::Illuminate/Filesystem/{closure}()
#16 E:/website_trangsuc/laptrinhweb_thi_website_trangsuc/vendor/laravel/framework/src/Illuminate/View/Engines/PhpEngine.php(57): Illuminate/Filesystem/Filesystem->getRequire('E://website_tran...', Array)
#17 E:/website_trangsuc/laptrinhweb_thi_website_trangsuc/vendor/laravel/framework/src/Illuminate/View/Engines/CompilerEngine.php(76): Illuminate/View/Engines/PhpEngine->evaluatePath('E://website_tran...', Array)
#18 E:/website_trangsuc/laptrinhweb_thi_website_trangsuc/vendor/laravel/framework/src/Illuminate/View/View.php(208): Illuminate/View/Engines/CompilerEngine->get('E://website_tran...', Array)
#19 E:/website_trangsuc/laptrinhweb_thi_website_trangsuc/vendor/laravel/framework/src/Illuminate/View/View.php(191): Illuminate/View/View->getContents()
#20 E:/website_trangsuc/laptrinhweb_thi_website_trangsuc/vendor/laravel/framework/src/Illuminate/View/View.php(160): Illuminate/View/View->renderContents()
#21 E:/website_trangsuc/laptrinhweb_thi_website_trangsuc/vendor/laravel/framework/src/Illuminate/Http/Response.php(78): Illuminate/View/View->render()
#22 E:/website_trangsuc/laptrinhweb_thi_website_trangsuc/vendor/laravel/framework/src/Illuminate/Http/Response.php(34): Illuminate/Http/Response->setContent(Object(Illuminate/View/View))
#23 E:/website_trangsuc/laptrinhweb_thi_website_trangsuc/vendor/laravel/framework/src/Illuminate/Routing/Router.php(939): Illuminate/Http/Response->__construct(Object(Illuminate/View/View), 200, Array)
#24 E:/website_trangsuc/laptrinhweb_thi_website_trangsuc/vendor/laravel/framework/src/Illuminate/Routing/Router.php(906): Illuminate/Routing/Router::toResponse(Object(Illuminate/Http/Request), Object(Illuminate/View/View))
#25 E:/website_trangsuc/laptrinhweb_thi_website_trangsuc/vendor/laravel/framework/src/Illuminate/Routing/Router.php(821): Illuminate/Routing/Router->prepareResponse(Object(Illuminate/Http/Request), Object(Illuminate/View/View))
#26 E:/website_trangsuc/laptrinhweb_thi_website_trangsuc/vendor/laravel/framework/src/Illuminate/Pipeline/Pipeline.php(180): Illuminate/Routing/Router->Illuminate/Routing/{closure}(Object(Illuminate/Http/Request))
#27 E:/website_trangsuc/laptrinhweb_thi_website_trangsuc/vendor/laravel/framework/src/Illuminate/Routing/Middleware/SubstituteBindings.php(50): Illuminate/Pipeline/Pipeline->Illuminate/Pipeline/{closure}(Object(Illuminate/Http/Request))
#28 E:/website_trangsuc/laptrinhweb_thi_website_trangsuc/vendor/laravel/framework/src/Illuminate/Pipeline/Pipeline.php(219): Illuminate/Routing/Middleware/SubstituteBindings->handle(Object(Illuminate/Http/Request), Object(Closure))
#29 E:/website_trangsuc/laptrinhweb_thi_website_trangsuc/vendor/laravel/framework/src/Illuminate/Foundation/Http/Middleware/VerifyCsrfToken.php(87): Illuminate/Pipeline/Pipeline->Illuminate/Pipeline/{closure}(Object(Illuminate/Http/Request))
#30 E:/website_trangsuc/laptrinhweb_thi_website_trangsuc/vendor/laravel/framework/src/Illuminate/Pipeline/Pipeline.php(219): Illuminate/Foundation/Http/Middleware/VerifyCsrfToken->handle(Object(Illuminate/Http/Request), Object(Closure))
#31 E:/website_trangsuc/laptrinhweb_thi_website_trangsuc/vendor/laravel/framework/src/Illuminate/View/Middleware/ShareErrorsFromSession.php(48): Illuminate/Pipeline/Pipeline->Illuminate/Pipeline/{closure}(Object(Illuminate/Http/Request))
#32 E:/website_trangsuc/laptrinhweb_thi_website_trangsuc/vendor/laravel/framework/src/Illuminate/Pipeline/Pipeline.php(219): Illuminate/View/Middleware/ShareErrorsFromSession->handle(Object(Illuminate/Http/Request), Object(Closure))
#33 E:/website_trangsuc/laptrinhweb_thi_website_trangsuc/vendor/laravel/framework/src/Illuminate/Session/Middleware/StartSession.php(120): Illuminate/Pipeline/Pipeline->Illuminate/Pipeline/{closure}(Object(Illuminate/Http/Request))
#34 E:/website_trangsuc/laptrinhweb_thi_website_trangsuc/vendor/laravel/framework/src/Illuminate/Session/Middleware/StartSession.php(63): Illuminate/Session/Middleware/StartSession->handleStatefulRequest(Object(Illuminate/Http/Request), Object(Illuminate/Session/Store), Object(Closure))
#35 E:/website_trangsuc/laptrinhweb_thi_website_trangsuc/vendor/laravel/framework/src/Illuminate/Pipeline/Pipeline.php(219): Illuminate/Session/Middleware/StartSession->handle(Object(Illuminate/Http/Request), Object(Closure))
#36 E:/website_trangsuc/laptrinhweb_thi_website_trangsuc/vendor/laravel/framework/src/Illuminate/Cookie/Middleware/AddQueuedCookiesToResponse.php(36): Illuminate/Pipeline/Pipeline->Illuminate/Pipeline/{closure}(Object(Illuminate/Http/Request))
#37 E:/website_trangsuc/laptrinhweb_thi_website_trangsuc/vendor/laravel/framework/src/Illuminate/Pipeline/Pipeline.php(219): Illuminate/Cookie/Middleware/AddQueuedCookiesToResponse->handle(Object(Illuminate/Http/Request), Object(Closure))
#38 E:/website_trangsuc/laptrinhweb_thi_website_trangsuc/vendor/laravel/framework/src/Illuminate/Cookie/Middleware/EncryptCookies.php(74): Illuminate/Pipeline/Pipeline->Illuminate/Pipeline/{closure}(Object(Illuminate/Http/Request))
#39 E:/website_trangsuc/laptrinhweb_thi_website_trangsuc/vendor/laravel/framework/src/Illuminate/Pipeline/Pipeline.php(219): Illuminate/Cookie/Middleware/EncryptCookies->handle(Object(Illuminate/Http/Request), Object(Closure))
#40 E:/website_trangsuc/laptrinhweb_thi_website_trangsuc/vendor/laravel/framework/src/Illuminate/Pipeline/Pipeline.php(137): Illuminate/Pipeline/Pipeline->Illuminate/Pipeline/{closure}(Object(Illuminate/Http/Request))
#41 E:/website_trangsuc/laptrinhweb_thi_website_trangsuc/vendor/laravel/framework/src/Illuminate/Routing/Router.php(821): Illuminate/Pipeline/Pipeline->then(Object(Closure))
#42 E:/website_trangsuc/laptrinhweb_thi_website_trangsuc/vendor/laravel/framework/src/Illuminate/Routing/Router.php(800): Illuminate/Routing/Router->runRouteWithinStack(Object(Illuminate/Routing/Route), Object(Illuminate/Http/Request))
#43 E:/website_trangsuc/laptrinhweb_thi_website_trangsuc/vendor/laravel/framework/src/Illuminate/Routing/Router.php(764): Illuminate/Routing/Router->runRoute(Object(Illuminate/Http/Request), Object(Illuminate/Routing/Route))
#44 E:/website_trangsuc/laptrinhweb_thi_website_trangsuc/vendor/laravel/framework/src/Illuminate/Routing/Router.php(753): Illuminate/Routing/Router->dispatchToRoute(Object(Illuminate/Http/Request))
#45 E:/website_trangsuc/laptrinhweb_thi_website_trangsuc/vendor/laravel/framework/src/Illuminate/Foundation/Http/Kernel.php(200): Illuminate/Routing/Router->dispatch(Object(Illuminate/Http/Request))
#46 E:/website_trangsuc/laptrinhweb_thi_website_trangsuc/vendor/laravel/framework/src/Illuminate/Pipeline/Pipeline.php(180): Illuminate/Foundation/Http/Kernel->Illuminate/Foundation/Http/{closure}(Object(Illuminate/Http/Request))
#47 E:/website_trangsuc/laptrinhweb_thi_website_trangsuc/vendor/laravel/framework/src/Illuminate/Foundation/Http/Middleware/TransformsRequest.php(21): Illuminate/Pipeline/Pipeline->Illuminate/Pipeline/{closure}(Object(Illuminate/Http/Request))
#48 E:/website_trangsuc/laptrinhweb_thi_website_trangsuc/vendor/laravel/framework/src/Illuminate/Foundation/Http/Middleware/ConvertEmptyStringsToNull.php(31): Illuminate/Foundation/Http/Middleware/TransformsRequest->handle(Object(Illuminate/Http/Request), Object(Closure))
#49 E:/website_trangsuc/laptrinhweb_thi_website_trangsuc/vendor/laravel/framework/src/Illuminate/Pipeline/Pipeline.php(219): Illuminate/Foundation/Http/Middleware/ConvertEmptyStringsToNull->handle(Object(Illuminate/Http/Request), Object(Closure))
#50 E:/website_trangsuc/laptrinhweb_thi_website_trangsuc/vendor/laravel/framework/src/Illuminate/Foundation/Http/Middleware/TransformsRequest.php(21): Illuminate/Pipeline/Pipeline->Illuminate/Pipeline/{closure}(Object(Illuminate/Http/Request))
#51 E:/website_trangsuc/laptrinhweb_thi_website_trangsuc/vendor/laravel/framework/src/Illuminate/Foundation/Http/Middleware/TrimStrings.php(51): Illuminate/Foundation/Http/Middleware/TransformsRequest->handle(Object(Illuminate/Http/Request), Object(Closure))
#52 E:/website_trangsuc/laptrinhweb_thi_website_trangsuc/vendor/laravel/framework/src/Illuminate/Pipeline/Pipeline.php(219): Illuminate/Foundation/Http/Middleware/TrimStrings->handle(Object(Illuminate/Http/Request), Object(Closure))
#53 E:/website_trangsuc/laptrinhweb_thi_website_trangsuc/vendor/laravel/framework/src/Illuminate/Http/Middleware/ValidatePostSize.php(27): Illuminate/Pipeline/Pipeline->Illuminate/Pipeline/{closure}(Object(Illuminate/Http/Request))
#54 E:/website_trangsuc/laptrinhweb_thi_website_trangsuc/vendor/laravel/framework/src/Illuminate/Pipeline/Pipeline.php(219): Illuminate/Http/Middleware/ValidatePostSize->handle(Object(Illuminate/Http/Request), Object(Closure))
#55 E:/website_trangsuc/laptrinhweb_thi_website_trangsuc/vendor/laravel/framework/src/Illuminate/Foundation/Http/Middleware/PreventRequestsDuringMaintenance.php(109): Illuminate/Pipeline/Pipeline->Illuminate/Pipeline/{closure}(Object(Illuminate/Http/Request))
#56 E:/website_trangsuc/laptrinhweb_thi_website_trangsuc/vendor/laravel/framework/src/Illuminate/Pipeline/Pipeline.php(219): Illuminate/Foundation/Http/Middleware/PreventRequestsDuringMaintenance->handle(Object(Illuminate/Http/Request), Object(Closure))
#57 E:/website_trangsuc/laptrinhweb_thi_website_trangsuc/vendor/laravel/framework/src/Illuminate/Http/Middleware/HandleCors.php(61): Illuminate/Pipeline/Pipeline->Illuminate/Pipeline/{closure}(Object(Illuminate/Http/Request))
#58 E:/website_trangsuc/laptrinhweb_thi_website_trangsuc/vendor/laravel/framework/src/Illuminate/Pipeline/Pipeline.php(219): Illuminate/Http/Middleware/HandleCors->handle(Object(Illuminate/Http/Request), Object(Closure))
#59 E:/website_trangsuc/laptrinhweb_thi_website_trangsuc/vendor/laravel/framework/src/Illuminate/Http/Middleware/TrustProxies.php(58): Illuminate/Pipeline/Pipeline->Illuminate/Pipeline/{closure}(Object(Illuminate/Http/Request))
#60 E:/website_trangsuc/laptrinhweb_thi_website_trangsuc/vendor/laravel/framework/src/Illuminate/Pipeline/Pipeline.php(219): Illuminate/Http/Middleware/TrustProxies->handle(Object(Illuminate/Http/Request), Object(Closure))
#61 E:/website_trangsuc/laptrinhweb_thi_website_trangsuc/vendor/laravel/framework/src/Illuminate/Foundation/Http/Middleware/InvokeDeferredCallbacks.php(22): Illuminate/Pipeline/Pipeline->Illuminate/Pipeline/{closure}(Object(Illuminate/Http/Request))
#62 E:/website_trangsuc/laptrinhweb_thi_website_trangsuc/vendor/laravel/framework/src/Illuminate/Pipeline/Pipeline.php(219): Illuminate/Foundation/Http/Middleware/InvokeDeferredCallbacks->handle(Object(Illuminate/Http/Request), Object(Closure))
#63 E:/website_trangsuc/laptrinhweb_thi_website_trangsuc/vendor/laravel/framework/src/Illuminate/Http/Middleware/ValidatePathEncoding.php(26): Illuminate/Pipeline/Pipeline->Illuminate/Pipeline/{closure}(Object(Illuminate/Http/Request))
#64 E:/website_trangsuc/laptrinhweb_thi_website_trangsuc/vendor/laravel/framework/src/Illuminate/Pipeline/Pipeline.php(219): Illuminate/Http/Middleware/ValidatePathEncoding->handle(Object(Illuminate/Http/Request), Object(Closure))
#65 E:/website_trangsuc/laptrinhweb_thi_website_trangsuc/vendor/laravel/framework/src/Illuminate/Pipeline/Pipeline.php(137): Illuminate/Pipeline/Pipeline->Illuminate/Pipeline/{closure}(Object(Illuminate/Http/Request))
#66 E:/website_trangsuc/laptrinhweb_thi_website_trangsuc/vendor/laravel/framework/src/Illuminate/Foundation/Http/Kernel.php(175): Illuminate/Pipeline/Pipeline->then(Object(Closure))
#67 E:/website_trangsuc/laptrinhweb_thi_website_trangsuc/vendor/laravel/framework/src/Illuminate/Foundation/Http/Kernel.php(144): Illuminate/Foundation/Http/Kernel->sendRequestThroughRouter(Object(Illuminate/Http/Request))
#68 E:/website_trangsuc/laptrinhweb_thi_website_trangsuc/vendor/laravel/framework/src/Illuminate/Foundation/Application.php(1220): Illuminate/Foundation/Http/Kernel->handle(Object(Illuminate/Http/Request))
#69 E:/website_trangsuc/laptrinhweb_thi_website_trangsuc/public/index.php(20): Illuminate/Foundation/Application->handleRequest(Object(Illuminate/Http/Request))
#70 E:/website_trangsuc/laptrinhweb_thi_website_trangsuc/vendor/laravel/framework/src/Illuminate/Foundation/resources/server.php(23): require_once('E://website_tran...')
#71 {main}

[previous exception] [object] (ParseError(code: 0): syntax error, unexpected token \"endif\", expecting end of file at E:/website_trangsuc/laptrinhweb_thi_website_trangsuc/storage/framework/views/7096621760d82c808dcefa7427f14a3b.php:22)
[stacktrace]
#0 E:/website_trangsuc/laptrinhweb_thi_website_trangsuc/vendor/laravel/framework/src/Illuminate/Filesystem/Filesystem.php(124): Illuminate/Filesystem/Filesystem::Illuminate/Filesystem/{closure}()
#1 E:/website_trangsuc/laptrinhweb_thi_website_trangsuc/vendor/laravel/framework/src/Illuminate/View/Engines/PhpEngine.php(57): Illuminate/Filesystem/Filesystem->getRequire('E://website_tran...', Array)
#2 E:/website_trangsuc/laptrinhweb_thi_website_trangsuc/vendor/laravel/framework/src/Illuminate/View/Engines/CompilerEngine.php(76): Illuminate/View/Engines/PhpEngine->evaluatePath('E://website_tran...', Array)
#3 E:/website_trangsuc/laptrinhweb_thi_website_trangsuc/vendor/laravel/framework/src/Illuminate/View/View.php(208): Illuminate/View/Engines/CompilerEngine->get('E://website_tran...', Array)
#4 E:/website_trangsuc/laptrinhweb_thi_website_trangsuc/vendor/laravel/framework/src/Illuminate/View/View.php(191): Illuminate/View/View->getContents()
#5 E:/website_trangsuc/laptrinhweb_thi_website_trangsuc/vendor/laravel/framework/src/Illuminate/View/View.php(160): Illuminate/View/View->renderContents()
#6 E:/website_trangsuc/laptrinhweb_thi_website_trangsuc/storage/framework/views/dfcf19d923680090cce472b959f6b4d3.php(18): Illuminate/View/View->render()
#7 E:/website_trangsuc/laptrinhweb_thi_website_trangsuc/vendor/laravel/framework/src/Illuminate/Filesystem/Filesystem.php(123): require('E://website_tran...')
#8 E:/website_trangsuc/laptrinhweb_thi_website_trangsuc/vendor/laravel/framework/src/Illuminate/Filesystem/Filesystem.php(124): Illuminate/Filesystem/Filesystem::Illuminate/Filesystem/{closure}()
#9 E:/website_trangsuc/laptrinhweb_thi_website_trangsuc/vendor/laravel/framework/src/Illuminate/View/Engines/PhpEngine.php(57): Illuminate/Filesystem/Filesystem->getRequire('E://website_tran...', Array)
#10 E:/website_trangsuc/laptrinhweb_thi_website_trangsuc/vendor/laravel/framework/src/Illuminate/View/Engines/CompilerEngine.php(76): Illuminate/View/Engines/PhpEngine->evaluatePath('E://website_tran...', Array)
#11 E:/website_trangsuc/laptrinhweb_thi_website_trangsuc/vendor/laravel/framework/src/Illuminate/View/View.php(208): Illuminate/View/Engines/CompilerEngine->get('E://website_tran...', Array)
#12 E:/website_trangsuc/laptrinhweb_thi_website_trangsuc/vendor/laravel/framework/src/Illuminate/View/View.php(191): Illuminate/View/View->getContents()
#13 E:/website_trangsuc/laptrinhweb_thi_website_trangsuc/vendor/laravel/framework/src/Illuminate/View/View.php(160): Illuminate/View/View->renderContents()
#14 E:/website_trangsuc/laptrinhweb_thi_website_trangsuc/storage/framework/views/6464a70f796b9492a1dc89a8afa00e50.php(24): Illuminate/View/View->render()
#15 E:/website_trangsuc/laptrinhweb_thi_website_trangsuc/vendor/laravel/framework/src/Illuminate/Filesystem/Filesystem.php(123): require('E://website_tran...')
#16 E:/website_trangsuc/laptrinhweb_thi_website_trangsuc/vendor/laravel/framework/src/Illuminate/Filesystem/Filesystem.php(124): Illuminate/Filesystem/Filesystem::Illuminate/Filesystem/{closure}()
#17 E:/website_trangsuc/laptrinhweb_thi_website_trangsuc/vendor/laravel/framework/src/Illuminate/View/Engines/PhpEngine.php(57): Illuminate/Filesystem/Filesystem->getRequire('E://website_tran...', Array)
#18 E:/website_trangsuc/laptrinhweb_thi_website_trangsuc/vendor/laravel/framework/src/Illuminate/View/Engines/CompilerEngine.php(76): Illuminate/View/Engines/PhpEngine->evaluatePath('E://website_tran...', Array)
#19 E:/website_trangsuc/laptrinhweb_thi_website_trangsuc/vendor/laravel/framework/src/Illuminate/View/View.php(208): Illuminate/View/Engines/CompilerEngine->get('E://website_tran...', Array)
#20 E:/website_trangsuc/laptrinhweb_thi_website_trangsuc/vendor/laravel/framework/src/Illuminate/View/View.php(191): Illuminate/View/View->getContents()
#21 E:/website_trangsuc/laptrinhweb_thi_website_trangsuc/vendor/laravel/framework/src/Illuminate/View/View.php(160): Illuminate/View/View->renderContents()
#22 E:/website_trangsuc/laptrinhweb_thi_website_trangsuc/vendor/laravel/framework/src/Illuminate/Http/Response.php(78): Illuminate/View/View->render()
#23 E:/website_trangsuc/laptrinhweb_thi_website_trangsuc/vendor/laravel/framework/src/Illuminate/Http/Response.php(34): Illuminate/Http/Response->setContent(Object(Illuminate/View/View))
#24 E:/website_trangsuc/laptrinhweb_thi_website_trangsuc/vendor/laravel/framework/src/Illuminate/Routing/Router.php(939): Illuminate/Http/Response->__construct(Object(Illuminate/View/View), 200, Array)
#25 E:/website_trangsuc/laptrinhweb_thi_website_trangsuc/vendor/laravel/framework/src/Illuminate/Routing/Router.php(906): Illuminate/Routing/Router::toResponse(Object(Illuminate/Http/Request), Object(Illuminate/View/View))
#26 E:/website_trangsuc/laptrinhweb_thi_website_trangsuc/vendor/laravel/framework/src/Illuminate/Routing/Router.php(821): Illuminate/Routing/Router->prepareResponse(Object(Illuminate/Http/Request), Object(Illuminate/View/View))
#27 E:/website_trangsuc/laptrinhweb_thi_website_trangsuc/vendor/laravel/framework/src/Illuminate/Pipeline/Pipeline.php(180): Illuminate/Routing/Router->Illuminate/Routing/{closure}(Object(Illuminate/Http/Request))
#28 E:/website_trangsuc/laptrinhweb_thi_website_trangsuc/vendor/laravel/framework/src/Illuminate/Routing/Middleware/SubstituteBindings.php(50): Illuminate/Pipeline/Pipeline->Illuminate/Pipeline/{closure}(Object(Illuminate/Http/Request))
#29 E:/website_trangsuc/laptrinhweb_thi_website_trangsuc/vendor/laravel/framework/src/Illuminate/Pipeline/Pipeline.php(219): Illuminate/Routing/Middleware/SubstituteBindings->handle(Object(Illuminate/Http/Request), Object(Closure))
#30 E:/website_trangsuc/laptrinhweb_thi_website_trangsuc/vendor/laravel/framework/src/Illuminate/Foundation/Http/Middleware/VerifyCsrfToken.php(87): Illuminate/Pipeline/Pipeline->Illuminate/Pipeline/{closure}(Object(Illuminate/Http/Request))
#31 E:/website_trangsuc/laptrinhweb_thi_website_trangsuc/vendor/laravel/framework/src/Illuminate/Pipeline/Pipeline.php(219): Illuminate/Foundation/Http/Middleware/VerifyCsrfToken->handle(Object(Illuminate/Http/Request), Object(Closure))
#32 E:/website_trangsuc/laptrinhweb_thi_website_trangsuc/vendor/laravel/framework/src/Illuminate/View/Middleware/ShareErrorsFromSession.php(48): Illuminate/Pipeline/Pipeline->Illuminate/Pipeline/{closure}(Object(Illuminate/Http/Request))
#33 E:/website_trangsuc/laptrinhweb_thi_website_trangsuc/vendor/laravel/framework/src/Illuminate/Pipeline/Pipeline.php(219): Illuminate/View/Middleware/ShareErrorsFromSession->handle(Object(Illuminate/Http/Request), Object(Closure))
#34 E:/website_trangsuc/laptrinhweb_thi_website_trangsuc/vendor/laravel/framework/src/Illuminate/Session/Middleware/StartSession.php(120): Illuminate/Pipeline/Pipeline->Illuminate/Pipeline/{closure}(Object(Illuminate/Http/Request))
#35 E:/website_trangsuc/laptrinhweb_thi_website_trangsuc/vendor/laravel/framework/src/Illuminate/Session/Middleware/StartSession.php(63): Illuminate/Session/Middleware/StartSession->handleStatefulRequest(Object(Illuminate/Http/Request), Object(Illuminate/Session/Store), Object(Closure))
#36 E:/website_trangsuc/laptrinhweb_thi_website_trangsuc/vendor/laravel/framework/src/Illuminate/Pipeline/Pipeline.php(219): Illuminate/Session/Middleware/StartSession->handle(Object(Illuminate/Http/Request), Object(Closure))
#37 E:/website_trangsuc/laptrinhweb_thi_website_trangsuc/vendor/laravel/framework/src/Illuminate/Cookie/Middleware/AddQueuedCookiesToResponse.php(36): Illuminate/Pipeline/Pipeline->Illuminate/Pipeline/{closure}(Object(Illuminate/Http/Request))
#38 E:/website_trangsuc/laptrinhweb_thi_website_trangsuc/vendor/laravel/framework/src/Illuminate/Pipeline/Pipeline.php(219): Illuminate/Cookie/Middleware/AddQueuedCookiesToResponse->handle(Object(Illuminate/Http/Request), Object(Closure))
#39 E:/website_trangsuc/laptrinhweb_thi_website_trangsuc/vendor/laravel/framework/src/Illuminate/Cookie/Middleware/EncryptCookies.php(74): Illuminate/Pipeline/Pipeline->Illuminate/Pipeline/{closure}(Object(Illuminate/Http/Request))
#40 E:/website_trangsuc/laptrinhweb_thi_website_trangsuc/vendor/laravel/framework/src/Illuminate/Pipeline/Pipeline.php(219): Illuminate/Cookie/Middleware/EncryptCookies->handle(Object(Illuminate/Http/Request), Object(Closure))
#41 E:/website_trangsuc/laptrinhweb_thi_website_trangsuc/vendor/laravel/framework/src/Illuminate/Pipeline/Pipeline.php(137): Illuminate/Pipeline/Pipeline->Illuminate/Pipeline/{closure}(Object(Illuminate/Http/Request))
#42 E:/website_trangsuc/laptrinhweb_thi_website_trangsuc/vendor/laravel/framework/src/Illuminate/Routing/Router.php(821): Illuminate/Pipeline/Pipeline->then(Object(Closure))
#43 E:/website_trangsuc/laptrinhweb_thi_website_trangsuc/vendor/laravel/framework/src/Illuminate/Routing/Router.php(800): Illuminate/Routing/Router->runRouteWithinStack(Object(Illuminate/Routing/Route), Object(Illuminate/Http/Request))
#44 E:/website_trangsuc/laptrinhweb_thi_website_trangsuc/vendor/laravel/framework/src/Illuminate/Routing/Router.php(764): Illuminate/Routing/Router->runRoute(Object(Illuminate/Http/Request), Object(Illuminate/Routing/Route))
#45 E:/website_trangsuc/laptrinhweb_thi_website_trangsuc/vendor/laravel/framework/src/Illuminate/Routing/Router.php(753): Illuminate/Routing/Router->dispatchToRoute(Object(Illuminate/Http/Request))
#46 E:/website_trangsuc/laptrinhweb_thi_website_trangsuc/vendor/laravel/framework/src/Illuminate/Foundation/Http/Kernel.php(200): Illuminate/Routing/Router->dispatch(Object(Illuminate/Http/Request))
#47 E:/website_trangsuc/laptrinhweb_thi_website_trangsuc/vendor/laravel/framework/src/Illuminate/Pipeline/Pipeline.php(180): Illuminate/Foundation/Http/Kernel->Illuminate/Foundation/Http/{closure}(Object(Illuminate/Http/Request))
#48 E:/website_trangsuc/laptrinhweb_thi_website_trangsuc/vendor/laravel/framework/src/Illuminate/Foundation/Http/Middleware/TransformsRequest.php(21): Illuminate/Pipeline/Pipeline->Illuminate/Pipeline/{closure}(Object(Illuminate/Http/Request))
#49 E:/website_trangsuc/laptrinhweb_thi_website_trangsuc/vendor/laravel/framework/src/Illuminate/Foundation/Http/Middleware/ConvertEmptyStringsToNull.php(31): Illuminate/Foundation/Http/Middleware/TransformsRequest->handle(Object(Illuminate/Http/Request), Object(Closure))
#50 E:/website_trangsuc/laptrinhweb_thi_website_trangsuc/vendor/laravel/framework/src/Illuminate/Pipeline/Pipeline.php(219): Illuminate/Foundation/Http/Middleware/ConvertEmptyStringsToNull->handle(Object(Illuminate/Http/Request), Object(Closure))
#51 E:/website_trangsuc/laptrinhweb_thi_website_trangsuc/vendor/laravel/framework/src/Illuminate/Foundation/Http/Middleware/TransformsRequest.php(21): Illuminate/Pipeline/Pipeline->Illuminate/Pipeline/{closure}(Object(Illuminate/Http/Request))
#52 E:/website_trangsuc/laptrinhweb_thi_website_trangsuc/vendor/laravel/framework/src/Illuminate/Foundation/Http/Middleware/TrimStrings.php(51): Illuminate/Foundation/Http/Middleware/TransformsRequest->handle(Object(Illuminate/Http/Request), Object(Closure))
#53 E:/website_trangsuc/laptrinhweb_thi_website_trangsuc/vendor/laravel/framework/src/Illuminate/Pipeline/Pipeline.php(219): Illuminate/Foundation/Http/Middleware/TrimStrings->handle(Object(Illuminate/Http/Request), Object(Closure))
#54 E:/website_trangsuc/laptrinhweb_thi_website_trangsuc/vendor/laravel/framework/src/Illuminate/Http/Middleware/ValidatePostSize.php(27): Illuminate/Pipeline/Pipeline->Illuminate/Pipeline/{closure}(Object(Illuminate/Http/Request))
#55 E:/website_trangsuc/laptrinhweb_thi_website_trangsuc/vendor/laravel/framework/src/Illuminate/Pipeline/Pipeline.php(219): Illuminate/Http/Middleware/ValidatePostSize->handle(Object(Illuminate/Http/Request), Object(Closure))
#56 E:/website_trangsuc/laptrinhweb_thi_website_trangsuc/vendor/laravel/framework/src/Illuminate/Foundation/Http/Middleware/PreventRequestsDuringMaintenance.php(109): Illuminate/Pipeline/Pipeline->Illuminate/Pipeline/{closure}(Object(Illuminate/Http/Request))
#57 E:/website_trangsuc/laptrinhweb_thi_website_trangsuc/vendor/laravel/framework/src/Illuminate/Pipeline/Pipeline.php(219): Illuminate/Foundation/Http/Middleware/PreventRequestsDuringMaintenance->handle(Object(Illuminate/Http/Request), Object(Closure))
#58 E:/website_trangsuc/laptrinhweb_thi_website_trangsuc/vendor/laravel/framework/src/Illuminate/Http/Middleware/HandleCors.php(61): Illuminate/Pipeline/Pipeline->Illuminate/Pipeline/{closure}(Object(Illuminate/Http/Request))
#59 E:/website_trangsuc/laptrinhweb_thi_website_trangsuc/vendor/laravel/framework/src/Illuminate/Pipeline/Pipeline.php(219): Illuminate/Http/Middleware/HandleCors->handle(Object(Illuminate/Http/Request), Object(Closure))
#60 E:/website_trangsuc/laptrinhweb_thi_website_trangsuc/vendor/laravel/framework/src/Illuminate/Http/Middleware/TrustProxies.php(58): Illuminate/Pipeline/Pipeline->Illuminate/Pipeline/{closure}(Object(Illuminate/Http/Request))
#61 E:/website_trangsuc/laptrinhweb_thi_website_trangsuc/vendor/laravel/framework/src/Illuminate/Pipeline/Pipeline.php(219): Illuminate/Http/Middleware/TrustProxies->handle(Object(Illuminate/Http/Request), Object(Closure))
#62 E:/website_trangsuc/laptrinhweb_thi_website_trangsuc/vendor/laravel/framework/src/Illuminate/Foundation/Http/Middleware/InvokeDeferredCallbacks.php(22): Illuminate/Pipeline/Pipeline->Illuminate/Pipeline/{closure}(Object(Illuminate/Http/Request))
#63 E:/website_trangsuc/laptrinhweb_thi_website_trangsuc/vendor/laravel/framework/src/Illuminate/Pipeline/Pipeline.php(219): Illuminate/Foundation/Http/Middleware/InvokeDeferredCallbacks->handle(Object(Illuminate/Http/Request), Object(Closure))
#64 E:/website_trangsuc/laptrinhweb_thi_website_trangsuc/vendor/laravel/framework/src/Illuminate/Http/Middleware/ValidatePathEncoding.php(26): Illuminate/Pipeline/Pipeline->Illuminate/Pipeline/{closure}(Object(Illuminate/Http/Request))
#65 E:/website_trangsuc/laptrinhweb_thi_website_trangsuc/vendor/laravel/framework/src/Illuminate/Pipeline/Pipeline.php(219): Illuminate/Http/Middleware/ValidatePathEncoding->handle(Object(Illuminate/Http/Request), Object(Closure))
#66 E:/website_trangsuc/laptrinhweb_thi_website_trangsuc/vendor/laravel/framework/src/Illuminate/Pipeline/Pipeline.php(137): Illuminate/Pipeline/Pipeline->Illuminate/Pipeline/{closure}(Object(Illuminate/Http/Request))
#67 E:/website_trangsuc/laptrinhweb_thi_website_trangsuc/vendor/laravel/framework/src/Illuminate/Foundation/Http/Kernel.php(175): Illuminate/Pipeline/Pipeline->then(Object(Closure))
#68 E:/website_trangsuc/laptrinhweb_thi_website_trangsuc/vendor/laravel/framework/src/Illuminate/Foundation/Http/Kernel.php(144): Illuminate/Foundation/Http/Kernel->sendRequestThroughRouter(Object(Illuminate/Http/Request))
#69 E:/website_trangsuc/laptrinhweb_thi_website_trangsuc/vendor/laravel/framework/src/Illuminate/Foundation/Application.php(1220): Illuminate/Foundation/Http/Kernel->handle(Object(Illuminate/Http/Request))
#70 E:/website_trangsuc/laptrinhweb_thi_website_trangsuc/public/index.php(20): Illuminate/Foundation/Application->handleRequest(Object(Illuminate/Http/Request))
#71 E:/website_trangsuc/laptrinhweb_thi_website_trangsuc/vendor/laravel/framework/src/Illuminate/Foundation/resources/server.php(23): require_once('E://website_tran...')
#72 {main}
"} 
[2026-05-31 08:45:17] local.ERROR: syntax error, unexpected token "endif", expecting end of file (View: E:\website_trangsuc\laptrinhweb_thi_website_trangsuc\resources\views\partials\header.blade.php) (View: E:\website_trangsuc\laptrinhweb_thi_website_trangsuc\resources\views\partials\header.blade.php) (View: E:\website_trangsuc\laptrinhweb_thi_website_trangsuc\resources\views\partials\header.blade.php) {"userId":"TK036","exception":"[object] (Illuminate\\View\\ViewException(code: 0): syntax error, unexpected token \"endif\", expecting end of file (View: E:\\website_trangsuc\\laptrinhweb_thi_website_trangsuc\\resources\\views\\partials\\header.blade.php) (View: E:\\website_trangsuc\\laptrinhweb_thi_website_trangsuc\\resources\\views\\partials\\header.blade.php) (View: E:\\website_trangsuc\\laptrinhweb_thi_website_trangsuc\\resources\\views\\partials\\header.blade.php) at E:/website_trangsuc/laptrinhweb_thi_website_trangsuc/storage/framework/views/7096621760d82c808dcefa7427f14a3b.php:22)
[stacktrace]
#0 E:/website_trangsuc/laptrinhweb_thi_website_trangsuc/vendor/laravel/framework/src/Illuminate/View/Engines/PhpEngine.php(59): Illuminate/View/Engines/CompilerEngine->handleViewException(Object(Illuminate/View/ViewException), 1)
#1 E:/website_trangsuc/laptrinhweb_thi_website_trangsuc/vendor/laravel/framework/src/Illuminate/View/Engines/CompilerEngine.php(76): Illuminate/View/Engines/PhpEngine->evaluatePath('E://website_tran...', Array)
#2 E:/website_trangsuc/laptrinhweb_thi_website_trangsuc/vendor/laravel/framework/src/Illuminate/View/View.php(208): Illuminate/View/Engines/CompilerEngine->get('E://website_tran...', Array)
#3 E:/website_trangsuc/laptrinhweb_thi_website_trangsuc/vendor/laravel/framework/src/Illuminate/View/View.php(191): Illuminate/View/View->getContents()
#4 E:/website_trangsuc/laptrinhweb_thi_website_trangsuc/vendor/laravel/framework/src/Illuminate/View/View.php(160): Illuminate/View/View->renderContents()
#5 E:/website_trangsuc/laptrinhweb_thi_website_trangsuc/vendor/laravel/framework/src/Illuminate/Http/Response.php(78): Illuminate/View/View->render()
#6 E:/website_trangsuc/laptrinhweb_thi_website_trangsuc/vendor/laravel/framework/src/Illuminate/Http/Response.php(34): Illuminate/Http/Response->setContent(Object(Illuminate/View/View))
#7 E:/website_trangsuc/laptrinhweb_thi_website_trangsuc/vendor/laravel/framework/src/Illuminate/Routing/Router.php(939): Illuminate/Http/Response->__construct(Object(Illuminate/View/View), 200, Array)
#8 E:/website_trangsuc/laptrinhweb_thi_website_trangsuc/vendor/laravel/framework/src/Illuminate/Routing/Router.php(906): Illuminate/Routing/Router::toResponse(Object(Illuminate/Http/Request), Object(Illuminate/View/View))
#9 E:/website_trangsuc/laptrinhweb_thi_website_trangsuc/vendor/laravel/framework/src/Illuminate/Routing/Router.php(821): Illuminate/Routing/Router->prepareResponse(Object(Illuminate/Http/Request), Object(Illuminate/View/View))
#10 E:/website_trangsuc/laptrinhweb_thi_website_trangsuc/vendor/laravel/framework/src/Illuminate/Pipeline/Pipeline.php(180): Illuminate/Routing/Router->Illuminate/Routing/{closure}(Object(Illuminate/Http/Request))
#11 E:/website_trangsuc/laptrinhweb_thi_website_trangsuc/vendor/laravel/framework/src/Illuminate/Routing/Middleware/SubstituteBindings.php(50): Illuminate/Pipeline/Pipeline->Illuminate/Pipeline/{closure}(Object(Illuminate/Http/Request))
#12 E:/website_trangsuc/laptrinhweb_thi_website_trangsuc/vendor/laravel/framework/src/Illuminate/Pipeline/Pipeline.php(219): Illuminate/Routing/Middleware/SubstituteBindings->handle(Object(Illuminate/Http/Request), Object(Closure))
#13 E:/website_trangsuc/laptrinhweb_thi_website_trangsuc/vendor/laravel/framework/src/Illuminate/Foundation/Http/Middleware/VerifyCsrfToken.php(87): Illuminate/Pipeline/Pipeline->Illuminate/Pipeline/{closure}(Object(Illuminate/Http/Request))
#14 E:/website_trangsuc/laptrinhweb_thi_website_trangsuc/vendor/laravel/framework/src/Illuminate/Pipeline/Pipeline.php(219): Illuminate/Foundation/Http/Middleware/VerifyCsrfToken->handle(Object(Illuminate/Http/Request), Object(Closure))
#15 E:/website_trangsuc/laptrinhweb_thi_website_trangsuc/vendor/laravel/framework/src/Illuminate/View/Middleware/ShareErrorsFromSession.php(48): Illuminate/Pipeline/Pipeline->Illuminate/Pipeline/{closure}(Object(Illuminate/Http/Request))
#16 E:/website_trangsuc/laptrinhweb_thi_website_trangsuc/vendor/laravel/framework/src/Illuminate/Pipeline/Pipeline.php(219): Illuminate/View/Middleware/ShareErrorsFromSession->handle(Object(Illuminate/Http/Request), Object(Closure))
#17 E:/website_trangsuc/laptrinhweb_thi_website_trangsuc/vendor/laravel/framework/src/Illuminate/Session/Middleware/StartSession.php(120): Illuminate/Pipeline/Pipeline->Illuminate/Pipeline/{closure}(Object(Illuminate/Http/Request))
#18 E:/website_trangsuc/laptrinhweb_thi_website_trangsuc/vendor/laravel/framework/src/Illuminate/Session/Middleware/StartSession.php(63): Illuminate/Session/Middleware/StartSession->handleStatefulRequest(Object(Illuminate/Http/Request), Object(Illuminate/Session/Store), Object(Closure))
#19 E:/website_trangsuc/laptrinhweb_thi_website_trangsuc/vendor/laravel/framework/src/Illuminate/Pipeline/Pipeline.php(219): Illuminate/Session/Middleware/StartSession->handle(Object(Illuminate/Http/Request), Object(Closure))
#20 E:/website_trangsuc/laptrinhweb_thi_website_trangsuc/vendor/laravel/framework/src/Illuminate/Cookie/Middleware/AddQueuedCookiesToResponse.php(36): Illuminate/Pipeline/Pipeline->Illuminate/Pipeline/{closure}(Object(Illuminate/Http/Request))
#21 E:/website_trangsuc/laptrinhweb_thi_website_trangsuc/vendor/laravel/framework/src/Illuminate/Pipeline/Pipeline.php(219): Illuminate/Cookie/Middleware/AddQueuedCookiesToResponse->handle(Object(Illuminate/Http/Request), Object(Closure))
#22 E:/website_trangsuc/laptrinhweb_thi_website_trangsuc/vendor/laravel/framework/src/Illuminate/Cookie/Middleware/EncryptCookies.php(74): Illuminate/Pipeline/Pipeline->Illuminate/Pipeline/{closure}(Object(Illuminate/Http/Request))
#23 E:/website_trangsuc/laptrinhweb_thi_website_trangsuc/vendor/laravel/framework/src/Illuminate/Pipeline/Pipeline.php(219): Illuminate/Cookie/Middleware/EncryptCookies->handle(Object(Illuminate/Http/Request), Object(Closure))
#24 E:/website_trangsuc/laptrinhweb_thi_website_trangsuc/vendor/laravel/framework/src/Illuminate/Pipeline/Pipeline.php(137): Illuminate/Pipeline/Pipeline->Illuminate/Pipeline/{closure}(Object(Illuminate/Http/Request))
#25 E:/website_trangsuc/laptrinhweb_thi_website_trangsuc/vendor/laravel/framework/src/Illuminate/Routing/Router.php(821): Illuminate/Pipeline/Pipeline->then(Object(Closure))
#26 E:/website_trangsuc/laptrinhweb_thi_website_trangsuc/vendor/laravel/framework/src/Illuminate/Routing/Router.php(800): Illuminate/Routing/Router->runRouteWithinStack(Object(Illuminate/Routing/Route), Object(Illuminate/Http/Request))
#27 E:/website_trangsuc/laptrinhweb_thi_website_trangsuc/vendor/laravel/framework/src/Illuminate/Routing/Router.php(764): Illuminate/Routing/Router->runRoute(Object(Illuminate/Http/Request), Object(Illuminate/Routing/Route))
#28 E:/website_trangsuc/laptrinhweb_thi_website_trangsuc/vendor/laravel/framework/src/Illuminate/Routing/Router.php(753): Illuminate/Routing/Router->dispatchToRoute(Object(Illuminate/Http/Request))
#29 E:/website_trangsuc/laptrinhweb_thi_website_trangsuc/vendor/laravel/framework/src/Illuminate/Foundation/Http/Kernel.php(200): Illuminate/Routing/Router->dispatch(Object(Illuminate/Http/Request))
#30 E:/website_trangsuc/laptrinhweb_thi_website_trangsuc/vendor/laravel/framework/src/Illuminate/Pipeline/Pipeline.php(180): Illuminate/Foundation/Http/Kernel->Illuminate/Foundation/Http/{closure}(Object(Illuminate/Http/Request))
#31 E:/website_trangsuc/laptrinhweb_thi_website_trangsuc/vendor/laravel/framework/src/Illuminate/Foundation/Http/Middleware/TransformsRequest.php(21): Illuminate/Pipeline/Pipeline->Illuminate/Pipeline/{closure}(Object(Illuminate/Http/Request))
#32 E:/website_trangsuc/laptrinhweb_thi_website_trangsuc/vendor/laravel/framework/src/Illuminate/Foundation/Http/Middleware/ConvertEmptyStringsToNull.php(31): Illuminate/Foundation/Http/Middleware/TransformsRequest->handle(Object(Illuminate/Http/Request), Object(Closure))
#33 E:/website_trangsuc/laptrinhweb_thi_website_trangsuc/vendor/laravel/framework/src/Illuminate/Pipeline/Pipeline.php(219): Illuminate/Foundation/Http/Middleware/ConvertEmptyStringsToNull->handle(Object(Illuminate/Http/Request), Object(Closure))
#34 E:/website_trangsuc/laptrinhweb_thi_website_trangsuc/vendor/laravel/framework/src/Illuminate/Foundation/Http/Middleware/TransformsRequest.php(21): Illuminate/Pipeline/Pipeline->Illuminate/Pipeline/{closure}(Object(Illuminate/Http/Request))
#35 E:/website_trangsuc/laptrinhweb_thi_website_trangsuc/vendor/laravel/framework/src/Illuminate/Foundation/Http/Middleware/TrimStrings.php(51): Illuminate/Foundation/Http/Middleware/TransformsRequest->handle(Object(Illuminate/Http/Request), Object(Closure))
#36 E:/website_trangsuc/laptrinhweb_thi_website_trangsuc/vendor/laravel/framework/src/Illuminate/Pipeline/Pipeline.php(219): Illuminate/Foundation/Http/Middleware/TrimStrings->handle(Object(Illuminate/Http/Request), Object(Closure))
#37 E:/website_trangsuc/laptrinhweb_thi_website_trangsuc/vendor/laravel/framework/src/Illuminate/Http/Middleware/ValidatePostSize.php(27): Illuminate/Pipeline/Pipeline->Illuminate/Pipeline/{closure}(Object(Illuminate/Http/Request))
#38 E:/website_trangsuc/laptrinhweb_thi_website_trangsuc/vendor/laravel/framework/src/Illuminate/Pipeline/Pipeline.php(219): Illuminate/Http/Middleware/ValidatePostSize->handle(Object(Illuminate/Http/Request), Object(Closure))
#39 E:/website_trangsuc/laptrinhweb_thi_website_trangsuc/vendor/laravel/framework/src/Illuminate/Foundation/Http/Middleware/PreventRequestsDuringMaintenance.php(109): Illuminate/Pipeline/Pipeline->Illuminate/Pipeline/{closure}(Object(Illuminate/Http/Request))
#40 E:/website_trangsuc/laptrinhweb_thi_website_trangsuc/vendor/laravel/framework/src/Illuminate/Pipeline/Pipeline.php(219): Illuminate/Foundation/Http/Middleware/PreventRequestsDuringMaintenance->handle(Object(Illuminate/Http/Request), Object(Closure))
#41 E:/website_trangsuc/laptrinhweb_thi_website_trangsuc/vendor/laravel/framework/src/Illuminate/Http/Middleware/HandleCors.php(61): Illuminate/Pipeline/Pipeline->Illuminate/Pipeline/{closure}(Object(Illuminate/Http/Request))
#42 E:/website_trangsuc/laptrinhweb_thi_website_trangsuc/vendor/laravel/framework/src/Illuminate/Pipeline/Pipeline.php(219): Illuminate/Http/Middleware/HandleCors->handle(Object(Illuminate/Http/Request), Object(Closure))
#43 E:/website_trangsuc/laptrinhweb_thi_website_trangsuc/vendor/laravel/framework/src/Illuminate/Http/Middleware/TrustProxies.php(58): Illuminate/Pipeline/Pipeline->Illuminate/Pipeline/{closure}(Object(Illuminate/Http/Request))
#44 E:/website_trangsuc/laptrinhweb_thi_website_trangsuc/vendor/laravel/framework/src/Illuminate/Pipeline/Pipeline.php(219): Illuminate/Http/Middleware/TrustProxies->handle(Object(Illuminate/Http/Request), Object(Closure))
#45 E:/website_trangsuc/laptrinhweb_thi_website_trangsuc/vendor/laravel/framework/src/Illuminate/Foundation/Http/Middleware/InvokeDeferredCallbacks.php(22): Illuminate/Pipeline/Pipeline->Illuminate/Pipeline/{closure}(Object(Illuminate/Http/Request))
#46 E:/website_trangsuc/laptrinhweb_thi_website_trangsuc/vendor/laravel/framework/src/Illuminate/Pipeline/Pipeline.php(219): Illuminate/Foundation/Http/Middleware/InvokeDeferredCallbacks->handle(Object(Illuminate/Http/Request), Object(Closure))
#47 E:/website_trangsuc/laptrinhweb_thi_website_trangsuc/vendor/laravel/framework/src/Illuminate/Http/Middleware/ValidatePathEncoding.php(26): Illuminate/Pipeline/Pipeline->Illuminate/Pipeline/{closure}(Object(Illuminate/Http/Request))
#48 E:/website_trangsuc/laptrinhweb_thi_website_trangsuc/vendor/laravel/framework/src/Illuminate/Pipeline/Pipeline.php(219): Illuminate/Http/Middleware/ValidatePathEncoding->handle(Object(Illuminate/Http/Request), Object(Closure))
#49 E:/website_trangsuc/laptrinhweb_thi_website_trangsuc/vendor/laravel/framework/src/Illuminate/Pipeline/Pipeline.php(137): Illuminate/Pipeline/Pipeline->Illuminate/Pipeline/{closure}(Object(Illuminate/Http/Request))
#50 E:/website_trangsuc/laptrinhweb_thi_website_trangsuc/vendor/laravel/framework/src/Illuminate/Foundation/Http/Kernel.php(175): Illuminate/Pipeline/Pipeline->then(Object(Closure))
#51 E:/website_trangsuc/laptrinhweb_thi_website_trangsuc/vendor/laravel/framework/src/Illuminate/Foundation/Http/Kernel.php(144): Illuminate/Foundation/Http/Kernel->sendRequestThroughRouter(Object(Illuminate/Http/Request))
#52 E:/website_trangsuc/laptrinhweb_thi_website_trangsuc/vendor/laravel/framework/src/Illuminate/Foundation/Application.php(1220): Illuminate/Foundation/Http/Kernel->handle(Object(Illuminate/Http/Request))
#53 E:/website_trangsuc/laptrinhweb_thi_website_trangsuc/public/index.php(20): Illuminate/Foundation/Application->handleRequest(Object(Illuminate/Http/Request))
#54 E:/website_trangsuc/laptrinhweb_thi_website_trangsuc/vendor/laravel/framework/src/Illuminate/Foundation/resources/server.php(23): require_once('E://website_tran...')
#55 {main}

[previous exception] [object] (Illuminate\\View\\ViewException(code: 0): syntax error, unexpected token \"endif\", expecting end of file (View: E:\\website_trangsuc\\laptrinhweb_thi_website_trangsuc\\resources\\views\\partials\\header.blade.php) (View: E:\\website_trangsuc\\laptrinhweb_thi_website_trangsuc\\resources\\views\\partials\\header.blade.php) at E:/website_trangsuc/laptrinhweb_thi_website_trangsuc/storage/framework/views/7096621760d82c808dcefa7427f14a3b.php:22)
[stacktrace]
#0 E:/website_trangsuc/laptrinhweb_thi_website_trangsuc/vendor/laravel/framework/src/Illuminate/View/Engines/PhpEngine.php(59): Illuminate/View/Engines/CompilerEngine->handleViewException(Object(Illuminate/View/ViewException), 2)
#1 E:/website_trangsuc/laptrinhweb_thi_website_trangsuc/vendor/laravel/framework/src/Illuminate/View/Engines/CompilerEngine.php(76): Illuminate/View/Engines/PhpEngine->evaluatePath('E://website_tran...', Array)
#2 E:/website_trangsuc/laptrinhweb_thi_website_trangsuc/vendor/laravel/framework/src/Illuminate/View/View.php(208): Illuminate/View/Engines/CompilerEngine->get('E://website_tran...', Array)
#3 E:/website_trangsuc/laptrinhweb_thi_website_trangsuc/vendor/laravel/framework/src/Illuminate/View/View.php(191): Illuminate/View/View->getContents()
#4 E:/website_trangsuc/laptrinhweb_thi_website_trangsuc/vendor/laravel/framework/src/Illuminate/View/View.php(160): Illuminate/View/View->renderContents()
#5 E:/website_trangsuc/laptrinhweb_thi_website_trangsuc/storage/framework/views/6464a70f796b9492a1dc89a8afa00e50.php(24): Illuminate/View/View->render()
#6 E:/website_trangsuc/laptrinhweb_thi_website_trangsuc/vendor/laravel/framework/src/Illuminate/Filesystem/Filesystem.php(123): require('E://website_tran...')
#7 E:/website_trangsuc/laptrinhweb_thi_website_trangsuc/vendor/laravel/framework/src/Illuminate/Filesystem/Filesystem.php(124): Illuminate/Filesystem/Filesystem::Illuminate/Filesystem/{closure}()
#8 E:/website_trangsuc/laptrinhweb_thi_website_trangsuc/vendor/laravel/framework/src/Illuminate/View/Engines/PhpEngine.php(57): Illuminate/Filesystem/Filesystem->getRequire('E://website_tran...', Array)
#9 E:/website_trangsuc/laptrinhweb_thi_website_trangsuc/vendor/laravel/framework/src/Illuminate/View/Engines/CompilerEngine.php(76): Illuminate/View/Engines/PhpEngine->evaluatePath('E://website_tran...', Array)
#10 E:/website_trangsuc/laptrinhweb_thi_website_trangsuc/vendor/laravel/framework/src/Illuminate/View/View.php(208): Illuminate/View/Engines/CompilerEngine->get('E://website_tran...', Array)
#11 E:/website_trangsuc/laptrinhweb_thi_website_trangsuc/vendor/laravel/framework/src/Illuminate/View/View.php(191): Illuminate/View/View->getContents()
#12 E:/website_trangsuc/laptrinhweb_thi_website_trangsuc/vendor/laravel/framework/src/Illuminate/View/View.php(160): Illuminate/View/View->renderContents()
#13 E:/website_trangsuc/laptrinhweb_thi_website_trangsuc/vendor/laravel/framework/src/Illuminate/Http/Response.php(78): Illuminate/View/View->render()
#14 E:/website_trangsuc/laptrinhweb_thi_website_trangsuc/vendor/laravel/framework/src/Illuminate/Http/Response.php(34): Illuminate/Http/Response->setContent(Object(Illuminate/View/View))
#15 E:/website_trangsuc/laptrinhweb_thi_website_trangsuc/vendor/laravel/framework/src/Illuminate/Routing/Router.php(939): Illuminate/Http/Response->__construct(Object(Illuminate/View/View), 200, Array)
#16 E:/website_trangsuc/laptrinhweb_thi_website_trangsuc/vendor/laravel/framework/src/Illuminate/Routing/Router.php(906): Illuminate/Routing/Router::toResponse(Object(Illuminate/Http/Request), Object(Illuminate/View/View))
#17 E:/website_trangsuc/laptrinhweb_thi_website_trangsuc/vendor/laravel/framework/src/Illuminate/Routing/Router.php(821): Illuminate/Routing/Router->prepareResponse(Object(Illuminate/Http/Request), Object(Illuminate/View/View))
#18 E:/website_trangsuc/laptrinhweb_thi_website_trangsuc/vendor/laravel/framework/src/Illuminate/Pipeline/Pipeline.php(180): Illuminate/Routing/Router->Illuminate/Routing/{closure}(Object(Illuminate/Http/Request))
#19 E:/website_trangsuc/laptrinhweb_thi_website_trangsuc/vendor/laravel/framework/src/Illuminate/Routing/Middleware/SubstituteBindings.php(50): Illuminate/Pipeline/Pipeline->Illuminate/Pipeline/{closure}(Object(Illuminate/Http/Request))
#20 E:/website_trangsuc/laptrinhweb_thi_website_trangsuc/vendor/laravel/framework/src/Illuminate/Pipeline/Pipeline.php(219): Illuminate/Routing/Middleware/SubstituteBindings->handle(Object(Illuminate/Http/Request), Object(Closure))
#21 E:/website_trangsuc/laptrinhweb_thi_website_trangsuc/vendor/laravel/framework/src/Illuminate/Foundation/Http/Middleware/VerifyCsrfToken.php(87): Illuminate/Pipeline/Pipeline->Illuminate/Pipeline/{closure}(Object(Illuminate/Http/Request))
#22 E:/website_trangsuc/laptrinhweb_thi_website_trangsuc/vendor/laravel/framework/src/Illuminate/Pipeline/Pipeline.php(219): Illuminate/Foundation/Http/Middleware/VerifyCsrfToken->handle(Object(Illuminate/Http/Request), Object(Closure))
#23 E:/website_trangsuc/laptrinhweb_thi_website_trangsuc/vendor/laravel/framework/src/Illuminate/View/Middleware/ShareErrorsFromSession.php(48): Illuminate/Pipeline/Pipeline->Illuminate/Pipeline/{closure}(Object(Illuminate/Http/Request))
#24 E:/website_trangsuc/laptrinhweb_thi_website_trangsuc/vendor/laravel/framework/src/Illuminate/Pipeline/Pipeline.php(219): Illuminate/View/Middleware/ShareErrorsFromSession->handle(Object(Illuminate/Http/Request), Object(Closure))
#25 E:/website_trangsuc/laptrinhweb_thi_website_trangsuc/vendor/laravel/framework/src/Illuminate/Session/Middleware/StartSession.php(120): Illuminate/Pipeline/Pipeline->Illuminate/Pipeline/{closure}(Object(Illuminate/Http/Request))
#26 E:/website_trangsuc/laptrinhweb_thi_website_trangsuc/vendor/laravel/framework/src/Illuminate/Session/Middleware/StartSession.php(63): Illuminate/Session/Middleware/StartSession->handleStatefulRequest(Object(Illuminate/Http/Request), Object(Illuminate/Session/Store), Object(Closure))
#27 E:/website_trangsuc/laptrinhweb_thi_website_trangsuc/vendor/laravel/framework/src/Illuminate/Pipeline/Pipeline.php(219): Illuminate/Session/Middleware/StartSession->handle(Object(Illuminate/Http/Request), Object(Closure))
#28 E:/website_trangsuc/laptrinhweb_thi_website_trangsuc/vendor/laravel/framework/src/Illuminate/Cookie/Middleware/AddQueuedCookiesToResponse.php(36): Illuminate/Pipeline/Pipeline->Illuminate/Pipeline/{closure}(Object(Illuminate/Http/Request))
#29 E:/website_trangsuc/laptrinhweb_thi_website_trangsuc/vendor/laravel/framework/src/Illuminate/Pipeline/Pipeline.php(219): Illuminate/Cookie/Middleware/AddQueuedCookiesToResponse->handle(Object(Illuminate/Http/Request), Object(Closure))
#30 E:/website_trangsuc/laptrinhweb_thi_website_trangsuc/vendor/laravel/framework/src/Illuminate/Cookie/Middleware/EncryptCookies.php(74): Illuminate/Pipeline/Pipeline->Illuminate/Pipeline/{closure}(Object(Illuminate/Http/Request))
#31 E:/website_trangsuc/laptrinhweb_thi_website_trangsuc/vendor/laravel/framework/src/Illuminate/Pipeline/Pipeline.php(219): Illuminate/Cookie/Middleware/EncryptCookies->handle(Object(Illuminate/Http/Request), Object(Closure))
#32 E:/website_trangsuc/laptrinhweb_thi_website_trangsuc/vendor/laravel/framework/src/Illuminate/Pipeline/Pipeline.php(137): Illuminate/Pipeline/Pipeline->Illuminate/Pipeline/{closure}(Object(Illuminate/Http/Request))
#33 E:/website_trangsuc/laptrinhweb_thi_website_trangsuc/vendor/laravel/framework/src/Illuminate/Routing/Router.php(821): Illuminate/Pipeline/Pipeline->then(Object(Closure))
#34 E:/website_trangsuc/laptrinhweb_thi_website_trangsuc/vendor/laravel/framework/src/Illuminate/Routing/Router.php(800): Illuminate/Routing/Router->runRouteWithinStack(Object(Illuminate/Routing/Route), Object(Illuminate/Http/Request))
#35 E:/website_trangsuc/laptrinhweb_thi_website_trangsuc/vendor/laravel/framework/src/Illuminate/Routing/Router.php(764): Illuminate/Routing/Router->runRoute(Object(Illuminate/Http/Request), Object(Illuminate/Routing/Route))
#36 E:/website_trangsuc/laptrinhweb_thi_website_trangsuc/vendor/laravel/framework/src/Illuminate/Routing/Router.php(753): Illuminate/Routing/Router->dispatchToRoute(Object(Illuminate/Http/Request))
#37 E:/website_trangsuc/laptrinhweb_thi_website_trangsuc/vendor/laravel/framework/src/Illuminate/Foundation/Http/Kernel.php(200): Illuminate/Routing/Router->dispatch(Object(Illuminate/Http/Request))
#38 E:/website_trangsuc/laptrinhweb_thi_website_trangsuc/vendor/laravel/framework/src/Illuminate/Pipeline/Pipeline.php(180): Illuminate/Foundation/Http/Kernel->Illuminate/Foundation/Http/{closure}(Object(Illuminate/Http/Request))
#39 E:/website_trangsuc/laptrinhweb_thi_website_trangsuc/vendor/laravel/framework/src/Illuminate/Foundation/Http/Middleware/TransformsRequest.php(21): Illuminate/Pipeline/Pipeline->Illuminate/Pipeline/{closure}(Object(Illuminate/Http/Request))
#40 E:/website_trangsuc/laptrinhweb_thi_website_trangsuc/vendor/laravel/framework/src/Illuminate/Foundation/Http/Middleware/ConvertEmptyStringsToNull.php(31): Illuminate/Foundation/Http/Middleware/TransformsRequest->handle(Object(Illuminate/Http/Request), Object(Closure))
#41 E:/website_trangsuc/laptrinhweb_thi_website_trangsuc/vendor/laravel/framework/src/Illuminate/Pipeline/Pipeline.php(219): Illuminate/Foundation/Http/Middleware/ConvertEmptyStringsToNull->handle(Object(Illuminate/Http/Request), Object(Closure))
#42 E:/website_trangsuc/laptrinhweb_thi_website_trangsuc/vendor/laravel/framework/src/Illuminate/Foundation/Http/Middleware/TransformsRequest.php(21): Illuminate/Pipeline/Pipeline->Illuminate/Pipeline/{closure}(Object(Illuminate/Http/Request))
#43 E:/website_trangsuc/laptrinhweb_thi_website_trangsuc/vendor/laravel/framework/src/Illuminate/Foundation/Http/Middleware/TrimStrings.php(51): Illuminate/Foundation/Http/Middleware/TransformsRequest->handle(Object(Illuminate/Http/Request), Object(Closure))
#44 E:/website_trangsuc/laptrinhweb_thi_website_trangsuc/vendor/laravel/framework/src/Illuminate/Pipeline/Pipeline.php(219): Illuminate/Foundation/Http/Middleware/TrimStrings->handle(Object(Illuminate/Http/Request), Object(Closure))
#45 E:/website_trangsuc/laptrinhweb_thi_website_trangsuc/vendor/laravel/framework/src/Illuminate/Http/Middleware/ValidatePostSize.php(27): Illuminate/Pipeline/Pipeline->Illuminate/Pipeline/{closure}(Object(Illuminate/Http/Request))
#46 E:/website_trangsuc/laptrinhweb_thi_website_trangsuc/vendor/laravel/framework/src/Illuminate/Pipeline/Pipeline.php(219): Illuminate/Http/Middleware/ValidatePostSize->handle(Object(Illuminate/Http/Request), Object(Closure))
#47 E:/website_trangsuc/laptrinhweb_thi_website_trangsuc/vendor/laravel/framework/src/Illuminate/Foundation/Http/Middleware/PreventRequestsDuringMaintenance.php(109): Illuminate/Pipeline/Pipeline->Illuminate/Pipeline/{closure}(Object(Illuminate/Http/Request))
#48 E:/website_trangsuc/laptrinhweb_thi_website_trangsuc/vendor/laravel/framework/src/Illuminate/Pipeline/Pipeline.php(219): Illuminate/Foundation/Http/Middleware/PreventRequestsDuringMaintenance->handle(Object(Illuminate/Http/Request), Object(Closure))
#49 E:/website_trangsuc/laptrinhweb_thi_website_trangsuc/vendor/laravel/framework/src/Illuminate/Http/Middleware/HandleCors.php(61): Illuminate/Pipeline/Pipeline->Illuminate/Pipeline/{closure}(Object(Illuminate/Http/Request))
#50 E:/website_trangsuc/laptrinhweb_thi_website_trangsuc/vendor/laravel/framework/src/Illuminate/Pipeline/Pipeline.php(219): Illuminate/Http/Middleware/HandleCors->handle(Object(Illuminate/Http/Request), Object(Closure))
#51 E:/website_trangsuc/laptrinhweb_thi_website_trangsuc/vendor/laravel/framework/src/Illuminate/Http/Middleware/TrustProxies.php(58): Illuminate/Pipeline/Pipeline->Illuminate/Pipeline/{closure}(Object(Illuminate/Http/Request))
#52 E:/website_trangsuc/laptrinhweb_thi_website_trangsuc/vendor/laravel/framework/src/Illuminate/Pipeline/Pipeline.php(219): Illuminate/Http/Middleware/TrustProxies->handle(Object(Illuminate/Http/Request), Object(Closure))
#53 E:/website_trangsuc/laptrinhweb_thi_website_trangsuc/vendor/laravel/framework/src/Illuminate/Foundation/Http/Middleware/InvokeDeferredCallbacks.php(22): Illuminate/Pipeline/Pipeline->Illuminate/Pipeline/{closure}(Object(Illuminate/Http/Request))
#54 E:/website_trangsuc/laptrinhweb_thi_website_trangsuc/vendor/laravel/framework/src/Illuminate/Pipeline/Pipeline.php(219): Illuminate/Foundation/Http/Middleware/InvokeDeferredCallbacks->handle(Object(Illuminate/Http/Request), Object(Closure))
#55 E:/website_trangsuc/laptrinhweb_thi_website_trangsuc/vendor/laravel/framework/src/Illuminate/Http/Middleware/ValidatePathEncoding.php(26): Illuminate/Pipeline/Pipeline->Illuminate/Pipeline/{closure}(Object(Illuminate/Http/Request))
#56 E:/website_trangsuc/laptrinhweb_thi_website_trangsuc/vendor/laravel/framework/src/Illuminate/Pipeline/Pipeline.php(219): Illuminate/Http/Middleware/ValidatePathEncoding->handle(Object(Illuminate/Http/Request), Object(Closure))
#57 E:/website_trangsuc/laptrinhweb_thi_website_trangsuc/vendor/laravel/framework/src/Illuminate/Pipeline/Pipeline.php(137): Illuminate/Pipeline/Pipeline->Illuminate/Pipeline/{closure}(Object(Illuminate/Http/Request))
#58 E:/website_trangsuc/laptrinhweb_thi_website_trangsuc/vendor/laravel/framework/src/Illuminate/Foundation/Http/Kernel.php(175): Illuminate/Pipeline/Pipeline->then(Object(Closure))
#59 E:/website_trangsuc/laptrinhweb_thi_website_trangsuc/vendor/laravel/framework/src/Illuminate/Foundation/Http/Kernel.php(144): Illuminate/Foundation/Http/Kernel->sendRequestThroughRouter(Object(Illuminate/Http/Request))
#60 E:/website_trangsuc/laptrinhweb_thi_website_trangsuc/vendor/laravel/framework/src/Illuminate/Foundation/Application.php(1220): Illuminate/Foundation/Http/Kernel->handle(Object(Illuminate/Http/Request))
#61 E:/website_trangsuc/laptrinhweb_thi_website_trangsuc/public/index.php(20): Illuminate/Foundation/Application->handleRequest(Object(Illuminate/Http/Request))
#62 E:/website_trangsuc/laptrinhweb_thi_website_trangsuc/vendor/laravel/framework/src/Illuminate/Foundation/resources/server.php(23): require_once('E://website_tran...')
#63 {main}

[previous exception] [object] (Illuminate\\View\\ViewException(code: 0): syntax error, unexpected token \"endif\", expecting end of file (View: E:\\website_trangsuc\\laptrinhweb_thi_website_trangsuc\\resources\\views\\partials\\header.blade.php) at E:/website_trangsuc/laptrinhweb_thi_website_trangsuc/storage/framework/views/7096621760d82c808dcefa7427f14a3b.php:22)
[stacktrace]
#0 E:/website_trangsuc/laptrinhweb_thi_website_trangsuc/vendor/laravel/framework/src/Illuminate/View/Engines/PhpEngine.php(59): Illuminate/View/Engines/CompilerEngine->handleViewException(Object(ParseError), 3)
#1 E:/website_trangsuc/laptrinhweb_thi_website_trangsuc/vendor/laravel/framework/src/Illuminate/View/Engines/CompilerEngine.php(76): Illuminate/View/Engines/PhpEngine->evaluatePath('E://website_tran...', Array)
#2 E:/website_trangsuc/laptrinhweb_thi_website_trangsuc/vendor/laravel/framework/src/Illuminate/View/View.php(208): Illuminate/View/Engines/CompilerEngine->get('E://website_tran...', Array)
#3 E:/website_trangsuc/laptrinhweb_thi_website_trangsuc/vendor/laravel/framework/src/Illuminate/View/View.php(191): Illuminate/View/View->getContents()
#4 E:/website_trangsuc/laptrinhweb_thi_website_trangsuc/vendor/laravel/framework/src/Illuminate/View/View.php(160): Illuminate/View/View->renderContents()
#5 E:/website_trangsuc/laptrinhweb_thi_website_trangsuc/storage/framework/views/dfcf19d923680090cce472b959f6b4d3.php(18): Illuminate/View/View->render()
#6 E:/website_trangsuc/laptrinhweb_thi_website_trangsuc/vendor/laravel/framework/src/Illuminate/Filesystem/Filesystem.php(123): require('E://website_tran...')
#7 E:/website_trangsuc/laptrinhweb_thi_website_trangsuc/vendor/laravel/framework/src/Illuminate/Filesystem/Filesystem.php(124): Illuminate/Filesystem/Filesystem::Illuminate/Filesystem/{closure}()
#8 E:/website_trangsuc/laptrinhweb_thi_website_trangsuc/vendor/laravel/framework/src/Illuminate/View/Engines/PhpEngine.php(57): Illuminate/Filesystem/Filesystem->getRequire('E://website_tran...', Array)
#9 E:/website_trangsuc/laptrinhweb_thi_website_trangsuc/vendor/laravel/framework/src/Illuminate/View/Engines/CompilerEngine.php(76): Illuminate/View/Engines/PhpEngine->evaluatePath('E://website_tran...', Array)
#10 E:/website_trangsuc/laptrinhweb_thi_website_trangsuc/vendor/laravel/framework/src/Illuminate/View/View.php(208): Illuminate/View/Engines/CompilerEngine->get('E://website_tran...', Array)
#11 E:/website_trangsuc/laptrinhweb_thi_website_trangsuc/vendor/laravel/framework/src/Illuminate/View/View.php(191): Illuminate/View/View->getContents()
#12 E:/website_trangsuc/laptrinhweb_thi_website_trangsuc/vendor/laravel/framework/src/Illuminate/View/View.php(160): Illuminate/View/View->renderContents()
#13 E:/website_trangsuc/laptrinhweb_thi_website_trangsuc/storage/framework/views/6464a70f796b9492a1dc89a8afa00e50.php(24): Illuminate/View/View->render()
#14 E:/website_trangsuc/laptrinhweb_thi_website_trangsuc/vendor/laravel/framework/src/Illuminate/Filesystem/Filesystem.php(123): require('E://website_tran...')
#15 E:/website_trangsuc/laptrinhweb_thi_website_trangsuc/vendor/laravel/framework/src/Illuminate/Filesystem/Filesystem.php(124): Illuminate/Filesystem/Filesystem::Illuminate/Filesystem/{closure}()
#16 E:/website_trangsuc/laptrinhweb_thi_website_trangsuc/vendor/laravel/framework/src/Illuminate/View/Engines/PhpEngine.php(57): Illuminate/Filesystem/Filesystem->getRequire('E://website_tran...', Array)
#17 E:/website_trangsuc/laptrinhweb_thi_website_trangsuc/vendor/laravel/framework/src/Illuminate/View/Engines/CompilerEngine.php(76): Illuminate/View/Engines/PhpEngine->evaluatePath('E://website_tran...', Array)
#18 E:/website_trangsuc/laptrinhweb_thi_website_trangsuc/vendor/laravel/framework/src/Illuminate/View/View.php(208): Illuminate/View/Engines/CompilerEngine->get('E://website_tran...', Array)
#19 E:/website_trangsuc/laptrinhweb_thi_website_trangsuc/vendor/laravel/framework/src/Illuminate/View/View.php(191): Illuminate/View/View->getContents()
#20 E:/website_trangsuc/laptrinhweb_thi_website_trangsuc/vendor/laravel/framework/src/Illuminate/View/View.php(160): Illuminate/View/View->renderContents()
#21 E:/website_trangsuc/laptrinhweb_thi_website_trangsuc/vendor/laravel/framework/src/Illuminate/Http/Response.php(78): Illuminate/View/View->render()
#22 E:/website_trangsuc/laptrinhweb_thi_website_trangsuc/vendor/laravel/framework/src/Illuminate/Http/Response.php(34): Illuminate/Http/Response->setContent(Object(Illuminate/View/View))
#23 E:/website_trangsuc/laptrinhweb_thi_website_trangsuc/vendor/laravel/framework/src/Illuminate/Routing/Router.php(939): Illuminate/Http/Response->__construct(Object(Illuminate/View/View), 200, Array)
#24 E:/website_trangsuc/laptrinhweb_thi_website_trangsuc/vendor/laravel/framework/src/Illuminate/Routing/Router.php(906): Illuminate/Routing/Router::toResponse(Object(Illuminate/Http/Request), Object(Illuminate/View/View))
#25 E:/website_trangsuc/laptrinhweb_thi_website_trangsuc/vendor/laravel/framework/src/Illuminate/Routing/Router.php(821): Illuminate/Routing/Router->prepareResponse(Object(Illuminate/Http/Request), Object(Illuminate/View/View))
#26 E:/website_trangsuc/laptrinhweb_thi_website_trangsuc/vendor/laravel/framework/src/Illuminate/Pipeline/Pipeline.php(180): Illuminate/Routing/Router->Illuminate/Routing/{closure}(Object(Illuminate/Http/Request))
#27 E:/website_trangsuc/laptrinhweb_thi_website_trangsuc/vendor/laravel/framework/src/Illuminate/Routing/Middleware/SubstituteBindings.php(50): Illuminate/Pipeline/Pipeline->Illuminate/Pipeline/{closure}(Object(Illuminate/Http/Request))
#28 E:/website_trangsuc/laptrinhweb_thi_website_trangsuc/vendor/laravel/framework/src/Illuminate/Pipeline/Pipeline.php(219): Illuminate/Routing/Middleware/SubstituteBindings->handle(Object(Illuminate/Http/Request), Object(Closure))
#29 E:/website_trangsuc/laptrinhweb_thi_website_trangsuc/vendor/laravel/framework/src/Illuminate/Foundation/Http/Middleware/VerifyCsrfToken.php(87): Illuminate/Pipeline/Pipeline->Illuminate/Pipeline/{closure}(Object(Illuminate/Http/Request))
#30 E:/website_trangsuc/laptrinhweb_thi_website_trangsuc/vendor/laravel/framework/src/Illuminate/Pipeline/Pipeline.php(219): Illuminate/Foundation/Http/Middleware/VerifyCsrfToken->handle(Object(Illuminate/Http/Request), Object(Closure))
#31 E:/website_trangsuc/laptrinhweb_thi_website_trangsuc/vendor/laravel/framework/src/Illuminate/View/Middleware/ShareErrorsFromSession.php(48): Illuminate/Pipeline/Pipeline->Illuminate/Pipeline/{closure}(Object(Illuminate/Http/Request))
#32 E:/website_trangsuc/laptrinhweb_thi_website_trangsuc/vendor/laravel/framework/src/Illuminate/Pipeline/Pipeline.php(219): Illuminate/View/Middleware/ShareErrorsFromSession->handle(Object(Illuminate/Http/Request), Object(Closure))
#33 E:/website_trangsuc/laptrinhweb_thi_website_trangsuc/vendor/laravel/framework/src/Illuminate/Session/Middleware/StartSession.php(120): Illuminate/Pipeline/Pipeline->Illuminate/Pipeline/{closure}(Object(Illuminate/Http/Request))
#34 E:/website_trangsuc/laptrinhweb_thi_website_trangsuc/vendor/laravel/framework/src/Illuminate/Session/Middleware/StartSession.php(63): Illuminate/Session/Middleware/StartSession->handleStatefulRequest(Object(Illuminate/Http/Request), Object(Illuminate/Session/Store), Object(Closure))
#35 E:/website_trangsuc/laptrinhweb_thi_website_trangsuc/vendor/laravel/framework/src/Illuminate/Pipeline/Pipeline.php(219): Illuminate/Session/Middleware/StartSession->handle(Object(Illuminate/Http/Request), Object(Closure))
#36 E:/website_trangsuc/laptrinhweb_thi_website_trangsuc/vendor/laravel/framework/src/Illuminate/Cookie/Middleware/AddQueuedCookiesToResponse.php(36): Illuminate/Pipeline/Pipeline->Illuminate/Pipeline/{closure}(Object(Illuminate/Http/Request))
#37 E:/website_trangsuc/laptrinhweb_thi_website_trangsuc/vendor/laravel/framework/src/Illuminate/Pipeline/Pipeline.php(219): Illuminate/Cookie/Middleware/AddQueuedCookiesToResponse->handle(Object(Illuminate/Http/Request), Object(Closure))
#38 E:/website_trangsuc/laptrinhweb_thi_website_trangsuc/vendor/laravel/framework/src/Illuminate/Cookie/Middleware/EncryptCookies.php(74): Illuminate/Pipeline/Pipeline->Illuminate/Pipeline/{closure}(Object(Illuminate/Http/Request))
#39 E:/website_trangsuc/laptrinhweb_thi_website_trangsuc/vendor/laravel/framework/src/Illuminate/Pipeline/Pipeline.php(219): Illuminate/Cookie/Middleware/EncryptCookies->handle(Object(Illuminate/Http/Request), Object(Closure))
#40 E:/website_trangsuc/laptrinhweb_thi_website_trangsuc/vendor/laravel/framework/src/Illuminate/Pipeline/Pipeline.php(137): Illuminate/Pipeline/Pipeline->Illuminate/Pipeline/{closure}(Object(Illuminate/Http/Request))
#41 E:/website_trangsuc/laptrinhweb_thi_website_trangsuc/vendor/laravel/framework/src/Illuminate/Routing/Router.php(821): Illuminate/Pipeline/Pipeline->then(Object(Closure))
#42 E:/website_trangsuc/laptrinhweb_thi_website_trangsuc/vendor/laravel/framework/src/Illuminate/Routing/Router.php(800): Illuminate/Routing/Router->runRouteWithinStack(Object(Illuminate/Routing/Route), Object(Illuminate/Http/Request))
#43 E:/website_trangsuc/laptrinhweb_thi_website_trangsuc/vendor/laravel/framework/src/Illuminate/Routing/Router.php(764): Illuminate/Routing/Router->runRoute(Object(Illuminate/Http/Request), Object(Illuminate/Routing/Route))
#44 E:/website_trangsuc/laptrinhweb_thi_website_trangsuc/vendor/laravel/framework/src/Illuminate/Routing/Router.php(753): Illuminate/Routing/Router->dispatchToRoute(Object(Illuminate/Http/Request))
#45 E:/website_trangsuc/laptrinhweb_thi_website_trangsuc/vendor/laravel/framework/src/Illuminate/Foundation/Http/Kernel.php(200): Illuminate/Routing/Router->dispatch(Object(Illuminate/Http/Request))
#46 E:/website_trangsuc/laptrinhweb_thi_website_trangsuc/vendor/laravel/framework/src/Illuminate/Pipeline/Pipeline.php(180): Illuminate/Foundation/Http/Kernel->Illuminate/Foundation/Http/{closure}(Object(Illuminate/Http/Request))
#47 E:/website_trangsuc/laptrinhweb_thi_website_trangsuc/vendor/laravel/framework/src/Illuminate/Foundation/Http/Middleware/TransformsRequest.php(21): Illuminate/Pipeline/Pipeline->Illuminate/Pipeline/{closure}(Object(Illuminate/Http/Request))
#48 E:/website_trangsuc/laptrinhweb_thi_website_trangsuc/vendor/laravel/framework/src/Illuminate/Foundation/Http/Middleware/ConvertEmptyStringsToNull.php(31): Illuminate/Foundation/Http/Middleware/TransformsRequest->handle(Object(Illuminate/Http/Request), Object(Closure))
#49 E:/website_trangsuc/laptrinhweb_thi_website_trangsuc/vendor/laravel/framework/src/Illuminate/Pipeline/Pipeline.php(219): Illuminate/Foundation/Http/Middleware/ConvertEmptyStringsToNull->handle(Object(Illuminate/Http/Request), Object(Closure))
#50 E:/website_trangsuc/laptrinhweb_thi_website_trangsuc/vendor/laravel/framework/src/Illuminate/Foundation/Http/Middleware/TransformsRequest.php(21): Illuminate/Pipeline/Pipeline->Illuminate/Pipeline/{closure}(Object(Illuminate/Http/Request))
#51 E:/website_trangsuc/laptrinhweb_thi_website_trangsuc/vendor/laravel/framework/src/Illuminate/Foundation/Http/Middleware/TrimStrings.php(51): Illuminate/Foundation/Http/Middleware/TransformsRequest->handle(Object(Illuminate/Http/Request), Object(Closure))
#52 E:/website_trangsuc/laptrinhweb_thi_website_trangsuc/vendor/laravel/framework/src/Illuminate/Pipeline/Pipeline.php(219): Illuminate/Foundation/Http/Middleware/TrimStrings->handle(Object(Illuminate/Http/Request), Object(Closure))
#53 E:/website_trangsuc/laptrinhweb_thi_website_trangsuc/vendor/laravel/framework/src/Illuminate/Http/Middleware/ValidatePostSize.php(27): Illuminate/Pipeline/Pipeline->Illuminate/Pipeline/{closure}(Object(Illuminate/Http/Request))
#54 E:/website_trangsuc/laptrinhweb_thi_website_trangsuc/vendor/laravel/framework/src/Illuminate/Pipeline/Pipeline.php(219): Illuminate/Http/Middleware/ValidatePostSize->handle(Object(Illuminate/Http/Request), Object(Closure))
#55 E:/website_trangsuc/laptrinhweb_thi_website_trangsuc/vendor/laravel/framework/src/Illuminate/Foundation/Http/Middleware/PreventRequestsDuringMaintenance.php(109): Illuminate/Pipeline/Pipeline->Illuminate/Pipeline/{closure}(Object(Illuminate/Http/Request))
#56 E:/website_trangsuc/laptrinhweb_thi_website_trangsuc/vendor/laravel/framework/src/Illuminate/Pipeline/Pipeline.php(219): Illuminate/Foundation/Http/Middleware/PreventRequestsDuringMaintenance->handle(Object(Illuminate/Http/Request), Object(Closure))
#57 E:/website_trangsuc/laptrinhweb_thi_website_trangsuc/vendor/laravel/framework/src/Illuminate/Http/Middleware/HandleCors.php(61): Illuminate/Pipeline/Pipeline->Illuminate/Pipeline/{closure}(Object(Illuminate/Http/Request))
#58 E:/website_trangsuc/laptrinhweb_thi_website_trangsuc/vendor/laravel/framework/src/Illuminate/Pipeline/Pipeline.php(219): Illuminate/Http/Middleware/HandleCors->handle(Object(Illuminate/Http/Request), Object(Closure))
#59 E:/website_trangsuc/laptrinhweb_thi_website_trangsuc/vendor/laravel/framework/src/Illuminate/Http/Middleware/TrustProxies.php(58): Illuminate/Pipeline/Pipeline->Illuminate/Pipeline/{closure}(Object(Illuminate/Http/Request))
#60 E:/website_trangsuc/laptrinhweb_thi_website_trangsuc/vendor/laravel/framework/src/Illuminate/Pipeline/Pipeline.php(219): Illuminate/Http/Middleware/TrustProxies->handle(Object(Illuminate/Http/Request), Object(Closure))
#61 E:/website_trangsuc/laptrinhweb_thi_website_trangsuc/vendor/laravel/framework/src/Illuminate/Foundation/Http/Middleware/InvokeDeferredCallbacks.php(22): Illuminate/Pipeline/Pipeline->Illuminate/Pipeline/{closure}(Object(Illuminate/Http/Request))
#62 E:/website_trangsuc/laptrinhweb_thi_website_trangsuc/vendor/laravel/framework/src/Illuminate/Pipeline/Pipeline.php(219): Illuminate/Foundation/Http/Middleware/InvokeDeferredCallbacks->handle(Object(Illuminate/Http/Request), Object(Closure))
#63 E:/website_trangsuc/laptrinhweb_thi_website_trangsuc/vendor/laravel/framework/src/Illuminate/Http/Middleware/ValidatePathEncoding.php(26): Illuminate/Pipeline/Pipeline->Illuminate/Pipeline/{closure}(Object(Illuminate/Http/Request))
#64 E:/website_trangsuc/laptrinhweb_thi_website_trangsuc/vendor/laravel/framework/src/Illuminate/Pipeline/Pipeline.php(219): Illuminate/Http/Middleware/ValidatePathEncoding->handle(Object(Illuminate/Http/Request), Object(Closure))
#65 E:/website_trangsuc/laptrinhweb_thi_website_trangsuc/vendor/laravel/framework/src/Illuminate/Pipeline/Pipeline.php(137): Illuminate/Pipeline/Pipeline->Illuminate/Pipeline/{closure}(Object(Illuminate/Http/Request))
#66 E:/website_trangsuc/laptrinhweb_thi_website_trangsuc/vendor/laravel/framework/src/Illuminate/Foundation/Http/Kernel.php(175): Illuminate/Pipeline/Pipeline->then(Object(Closure))
#67 E:/website_trangsuc/laptrinhweb_thi_website_trangsuc/vendor/laravel/framework/src/Illuminate/Foundation/Http/Kernel.php(144): Illuminate/Foundation/Http/Kernel->sendRequestThroughRouter(Object(Illuminate/Http/Request))
#68 E:/website_trangsuc/laptrinhweb_thi_website_trangsuc/vendor/laravel/framework/src/Illuminate/Foundation/Application.php(1220): Illuminate/Foundation/Http/Kernel->handle(Object(Illuminate/Http/Request))
#69 E:/website_trangsuc/laptrinhweb_thi_website_trangsuc/public/index.php(20): Illuminate/Foundation/Application->handleRequest(Object(Illuminate/Http/Request))
#70 E:/website_trangsuc/laptrinhweb_thi_website_trangsuc/vendor/laravel/framework/src/Illuminate/Foundation/resources/server.php(23): require_once('E://website_tran...')
#71 {main}

[previous exception] [object] (ParseError(code: 0): syntax error, unexpected token \"endif\", expecting end of file at E:/website_trangsuc/laptrinhweb_thi_website_trangsuc/storage/framework/views/7096621760d82c808dcefa7427f14a3b.php:22)
[stacktrace]
#0 E:/website_trangsuc/laptrinhweb_thi_website_trangsuc/vendor/laravel/framework/src/Illuminate/Filesystem/Filesystem.php(124): Illuminate/Filesystem/Filesystem::Illuminate/Filesystem/{closure}()
#1 E:/website_trangsuc/laptrinhweb_thi_website_trangsuc/vendor/laravel/framework/src/Illuminate/View/Engines/PhpEngine.php(57): Illuminate/Filesystem/Filesystem->getRequire('E://website_tran...', Array)
#2 E:/website_trangsuc/laptrinhweb_thi_website_trangsuc/vendor/laravel/framework/src/Illuminate/View/Engines/CompilerEngine.php(76): Illuminate/View/Engines/PhpEngine->evaluatePath('E://website_tran...', Array)
#3 E:/website_trangsuc/laptrinhweb_thi_website_trangsuc/vendor/laravel/framework/src/Illuminate/View/View.php(208): Illuminate/View/Engines/CompilerEngine->get('E://website_tran...', Array)
#4 E:/website_trangsuc/laptrinhweb_thi_website_trangsuc/vendor/laravel/framework/src/Illuminate/View/View.php(191): Illuminate/View/View->getContents()
#5 E:/website_trangsuc/laptrinhweb_thi_website_trangsuc/vendor/laravel/framework/src/Illuminate/View/View.php(160): Illuminate/View/View->renderContents()
#6 E:/website_trangsuc/laptrinhweb_thi_website_trangsuc/storage/framework/views/dfcf19d923680090cce472b959f6b4d3.php(18): Illuminate/View/View->render()
#7 E:/website_trangsuc/laptrinhweb_thi_website_trangsuc/vendor/laravel/framework/src/Illuminate/Filesystem/Filesystem.php(123): require('E://website_tran...')
#8 E:/website_trangsuc/laptrinhweb_thi_website_trangsuc/vendor/laravel/framework/src/Illuminate/Filesystem/Filesystem.php(124): Illuminate/Filesystem/Filesystem::Illuminate/Filesystem/{closure}()
#9 E:/website_trangsuc/laptrinhweb_thi_website_trangsuc/vendor/laravel/framework/src/Illuminate/View/Engines/PhpEngine.php(57): Illuminate/Filesystem/Filesystem->getRequire('E://website_tran...', Array)
#10 E:/website_trangsuc/laptrinhweb_thi_website_trangsuc/vendor/laravel/framework/src/Illuminate/View/Engines/CompilerEngine.php(76): Illuminate/View/Engines/PhpEngine->evaluatePath('E://website_tran...', Array)
#11 E:/website_trangsuc/laptrinhweb_thi_website_trangsuc/vendor/laravel/framework/src/Illuminate/View/View.php(208): Illuminate/View/Engines/CompilerEngine->get('E://website_tran...', Array)
#12 E:/website_trangsuc/laptrinhweb_thi_website_trangsuc/vendor/laravel/framework/src/Illuminate/View/View.php(191): Illuminate/View/View->getContents()
#13 E:/website_trangsuc/laptrinhweb_thi_website_trangsuc/vendor/laravel/framework/src/Illuminate/View/View.php(160): Illuminate/View/View->renderContents()
#14 E:/website_trangsuc/laptrinhweb_thi_website_trangsuc/storage/framework/views/6464a70f796b9492a1dc89a8afa00e50.php(24): Illuminate/View/View->render()
#15 E:/website_trangsuc/laptrinhweb_thi_website_trangsuc/vendor/laravel/framework/src/Illuminate/Filesystem/Filesystem.php(123): require('E://website_tran...')
#16 E:/website_trangsuc/laptrinhweb_thi_website_trangsuc/vendor/laravel/framework/src/Illuminate/Filesystem/Filesystem.php(124): Illuminate/Filesystem/Filesystem::Illuminate/Filesystem/{closure}()
#17 E:/website_trangsuc/laptrinhweb_thi_website_trangsuc/vendor/laravel/framework/src/Illuminate/View/Engines/PhpEngine.php(57): Illuminate/Filesystem/Filesystem->getRequire('E://website_tran...', Array)
#18 E:/website_trangsuc/laptrinhweb_thi_website_trangsuc/vendor/laravel/framework/src/Illuminate/View/Engines/CompilerEngine.php(76): Illuminate/View/Engines/PhpEngine->evaluatePath('E://website_tran...', Array)
#19 E:/website_trangsuc/laptrinhweb_thi_website_trangsuc/vendor/laravel/framework/src/Illuminate/View/View.php(208): Illuminate/View/Engines/CompilerEngine->get('E://website_tran...', Array)
#20 E:/website_trangsuc/laptrinhweb_thi_website_trangsuc/vendor/laravel/framework/src/Illuminate/View/View.php(191): Illuminate/View/View->getContents()
#21 E:/website_trangsuc/laptrinhweb_thi_website_trangsuc/vendor/laravel/framework/src/Illuminate/View/View.php(160): Illuminate/View/View->renderContents()
#22 E:/website_trangsuc/laptrinhweb_thi_website_trangsuc/vendor/laravel/framework/src/Illuminate/Http/Response.php(78): Illuminate/View/View->render()
#23 E:/website_trangsuc/laptrinhweb_thi_website_trangsuc/vendor/laravel/framework/src/Illuminate/Http/Response.php(34): Illuminate/Http/Response->setContent(Object(Illuminate/View/View))
#24 E:/website_trangsuc/laptrinhweb_thi_website_trangsuc/vendor/laravel/framework/src/Illuminate/Routing/Router.php(939): Illuminate/Http/Response->__construct(Object(Illuminate/View/View), 200, Array)
#25 E:/website_trangsuc/laptrinhweb_thi_website_trangsuc/vendor/laravel/framework/src/Illuminate/Routing/Router.php(906): Illuminate/Routing/Router::toResponse(Object(Illuminate/Http/Request), Object(Illuminate/View/View))
#26 E:/website_trangsuc/laptrinhweb_thi_website_trangsuc/vendor/laravel/framework/src/Illuminate/Routing/Router.php(821): Illuminate/Routing/Router->prepareResponse(Object(Illuminate/Http/Request), Object(Illuminate/View/View))
#27 E:/website_trangsuc/laptrinhweb_thi_website_trangsuc/vendor/laravel/framework/src/Illuminate/Pipeline/Pipeline.php(180): Illuminate/Routing/Router->Illuminate/Routing/{closure}(Object(Illuminate/Http/Request))
#28 E:/website_trangsuc/laptrinhweb_thi_website_trangsuc/vendor/laravel/framework/src/Illuminate/Routing/Middleware/SubstituteBindings.php(50): Illuminate/Pipeline/Pipeline->Illuminate/Pipeline/{closure}(Object(Illuminate/Http/Request))
#29 E:/website_trangsuc/laptrinhweb_thi_website_trangsuc/vendor/laravel/framework/src/Illuminate/Pipeline/Pipeline.php(219): Illuminate/Routing/Middleware/SubstituteBindings->handle(Object(Illuminate/Http/Request), Object(Closure))
#30 E:/website_trangsuc/laptrinhweb_thi_website_trangsuc/vendor/laravel/framework/src/Illuminate/Foundation/Http/Middleware/VerifyCsrfToken.php(87): Illuminate/Pipeline/Pipeline->Illuminate/Pipeline/{closure}(Object(Illuminate/Http/Request))
#31 E:/website_trangsuc/laptrinhweb_thi_website_trangsuc/vendor/laravel/framework/src/Illuminate/Pipeline/Pipeline.php(219): Illuminate/Foundation/Http/Middleware/VerifyCsrfToken->handle(Object(Illuminate/Http/Request), Object(Closure))
#32 E:/website_trangsuc/laptrinhweb_thi_website_trangsuc/vendor/laravel/framework/src/Illuminate/View/Middleware/ShareErrorsFromSession.php(48): Illuminate/Pipeline/Pipeline->Illuminate/Pipeline/{closure}(Object(Illuminate/Http/Request))
#33 E:/website_trangsuc/laptrinhweb_thi_website_trangsuc/vendor/laravel/framework/src/Illuminate/Pipeline/Pipeline.php(219): Illuminate/View/Middleware/ShareErrorsFromSession->handle(Object(Illuminate/Http/Request), Object(Closure))
#34 E:/website_trangsuc/laptrinhweb_thi_website_trangsuc/vendor/laravel/framework/src/Illuminate/Session/Middleware/StartSession.php(120): Illuminate/Pipeline/Pipeline->Illuminate/Pipeline/{closure}(Object(Illuminate/Http/Request))
#35 E:/website_trangsuc/laptrinhweb_thi_website_trangsuc/vendor/laravel/framework/src/Illuminate/Session/Middleware/StartSession.php(63): Illuminate/Session/Middleware/StartSession->handleStatefulRequest(Object(Illuminate/Http/Request), Object(Illuminate/Session/Store), Object(Closure))
#36 E:/website_trangsuc/laptrinhweb_thi_website_trangsuc/vendor/laravel/framework/src/Illuminate/Pipeline/Pipeline.php(219): Illuminate/Session/Middleware/StartSession->handle(Object(Illuminate/Http/Request), Object(Closure))
#37 E:/website_trangsuc/laptrinhweb_thi_website_trangsuc/vendor/laravel/framework/src/Illuminate/Cookie/Middleware/AddQueuedCookiesToResponse.php(36): Illuminate/Pipeline/Pipeline->Illuminate/Pipeline/{closure}(Object(Illuminate/Http/Request))
#38 E:/website_trangsuc/laptrinhweb_thi_website_trangsuc/vendor/laravel/framework/src/Illuminate/Pipeline/Pipeline.php(219): Illuminate/Cookie/Middleware/AddQueuedCookiesToResponse->handle(Object(Illuminate/Http/Request), Object(Closure))
#39 E:/website_trangsuc/laptrinhweb_thi_website_trangsuc/vendor/laravel/framework/src/Illuminate/Cookie/Middleware/EncryptCookies.php(74): Illuminate/Pipeline/Pipeline->Illuminate/Pipeline/{closure}(Object(Illuminate/Http/Request))
#40 E:/website_trangsuc/laptrinhweb_thi_website_trangsuc/vendor/laravel/framework/src/Illuminate/Pipeline/Pipeline.php(219): Illuminate/Cookie/Middleware/EncryptCookies->handle(Object(Illuminate/Http/Request), Object(Closure))
#41 E:/website_trangsuc/laptrinhweb_thi_website_trangsuc/vendor/laravel/framework/src/Illuminate/Pipeline/Pipeline.php(137): Illuminate/Pipeline/Pipeline->Illuminate/Pipeline/{closure}(Object(Illuminate/Http/Request))
#42 E:/website_trangsuc/laptrinhweb_thi_website_trangsuc/vendor/laravel/framework/src/Illuminate/Routing/Router.php(821): Illuminate/Pipeline/Pipeline->then(Object(Closure))
#43 E:/website_trangsuc/laptrinhweb_thi_website_trangsuc/vendor/laravel/framework/src/Illuminate/Routing/Router.php(800): Illuminate/Routing/Router->runRouteWithinStack(Object(Illuminate/Routing/Route), Object(Illuminate/Http/Request))
#44 E:/website_trangsuc/laptrinhweb_thi_website_trangsuc/vendor/laravel/framework/src/Illuminate/Routing/Router.php(764): Illuminate/Routing/Router->runRoute(Object(Illuminate/Http/Request), Object(Illuminate/Routing/Route))
#45 E:/website_trangsuc/laptrinhweb_thi_website_trangsuc/vendor/laravel/framework/src/Illuminate/Routing/Router.php(753): Illuminate/Routing/Router->dispatchToRoute(Object(Illuminate/Http/Request))
#46 E:/website_trangsuc/laptrinhweb_thi_website_trangsuc/vendor/laravel/framework/src/Illuminate/Foundation/Http/Kernel.php(200): Illuminate/Routing/Router->dispatch(Object(Illuminate/Http/Request))
#47 E:/website_trangsuc/laptrinhweb_thi_website_trangsuc/vendor/laravel/framework/src/Illuminate/Pipeline/Pipeline.php(180): Illuminate/Foundation/Http/Kernel->Illuminate/Foundation/Http/{closure}(Object(Illuminate/Http/Request))
#48 E:/website_trangsuc/laptrinhweb_thi_website_trangsuc/vendor/laravel/framework/src/Illuminate/Foundation/Http/Middleware/TransformsRequest.php(21): Illuminate/Pipeline/Pipeline->Illuminate/Pipeline/{closure}(Object(Illuminate/Http/Request))
#49 E:/website_trangsuc/laptrinhweb_thi_website_trangsuc/vendor/laravel/framework/src/Illuminate/Foundation/Http/Middleware/ConvertEmptyStringsToNull.php(31): Illuminate/Foundation/Http/Middleware/TransformsRequest->handle(Object(Illuminate/Http/Request), Object(Closure))
#50 E:/website_trangsuc/laptrinhweb_thi_website_trangsuc/vendor/laravel/framework/src/Illuminate/Pipeline/Pipeline.php(219): Illuminate/Foundation/Http/Middleware/ConvertEmptyStringsToNull->handle(Object(Illuminate/Http/Request), Object(Closure))
#51 E:/website_trangsuc/laptrinhweb_thi_website_trangsuc/vendor/laravel/framework/src/Illuminate/Foundation/Http/Middleware/TransformsRequest.php(21): Illuminate/Pipeline/Pipeline->Illuminate/Pipeline/{closure}(Object(Illuminate/Http/Request))
#52 E:/website_trangsuc/laptrinhweb_thi_website_trangsuc/vendor/laravel/framework/src/Illuminate/Foundation/Http/Middleware/TrimStrings.php(51): Illuminate/Foundation/Http/Middleware/TransformsRequest->handle(Object(Illuminate/Http/Request), Object(Closure))
#53 E:/website_trangsuc/laptrinhweb_thi_website_trangsuc/vendor/laravel/framework/src/Illuminate/Pipeline/Pipeline.php(219): Illuminate/Foundation/Http/Middleware/TrimStrings->handle(Object(Illuminate/Http/Request), Object(Closure))
#54 E:/website_trangsuc/laptrinhweb_thi_website_trangsuc/vendor/laravel/framework/src/Illuminate/Http/Middleware/ValidatePostSize.php(27): Illuminate/Pipeline/Pipeline->Illuminate/Pipeline/{closure}(Object(Illuminate/Http/Request))
#55 E:/website_trangsuc/laptrinhweb_thi_website_trangsuc/vendor/laravel/framework/src/Illuminate/Pipeline/Pipeline.php(219): Illuminate/Http/Middleware/ValidatePostSize->handle(Object(Illuminate/Http/Request), Object(Closure))
#56 E:/website_trangsuc/laptrinhweb_thi_website_trangsuc/vendor/laravel/framework/src/Illuminate/Foundation/Http/Middleware/PreventRequestsDuringMaintenance.php(109): Illuminate/Pipeline/Pipeline->Illuminate/Pipeline/{closure}(Object(Illuminate/Http/Request))
#57 E:/website_trangsuc/laptrinhweb_thi_website_trangsuc/vendor/laravel/framework/src/Illuminate/Pipeline/Pipeline.php(219): Illuminate/Foundation/Http/Middleware/PreventRequestsDuringMaintenance->handle(Object(Illuminate/Http/Request), Object(Closure))
#58 E:/website_trangsuc/laptrinhweb_thi_website_trangsuc/vendor/laravel/framework/src/Illuminate/Http/Middleware/HandleCors.php(61): Illuminate/Pipeline/Pipeline->Illuminate/Pipeline/{closure}(Object(Illuminate/Http/Request))
#59 E:/website_trangsuc/laptrinhweb_thi_website_trangsuc/vendor/laravel/framework/src/Illuminate/Pipeline/Pipeline.php(219): Illuminate/Http/Middleware/HandleCors->handle(Object(Illuminate/Http/Request), Object(Closure))
#60 E:/website_trangsuc/laptrinhweb_thi_website_trangsuc/vendor/laravel/framework/src/Illuminate/Http/Middleware/TrustProxies.php(58): Illuminate/Pipeline/Pipeline->Illuminate/Pipeline/{closure}(Object(Illuminate/Http/Request))
#61 E:/website_trangsuc/laptrinhweb_thi_website_trangsuc/vendor/laravel/framework/src/Illuminate/Pipeline/Pipeline.php(219): Illuminate/Http/Middleware/TrustProxies->handle(Object(Illuminate/Http/Request), Object(Closure))
#62 E:/website_trangsuc/laptrinhweb_thi_website_trangsuc/vendor/laravel/framework/src/Illuminate/Foundation/Http/Middleware/InvokeDeferredCallbacks.php(22): Illuminate/Pipeline/Pipeline->Illuminate/Pipeline/{closure}(Object(Illuminate/Http/Request))
#63 E:/website_trangsuc/laptrinhweb_thi_website_trangsuc/vendor/laravel/framework/src/Illuminate/Pipeline/Pipeline.php(219): Illuminate/Foundation/Http/Middleware/InvokeDeferredCallbacks->handle(Object(Illuminate/Http/Request), Object(Closure))
#64 E:/website_trangsuc/laptrinhweb_thi_website_trangsuc/vendor/laravel/framework/src/Illuminate/Http/Middleware/ValidatePathEncoding.php(26): Illuminate/Pipeline/Pipeline->Illuminate/Pipeline/{closure}(Object(Illuminate/Http/Request))
#65 E:/website_trangsuc/laptrinhweb_thi_website_trangsuc/vendor/laravel/framework/src/Illuminate/Pipeline/Pipeline.php(219): Illuminate/Http/Middleware/ValidatePathEncoding->handle(Object(Illuminate/Http/Request), Object(Closure))
#66 E:/website_trangsuc/laptrinhweb_thi_website_trangsuc/vendor/laravel/framework/src/Illuminate/Pipeline/Pipeline.php(137): Illuminate/Pipeline/Pipeline->Illuminate/Pipeline/{closure}(Object(Illuminate/Http/Request))
#67 E:/website_trangsuc/laptrinhweb_thi_website_trangsuc/vendor/laravel/framework/src/Illuminate/Foundation/Http/Kernel.php(175): Illuminate/Pipeline/Pipeline->then(Object(Closure))
#68 E:/website_trangsuc/laptrinhweb_thi_website_trangsuc/vendor/laravel/framework/src/Illuminate/Foundation/Http/Kernel.php(144): Illuminate/Foundation/Http/Kernel->sendRequestThroughRouter(Object(Illuminate/Http/Request))
#69 E:/website_trangsuc/laptrinhweb_thi_website_trangsuc/vendor/laravel/framework/src/Illuminate/Foundation/Application.php(1220): Illuminate/Foundation/Http/Kernel->handle(Object(Illuminate/Http/Request))
#70 E:/website_trangsuc/laptrinhweb_thi_website_trangsuc/public/index.php(20): Illuminate/Foundation/Application->handleRequest(Object(Illuminate/Http/Request))
#71 E:/website_trangsuc/laptrinhweb_thi_website_trangsuc/vendor/laravel/framework/src/Illuminate/Foundation/resources/server.php(23): require_once('E://website_tran...')
#72 {main}
"} 
[2026-05-31 19:06:33] local.ERROR: Undefined variable $featuredProducts (View: E:\website_trangsuc\laptrinhweb_thi_website_trangsuc\resources\views\home\index.blade.php) {"exception":"[object] (Illuminate\\View\\ViewException(code: 0): Undefined variable $featuredProducts (View: E:\\website_trangsuc\\laptrinhweb_thi_website_trangsuc\\resources\\views\\home\\index.blade.php) at E:/website_trangsuc/laptrinhweb_thi_website_trangsuc/storage/framework/views/6464a70f796b9492a1dc89a8afa00e50.php:67)
[stacktrace]
#0 E:/website_trangsuc/laptrinhweb_thi_website_trangsuc/vendor/laravel/framework/src/Illuminate/View/Engines/PhpEngine.php(59): Illuminate/View/Engines/CompilerEngine->handleViewException(Object(ErrorException), 1)
#1 E:/website_trangsuc/laptrinhweb_thi_website_trangsuc/vendor/laravel/framework/src/Illuminate/View/Engines/CompilerEngine.php(76): Illuminate/View/Engines/PhpEngine->evaluatePath('E://website_tran...', Array)
#2 E:/website_trangsuc/laptrinhweb_thi_website_trangsuc/vendor/laravel/framework/src/Illuminate/View/View.php(208): Illuminate/View/Engines/CompilerEngine->get('E://website_tran...', Array)
#3 E:/website_trangsuc/laptrinhweb_thi_website_trangsuc/vendor/laravel/framework/src/Illuminate/View/View.php(191): Illuminate/View/View->getContents()
#4 E:/website_trangsuc/laptrinhweb_thi_website_trangsuc/vendor/laravel/framework/src/Illuminate/View/View.php(160): Illuminate/View/View->renderContents()
#5 E:/website_trangsuc/laptrinhweb_thi_website_trangsuc/vendor/laravel/framework/src/Illuminate/Http/Response.php(78): Illuminate/View/View->render()
#6 E:/website_trangsuc/laptrinhweb_thi_website_trangsuc/vendor/laravel/framework/src/Illuminate/Http/Response.php(34): Illuminate/Http/Response->setContent(Object(Illuminate/View/View))
#7 E:/website_trangsuc/laptrinhweb_thi_website_trangsuc/vendor/laravel/framework/src/Illuminate/Routing/Router.php(939): Illuminate/Http/Response->__construct(Object(Illuminate/View/View), 200, Array)
#8 E:/website_trangsuc/laptrinhweb_thi_website_trangsuc/vendor/laravel/framework/src/Illuminate/Routing/Router.php(906): Illuminate/Routing/Router::toResponse(Object(Illuminate/Http/Request), Object(Illuminate/View/View))
#9 E:/website_trangsuc/laptrinhweb_thi_website_trangsuc/vendor/laravel/framework/src/Illuminate/Routing/Router.php(821): Illuminate/Routing/Router->prepareResponse(Object(Illuminate/Http/Request), Object(Illuminate/View/View))
#10 E:/website_trangsuc/laptrinhweb_thi_website_trangsuc/vendor/laravel/framework/src/Illuminate/Pipeline/Pipeline.php(180): Illuminate/Routing/Router->Illuminate/Routing/{closure}(Object(Illuminate/Http/Request))
#11 E:/website_trangsuc/laptrinhweb_thi_website_trangsuc/vendor/laravel/framework/src/Illuminate/Routing/Middleware/SubstituteBindings.php(50): Illuminate/Pipeline/Pipeline->Illuminate/Pipeline/{closure}(Object(Illuminate/Http/Request))
#12 E:/website_trangsuc/laptrinhweb_thi_website_trangsuc/vendor/laravel/framework/src/Illuminate/Pipeline/Pipeline.php(219): Illuminate/Routing/Middleware/SubstituteBindings->handle(Object(Illuminate/Http/Request), Object(Closure))
#13 E:/website_trangsuc/laptrinhweb_thi_website_trangsuc/vendor/laravel/framework/src/Illuminate/Foundation/Http/Middleware/VerifyCsrfToken.php(87): Illuminate/Pipeline/Pipeline->Illuminate/Pipeline/{closure}(Object(Illuminate/Http/Request))
#14 E:/website_trangsuc/laptrinhweb_thi_website_trangsuc/vendor/laravel/framework/src/Illuminate/Pipeline/Pipeline.php(219): Illuminate/Foundation/Http/Middleware/VerifyCsrfToken->handle(Object(Illuminate/Http/Request), Object(Closure))
#15 E:/website_trangsuc/laptrinhweb_thi_website_trangsuc/vendor/laravel/framework/src/Illuminate/View/Middleware/ShareErrorsFromSession.php(48): Illuminate/Pipeline/Pipeline->Illuminate/Pipeline/{closure}(Object(Illuminate/Http/Request))
#16 E:/website_trangsuc/laptrinhweb_thi_website_trangsuc/vendor/laravel/framework/src/Illuminate/Pipeline/Pipeline.php(219): Illuminate/View/Middleware/ShareErrorsFromSession->handle(Object(Illuminate/Http/Request), Object(Closure))
#17 E:/website_trangsuc/laptrinhweb_thi_website_trangsuc/vendor/laravel/framework/src/Illuminate/Session/Middleware/StartSession.php(120): Illuminate/Pipeline/Pipeline->Illuminate/Pipeline/{closure}(Object(Illuminate/Http/Request))
#18 E:/website_trangsuc/laptrinhweb_thi_website_trangsuc/vendor/laravel/framework/src/Illuminate/Session/Middleware/StartSession.php(63): Illuminate/Session/Middleware/StartSession->handleStatefulRequest(Object(Illuminate/Http/Request), Object(Illuminate/Session/Store), Object(Closure))
#19 E:/website_trangsuc/laptrinhweb_thi_website_trangsuc/vendor/laravel/framework/src/Illuminate/Pipeline/Pipeline.php(219): Illuminate/Session/Middleware/StartSession->handle(Object(Illuminate/Http/Request), Object(Closure))
#20 E:/website_trangsuc/laptrinhweb_thi_website_trangsuc/vendor/laravel/framework/src/Illuminate/Cookie/Middleware/AddQueuedCookiesToResponse.php(36): Illuminate/Pipeline/Pipeline->Illuminate/Pipeline/{closure}(Object(Illuminate/Http/Request))
#21 E:/website_trangsuc/laptrinhweb_thi_website_trangsuc/vendor/laravel/framework/src/Illuminate/Pipeline/Pipeline.php(219): Illuminate/Cookie/Middleware/AddQueuedCookiesToResponse->handle(Object(Illuminate/Http/Request), Object(Closure))
#22 E:/website_trangsuc/laptrinhweb_thi_website_trangsuc/vendor/laravel/framework/src/Illuminate/Cookie/Middleware/EncryptCookies.php(74): Illuminate/Pipeline/Pipeline->Illuminate/Pipeline/{closure}(Object(Illuminate/Http/Request))
#23 E:/website_trangsuc/laptrinhweb_thi_website_trangsuc/vendor/laravel/framework/src/Illuminate/Pipeline/Pipeline.php(219): Illuminate/Cookie/Middleware/EncryptCookies->handle(Object(Illuminate/Http/Request), Object(Closure))
#24 E:/website_trangsuc/laptrinhweb_thi_website_trangsuc/vendor/laravel/framework/src/Illuminate/Pipeline/Pipeline.php(137): Illuminate/Pipeline/Pipeline->Illuminate/Pipeline/{closure}(Object(Illuminate/Http/Request))
#25 E:/website_trangsuc/laptrinhweb_thi_website_trangsuc/vendor/laravel/framework/src/Illuminate/Routing/Router.php(821): Illuminate/Pipeline/Pipeline->then(Object(Closure))
#26 E:/website_trangsuc/laptrinhweb_thi_website_trangsuc/vendor/laravel/framework/src/Illuminate/Routing/Router.php(800): Illuminate/Routing/Router->runRouteWithinStack(Object(Illuminate/Routing/Route), Object(Illuminate/Http/Request))
#27 E:/website_trangsuc/laptrinhweb_thi_website_trangsuc/vendor/laravel/framework/src/Illuminate/Routing/Router.php(764): Illuminate/Routing/Router->runRoute(Object(Illuminate/Http/Request), Object(Illuminate/Routing/Route))
#28 E:/website_trangsuc/laptrinhweb_thi_website_trangsuc/vendor/laravel/framework/src/Illuminate/Routing/Router.php(753): Illuminate/Routing/Router->dispatchToRoute(Object(Illuminate/Http/Request))
#29 E:/website_trangsuc/laptrinhweb_thi_website_trangsuc/vendor/laravel/framework/src/Illuminate/Foundation/Http/Kernel.php(200): Illuminate/Routing/Router->dispatch(Object(Illuminate/Http/Request))
#30 E:/website_trangsuc/laptrinhweb_thi_website_trangsuc/vendor/laravel/framework/src/Illuminate/Pipeline/Pipeline.php(180): Illuminate/Foundation/Http/Kernel->Illuminate/Foundation/Http/{closure}(Object(Illuminate/Http/Request))
#31 E:/website_trangsuc/laptrinhweb_thi_website_trangsuc/vendor/laravel/framework/src/Illuminate/Foundation/Http/Middleware/TransformsRequest.php(21): Illuminate/Pipeline/Pipeline->Illuminate/Pipeline/{closure}(Object(Illuminate/Http/Request))
#32 E:/website_trangsuc/laptrinhweb_thi_website_trangsuc/vendor/laravel/framework/src/Illuminate/Foundation/Http/Middleware/ConvertEmptyStringsToNull.php(31): Illuminate/Foundation/Http/Middleware/TransformsRequest->handle(Object(Illuminate/Http/Request), Object(Closure))
#33 E:/website_trangsuc/laptrinhweb_thi_website_trangsuc/vendor/laravel/framework/src/Illuminate/Pipeline/Pipeline.php(219): Illuminate/Foundation/Http/Middleware/ConvertEmptyStringsToNull->handle(Object(Illuminate/Http/Request), Object(Closure))
#34 E:/website_trangsuc/laptrinhweb_thi_website_trangsuc/vendor/laravel/framework/src/Illuminate/Foundation/Http/Middleware/TransformsRequest.php(21): Illuminate/Pipeline/Pipeline->Illuminate/Pipeline/{closure}(Object(Illuminate/Http/Request))
#35 E:/website_trangsuc/laptrinhweb_thi_website_trangsuc/vendor/laravel/framework/src/Illuminate/Foundation/Http/Middleware/TrimStrings.php(51): Illuminate/Foundation/Http/Middleware/TransformsRequest->handle(Object(Illuminate/Http/Request), Object(Closure))
#36 E:/website_trangsuc/laptrinhweb_thi_website_trangsuc/vendor/laravel/framework/src/Illuminate/Pipeline/Pipeline.php(219): Illuminate/Foundation/Http/Middleware/TrimStrings->handle(Object(Illuminate/Http/Request), Object(Closure))
#37 E:/website_trangsuc/laptrinhweb_thi_website_trangsuc/vendor/laravel/framework/src/Illuminate/Http/Middleware/ValidatePostSize.php(27): Illuminate/Pipeline/Pipeline->Illuminate/Pipeline/{closure}(Object(Illuminate/Http/Request))
#38 E:/website_trangsuc/laptrinhweb_thi_website_trangsuc/vendor/laravel/framework/src/Illuminate/Pipeline/Pipeline.php(219): Illuminate/Http/Middleware/ValidatePostSize->handle(Object(Illuminate/Http/Request), Object(Closure))
#39 E:/website_trangsuc/laptrinhweb_thi_website_trangsuc/vendor/laravel/framework/src/Illuminate/Foundation/Http/Middleware/PreventRequestsDuringMaintenance.php(109): Illuminate/Pipeline/Pipeline->Illuminate/Pipeline/{closure}(Object(Illuminate/Http/Request))
#40 E:/website_trangsuc/laptrinhweb_thi_website_trangsuc/vendor/laravel/framework/src/Illuminate/Pipeline/Pipeline.php(219): Illuminate/Foundation/Http/Middleware/PreventRequestsDuringMaintenance->handle(Object(Illuminate/Http/Request), Object(Closure))
#41 E:/website_trangsuc/laptrinhweb_thi_website_trangsuc/vendor/laravel/framework/src/Illuminate/Http/Middleware/HandleCors.php(61): Illuminate/Pipeline/Pipeline->Illuminate/Pipeline/{closure}(Object(Illuminate/Http/Request))
#42 E:/website_trangsuc/laptrinhweb_thi_website_trangsuc/vendor/laravel/framework/src/Illuminate/Pipeline/Pipeline.php(219): Illuminate/Http/Middleware/HandleCors->handle(Object(Illuminate/Http/Request), Object(Closure))
#43 E:/website_trangsuc/laptrinhweb_thi_website_trangsuc/vendor/laravel/framework/src/Illuminate/Http/Middleware/TrustProxies.php(58): Illuminate/Pipeline/Pipeline->Illuminate/Pipeline/{closure}(Object(Illuminate/Http/Request))
#44 E:/website_trangsuc/laptrinhweb_thi_website_trangsuc/vendor/laravel/framework/src/Illuminate/Pipeline/Pipeline.php(219): Illuminate/Http/Middleware/TrustProxies->handle(Object(Illuminate/Http/Request), Object(Closure))
#45 E:/website_trangsuc/laptrinhweb_thi_website_trangsuc/vendor/laravel/framework/src/Illuminate/Foundation/Http/Middleware/InvokeDeferredCallbacks.php(22): Illuminate/Pipeline/Pipeline->Illuminate/Pipeline/{closure}(Object(Illuminate/Http/Request))
#46 E:/website_trangsuc/laptrinhweb_thi_website_trangsuc/vendor/laravel/framework/src/Illuminate/Pipeline/Pipeline.php(219): Illuminate/Foundation/Http/Middleware/InvokeDeferredCallbacks->handle(Object(Illuminate/Http/Request), Object(Closure))
#47 E:/website_trangsuc/laptrinhweb_thi_website_trangsuc/vendor/laravel/framework/src/Illuminate/Http/Middleware/ValidatePathEncoding.php(26): Illuminate/Pipeline/Pipeline->Illuminate/Pipeline/{closure}(Object(Illuminate/Http/Request))
#48 E:/website_trangsuc/laptrinhweb_thi_website_trangsuc/vendor/laravel/framework/src/Illuminate/Pipeline/Pipeline.php(219): Illuminate/Http/Middleware/ValidatePathEncoding->handle(Object(Illuminate/Http/Request), Object(Closure))
#49 E:/website_trangsuc/laptrinhweb_thi_website_trangsuc/vendor/laravel/framework/src/Illuminate/Pipeline/Pipeline.php(137): Illuminate/Pipeline/Pipeline->Illuminate/Pipeline/{closure}(Object(Illuminate/Http/Request))
#50 E:/website_trangsuc/laptrinhweb_thi_website_trangsuc/vendor/laravel/framework/src/Illuminate/Foundation/Http/Kernel.php(175): Illuminate/Pipeline/Pipeline->then(Object(Closure))
#51 E:/website_trangsuc/laptrinhweb_thi_website_trangsuc/vendor/laravel/framework/src/Illuminate/Foundation/Http/Kernel.php(144): Illuminate/Foundation/Http/Kernel->sendRequestThroughRouter(Object(Illuminate/Http/Request))
#52 E:/website_trangsuc/laptrinhweb_thi_website_trangsuc/vendor/laravel/framework/src/Illuminate/Foundation/Application.php(1220): Illuminate/Foundation/Http/Kernel->handle(Object(Illuminate/Http/Request))
#53 E:/website_trangsuc/laptrinhweb_thi_website_trangsuc/public/index.php(20): Illuminate/Foundation/Application->handleRequest(Object(Illuminate/Http/Request))
#54 E:/website_trangsuc/laptrinhweb_thi_website_trangsuc/vendor/laravel/framework/src/Illuminate/Foundation/resources/server.php(23): require_once('E://website_tran...')
#55 {main}

[previous exception] [object] (ErrorException(code: 0): Undefined variable $featuredProducts at E:/website_trangsuc/laptrinhweb_thi_website_trangsuc/storage/framework/views/6464a70f796b9492a1dc89a8afa00e50.php:67)
[stacktrace]
#0 E:/website_trangsuc/laptrinhweb_thi_website_trangsuc/vendor/laravel/framework/src/Illuminate/Foundation/Bootstrap/HandleExceptions.php(258): Illuminate/Foundation/Bootstrap/HandleExceptions->handleError(2, 'Undefined varia...', 'E://website_tran...', 67)
#1 E:/website_trangsuc/laptrinhweb_thi_website_trangsuc/storage/framework/views/6464a70f796b9492a1dc89a8afa00e50.php(67): Illuminate/Foundation/Bootstrap/HandleExceptions->Illuminate/Foundation/Bootstrap/{closure}(2, 'Undefined varia...', 'E://website_tran...', 67)
#2 E:/website_trangsuc/laptrinhweb_thi_website_trangsuc/vendor/laravel/framework/src/Illuminate/Filesystem/Filesystem.php(123): require('E://website_tran...')
#3 E:/website_trangsuc/laptrinhweb_thi_website_trangsuc/vendor/laravel/framework/src/Illuminate/Filesystem/Filesystem.php(124): Illuminate/Filesystem/Filesystem::Illuminate/Filesystem/{closure}()
#4 E:/website_trangsuc/laptrinhweb_thi_website_trangsuc/vendor/laravel/framework/src/Illuminate/View/Engines/PhpEngine.php(57): Illuminate/Filesystem/Filesystem->getRequire('E://website_tran...', Array)
#5 E:/website_trangsuc/laptrinhweb_thi_website_trangsuc/vendor/laravel/framework/src/Illuminate/View/Engines/CompilerEngine.php(76): Illuminate/View/Engines/PhpEngine->evaluatePath('E://website_tran...', Array)
#6 E:/website_trangsuc/laptrinhweb_thi_website_trangsuc/vendor/laravel/framework/src/Illuminate/View/View.php(208): Illuminate/View/Engines/CompilerEngine->get('E://website_tran...', Array)
#7 E:/website_trangsuc/laptrinhweb_thi_website_trangsuc/vendor/laravel/framework/src/Illuminate/View/View.php(191): Illuminate/View/View->getContents()
#8 E:/website_trangsuc/laptrinhweb_thi_website_trangsuc/vendor/laravel/framework/src/Illuminate/View/View.php(160): Illuminate/View/View->renderContents()
#9 E:/website_trangsuc/laptrinhweb_thi_website_trangsuc/vendor/laravel/framework/src/Illuminate/Http/Response.php(78): Illuminate/View/View->render()
#10 E:/website_trangsuc/laptrinhweb_thi_website_trangsuc/vendor/laravel/framework/src/Illuminate/Http/Response.php(34): Illuminate/Http/Response->setContent(Object(Illuminate/View/View))
#11 E:/website_trangsuc/laptrinhweb_thi_website_trangsuc/vendor/laravel/framework/src/Illuminate/Routing/Router.php(939): Illuminate/Http/Response->__construct(Object(Illuminate/View/View), 200, Array)
#12 E:/website_trangsuc/laptrinhweb_thi_website_trangsuc/vendor/laravel/framework/src/Illuminate/Routing/Router.php(906): Illuminate/Routing/Router::toResponse(Object(Illuminate/Http/Request), Object(Illuminate/View/View))
#13 E:/website_trangsuc/laptrinhweb_thi_website_trangsuc/vendor/laravel/framework/src/Illuminate/Routing/Router.php(821): Illuminate/Routing/Router->prepareResponse(Object(Illuminate/Http/Request), Object(Illuminate/View/View))
#14 E:/website_trangsuc/laptrinhweb_thi_website_trangsuc/vendor/laravel/framework/src/Illuminate/Pipeline/Pipeline.php(180): Illuminate/Routing/Router->Illuminate/Routing/{closure}(Object(Illuminate/Http/Request))
#15 E:/website_trangsuc/laptrinhweb_thi_website_trangsuc/vendor/laravel/framework/src/Illuminate/Routing/Middleware/SubstituteBindings.php(50): Illuminate/Pipeline/Pipeline->Illuminate/Pipeline/{closure}(Object(Illuminate/Http/Request))
#16 E:/website_trangsuc/laptrinhweb_thi_website_trangsuc/vendor/laravel/framework/src/Illuminate/Pipeline/Pipeline.php(219): Illuminate/Routing/Middleware/SubstituteBindings->handle(Object(Illuminate/Http/Request), Object(Closure))
#17 E:/website_trangsuc/laptrinhweb_thi_website_trangsuc/vendor/laravel/framework/src/Illuminate/Foundation/Http/Middleware/VerifyCsrfToken.php(87): Illuminate/Pipeline/Pipeline->Illuminate/Pipeline/{closure}(Object(Illuminate/Http/Request))
#18 E:/website_trangsuc/laptrinhweb_thi_website_trangsuc/vendor/laravel/framework/src/Illuminate/Pipeline/Pipeline.php(219): Illuminate/Foundation/Http/Middleware/VerifyCsrfToken->handle(Object(Illuminate/Http/Request), Object(Closure))
#19 E:/website_trangsuc/laptrinhweb_thi_website_trangsuc/vendor/laravel/framework/src/Illuminate/View/Middleware/ShareErrorsFromSession.php(48): Illuminate/Pipeline/Pipeline->Illuminate/Pipeline/{closure}(Object(Illuminate/Http/Request))
#20 E:/website_trangsuc/laptrinhweb_thi_website_trangsuc/vendor/laravel/framework/src/Illuminate/Pipeline/Pipeline.php(219): Illuminate/View/Middleware/ShareErrorsFromSession->handle(Object(Illuminate/Http/Request), Object(Closure))
#21 E:/website_trangsuc/laptrinhweb_thi_website_trangsuc/vendor/laravel/framework/src/Illuminate/Session/Middleware/StartSession.php(120): Illuminate/Pipeline/Pipeline->Illuminate/Pipeline/{closure}(Object(Illuminate/Http/Request))
#22 E:/website_trangsuc/laptrinhweb_thi_website_trangsuc/vendor/laravel/framework/src/Illuminate/Session/Middleware/StartSession.php(63): Illuminate/Session/Middleware/StartSession->handleStatefulRequest(Object(Illuminate/Http/Request), Object(Illuminate/Session/Store), Object(Closure))
#23 E:/website_trangsuc/laptrinhweb_thi_website_trangsuc/vendor/laravel/framework/src/Illuminate/Pipeline/Pipeline.php(219): Illuminate/Session/Middleware/StartSession->handle(Object(Illuminate/Http/Request), Object(Closure))
#24 E:/website_trangsuc/laptrinhweb_thi_website_trangsuc/vendor/laravel/framework/src/Illuminate/Cookie/Middleware/AddQueuedCookiesToResponse.php(36): Illuminate/Pipeline/Pipeline->Illuminate/Pipeline/{closure}(Object(Illuminate/Http/Request))
#25 E:/website_trangsuc/laptrinhweb_thi_website_trangsuc/vendor/laravel/framework/src/Illuminate/Pipeline/Pipeline.php(219): Illuminate/Cookie/Middleware/AddQueuedCookiesToResponse->handle(Object(Illuminate/Http/Request), Object(Closure))
#26 E:/website_trangsuc/laptrinhweb_thi_website_trangsuc/vendor/laravel/framework/src/Illuminate/Cookie/Middleware/EncryptCookies.php(74): Illuminate/Pipeline/Pipeline->Illuminate/Pipeline/{closure}(Object(Illuminate/Http/Request))
#27 E:/website_trangsuc/laptrinhweb_thi_website_trangsuc/vendor/laravel/framework/src/Illuminate/Pipeline/Pipeline.php(219): Illuminate/Cookie/Middleware/EncryptCookies->handle(Object(Illuminate/Http/Request), Object(Closure))
#28 E:/website_trangsuc/laptrinhweb_thi_website_trangsuc/vendor/laravel/framework/src/Illuminate/Pipeline/Pipeline.php(137): Illuminate/Pipeline/Pipeline->Illuminate/Pipeline/{closure}(Object(Illuminate/Http/Request))
#29 E:/website_trangsuc/laptrinhweb_thi_website_trangsuc/vendor/laravel/framework/src/Illuminate/Routing/Router.php(821): Illuminate/Pipeline/Pipeline->then(Object(Closure))
#30 E:/website_trangsuc/laptrinhweb_thi_website_trangsuc/vendor/laravel/framework/src/Illuminate/Routing/Router.php(800): Illuminate/Routing/Router->runRouteWithinStack(Object(Illuminate/Routing/Route), Object(Illuminate/Http/Request))
#31 E:/website_trangsuc/laptrinhweb_thi_website_trangsuc/vendor/laravel/framework/src/Illuminate/Routing/Router.php(764): Illuminate/Routing/Router->runRoute(Object(Illuminate/Http/Request), Object(Illuminate/Routing/Route))
#32 E:/website_trangsuc/laptrinhweb_thi_website_trangsuc/vendor/laravel/framework/src/Illuminate/Routing/Router.php(753): Illuminate/Routing/Router->dispatchToRoute(Object(Illuminate/Http/Request))
#33 E:/website_trangsuc/laptrinhweb_thi_website_trangsuc/vendor/laravel/framework/src/Illuminate/Foundation/Http/Kernel.php(200): Illuminate/Routing/Router->dispatch(Object(Illuminate/Http/Request))
#34 E:/website_trangsuc/laptrinhweb_thi_website_trangsuc/vendor/laravel/framework/src/Illuminate/Pipeline/Pipeline.php(180): Illuminate/Foundation/Http/Kernel->Illuminate/Foundation/Http/{closure}(Object(Illuminate/Http/Request))
#35 E:/website_trangsuc/laptrinhweb_thi_website_trangsuc/vendor/laravel/framework/src/Illuminate/Foundation/Http/Middleware/TransformsRequest.php(21): Illuminate/Pipeline/Pipeline->Illuminate/Pipeline/{closure}(Object(Illuminate/Http/Request))
#36 E:/website_trangsuc/laptrinhweb_thi_website_trangsuc/vendor/laravel/framework/src/Illuminate/Foundation/Http/Middleware/ConvertEmptyStringsToNull.php(31): Illuminate/Foundation/Http/Middleware/TransformsRequest->handle(Object(Illuminate/Http/Request), Object(Closure))
#37 E:/website_trangsuc/laptrinhweb_thi_website_trangsuc/vendor/laravel/framework/src/Illuminate/Pipeline/Pipeline.php(219): Illuminate/Foundation/Http/Middleware/ConvertEmptyStringsToNull->handle(Object(Illuminate/Http/Request), Object(Closure))
#38 E:/website_trangsuc/laptrinhweb_thi_website_trangsuc/vendor/laravel/framework/src/Illuminate/Foundation/Http/Middleware/TransformsRequest.php(21): Illuminate/Pipeline/Pipeline->Illuminate/Pipeline/{closure}(Object(Illuminate/Http/Request))
#39 E:/website_trangsuc/laptrinhweb_thi_website_trangsuc/vendor/laravel/framework/src/Illuminate/Foundation/Http/Middleware/TrimStrings.php(51): Illuminate/Foundation/Http/Middleware/TransformsRequest->handle(Object(Illuminate/Http/Request), Object(Closure))
#40 E:/website_trangsuc/laptrinhweb_thi_website_trangsuc/vendor/laravel/framework/src/Illuminate/Pipeline/Pipeline.php(219): Illuminate/Foundation/Http/Middleware/TrimStrings->handle(Object(Illuminate/Http/Request), Object(Closure))
#41 E:/website_trangsuc/laptrinhweb_thi_website_trangsuc/vendor/laravel/framework/src/Illuminate/Http/Middleware/ValidatePostSize.php(27): Illuminate/Pipeline/Pipeline->Illuminate/Pipeline/{closure}(Object(Illuminate/Http/Request))
#42 E:/website_trangsuc/laptrinhweb_thi_website_trangsuc/vendor/laravel/framework/src/Illuminate/Pipeline/Pipeline.php(219): Illuminate/Http/Middleware/ValidatePostSize->handle(Object(Illuminate/Http/Request), Object(Closure))
#43 E:/website_trangsuc/laptrinhweb_thi_website_trangsuc/vendor/laravel/framework/src/Illuminate/Foundation/Http/Middleware/PreventRequestsDuringMaintenance.php(109): Illuminate/Pipeline/Pipeline->Illuminate/Pipeline/{closure}(Object(Illuminate/Http/Request))
#44 E:/website_trangsuc/laptrinhweb_thi_website_trangsuc/vendor/laravel/framework/src/Illuminate/Pipeline/Pipeline.php(219): Illuminate/Foundation/Http/Middleware/PreventRequestsDuringMaintenance->handle(Object(Illuminate/Http/Request), Object(Closure))
#45 E:/website_trangsuc/laptrinhweb_thi_website_trangsuc/vendor/laravel/framework/src/Illuminate/Http/Middleware/HandleCors.php(61): Illuminate/Pipeline/Pipeline->Illuminate/Pipeline/{closure}(Object(Illuminate/Http/Request))
#46 E:/website_trangsuc/laptrinhweb_thi_website_trangsuc/vendor/laravel/framework/src/Illuminate/Pipeline/Pipeline.php(219): Illuminate/Http/Middleware/HandleCors->handle(Object(Illuminate/Http/Request), Object(Closure))
#47 E:/website_trangsuc/laptrinhweb_thi_website_trangsuc/vendor/laravel/framework/src/Illuminate/Http/Middleware/TrustProxies.php(58): Illuminate/Pipeline/Pipeline->Illuminate/Pipeline/{closure}(Object(Illuminate/Http/Request))
#48 E:/website_trangsuc/laptrinhweb_thi_website_trangsuc/vendor/laravel/framework/src/Illuminate/Pipeline/Pipeline.php(219): Illuminate/Http/Middleware/TrustProxies->handle(Object(Illuminate/Http/Request), Object(Closure))
#49 E:/website_trangsuc/laptrinhweb_thi_website_trangsuc/vendor/laravel/framework/src/Illuminate/Foundation/Http/Middleware/InvokeDeferredCallbacks.php(22): Illuminate/Pipeline/Pipeline->Illuminate/Pipeline/{closure}(Object(Illuminate/Http/Request))
#50 E:/website_trangsuc/laptrinhweb_thi_website_trangsuc/vendor/laravel/framework/src/Illuminate/Pipeline/Pipeline.php(219): Illuminate/Foundation/Http/Middleware/InvokeDeferredCallbacks->handle(Object(Illuminate/Http/Request), Object(Closure))
#51 E:/website_trangsuc/laptrinhweb_thi_website_trangsuc/vendor/laravel/framework/src/Illuminate/Http/Middleware/ValidatePathEncoding.php(26): Illuminate/Pipeline/Pipeline->Illuminate/Pipeline/{closure}(Object(Illuminate/Http/Request))
#52 E:/website_trangsuc/laptrinhweb_thi_website_trangsuc/vendor/laravel/framework/src/Illuminate/Pipeline/Pipeline.php(219): Illuminate/Http/Middleware/ValidatePathEncoding->handle(Object(Illuminate/Http/Request), Object(Closure))
#53 E:/website_trangsuc/laptrinhweb_thi_website_trangsuc/vendor/laravel/framework/src/Illuminate/Pipeline/Pipeline.php(137): Illuminate/Pipeline/Pipeline->Illuminate/Pipeline/{closure}(Object(Illuminate/Http/Request))
#54 E:/website_trangsuc/laptrinhweb_thi_website_trangsuc/vendor/laravel/framework/src/Illuminate/Foundation/Http/Kernel.php(175): Illuminate/Pipeline/Pipeline->then(Object(Closure))
#55 E:/website_trangsuc/laptrinhweb_thi_website_trangsuc/vendor/laravel/framework/src/Illuminate/Foundation/Http/Kernel.php(144): Illuminate/Foundation/Http/Kernel->sendRequestThroughRouter(Object(Illuminate/Http/Request))
#56 E:/website_trangsuc/laptrinhweb_thi_website_trangsuc/vendor/laravel/framework/src/Illuminate/Foundation/Application.php(1220): Illuminate/Foundation/Http/Kernel->handle(Object(Illuminate/Http/Request))
#57 E:/website_trangsuc/laptrinhweb_thi_website_trangsuc/public/index.php(20): Illuminate/Foundation/Application->handleRequest(Object(Illuminate/Http/Request))
#58 E:/website_trangsuc/laptrinhweb_thi_website_trangsuc/vendor/laravel/framework/src/Illuminate/Foundation/resources/server.php(23): require_once('E://website_tran...')
#59 {main}
"} 
[2026-06-01 08:21:42] local.ERROR: View [profile.change-password] not found. {"userId":"TK036","exception":"[object] (InvalidArgumentException(code: 0): View [profile.change-password] not found. at E:/website_trangsuc/laptrinhweb_thi_website_trangsuc/vendor/laravel/framework/src/Illuminate/View/FileViewFinder.php:138)
[stacktrace]
#0 E:/website_trangsuc/laptrinhweb_thi_website_trangsuc/vendor/laravel/framework/src/Illuminate/View/FileViewFinder.php(78): Illuminate/View/FileViewFinder->findInPaths('profile.change-...', Array)
#1 E:/website_trangsuc/laptrinhweb_thi_website_trangsuc/vendor/laravel/framework/src/Illuminate/View/Factory.php(150): Illuminate/View/FileViewFinder->find('profile.change-...')
#2 E:/website_trangsuc/laptrinhweb_thi_website_trangsuc/vendor/laravel/framework/src/Illuminate/Foundation/helpers.php(1100): Illuminate/View/Factory->make('profile.change-...', Array, Array)
#3 E:/website_trangsuc/laptrinhweb_thi_website_trangsuc/app/Http/Controllers/AuthController.php(172): view('profile.change-...')
#4 E:/website_trangsuc/laptrinhweb_thi_website_trangsuc/vendor/laravel/framework/src/Illuminate/Routing/ControllerDispatcher.php(46): App/Http/Controllers/AuthController->showChangePassword()
#5 E:/website_trangsuc/laptrinhweb_thi_website_trangsuc/vendor/laravel/framework/src/Illuminate/Routing/Route.php(265): Illuminate/Routing/ControllerDispatcher->dispatch(Object(Illuminate/Routing/Route), Object(App/Http/Controllers/AuthController), 'showChangePassw...')
#6 E:/website_trangsuc/laptrinhweb_thi_website_trangsuc/vendor/laravel/framework/src/Illuminate/Routing/Route.php(211): Illuminate/Routing/Route->runController()
#7 E:/website_trangsuc/laptrinhweb_thi_website_trangsuc/vendor/laravel/framework/src/Illuminate/Routing/Router.php(822): Illuminate/Routing/Route->run()
#8 E:/website_trangsuc/laptrinhweb_thi_website_trangsuc/vendor/laravel/framework/src/Illuminate/Pipeline/Pipeline.php(180): Illuminate/Routing/Router->Illuminate/Routing/{closure}(Object(Illuminate/Http/Request))
#9 E:/website_trangsuc/laptrinhweb_thi_website_trangsuc/vendor/laravel/framework/src/Illuminate/Routing/Middleware/SubstituteBindings.php(50): Illuminate/Pipeline/Pipeline->Illuminate/Pipeline/{closure}(Object(Illuminate/Http/Request))
#10 E:/website_trangsuc/laptrinhweb_thi_website_trangsuc/vendor/laravel/framework/src/Illuminate/Pipeline/Pipeline.php(219): Illuminate/Routing/Middleware/SubstituteBindings->handle(Object(Illuminate/Http/Request), Object(Closure))
#11 E:/website_trangsuc/laptrinhweb_thi_website_trangsuc/vendor/laravel/framework/src/Illuminate/Auth/Middleware/Authenticate.php(63): Illuminate/Pipeline/Pipeline->Illuminate/Pipeline/{closure}(Object(Illuminate/Http/Request))
#12 E:/website_trangsuc/laptrinhweb_thi_website_trangsuc/vendor/laravel/framework/src/Illuminate/Pipeline/Pipeline.php(219): Illuminate/Auth/Middleware/Authenticate->handle(Object(Illuminate/Http/Request), Object(Closure))
#13 E:/website_trangsuc/laptrinhweb_thi_website_trangsuc/vendor/laravel/framework/src/Illuminate/Foundation/Http/Middleware/VerifyCsrfToken.php(87): Illuminate/Pipeline/Pipeline->Illuminate/Pipeline/{closure}(Object(Illuminate/Http/Request))
#14 E:/website_trangsuc/laptrinhweb_thi_website_trangsuc/vendor/laravel/framework/src/Illuminate/Pipeline/Pipeline.php(219): Illuminate/Foundation/Http/Middleware/VerifyCsrfToken->handle(Object(Illuminate/Http/Request), Object(Closure))
#15 E:/website_trangsuc/laptrinhweb_thi_website_trangsuc/vendor/laravel/framework/src/Illuminate/View/Middleware/ShareErrorsFromSession.php(48): Illuminate/Pipeline/Pipeline->Illuminate/Pipeline/{closure}(Object(Illuminate/Http/Request))
#16 E:/website_trangsuc/laptrinhweb_thi_website_trangsuc/vendor/laravel/framework/src/Illuminate/Pipeline/Pipeline.php(219): Illuminate/View/Middleware/ShareErrorsFromSession->handle(Object(Illuminate/Http/Request), Object(Closure))
#17 E:/website_trangsuc/laptrinhweb_thi_website_trangsuc/vendor/laravel/framework/src/Illuminate/Session/Middleware/StartSession.php(120): Illuminate/Pipeline/Pipeline->Illuminate/Pipeline/{closure}(Object(Illuminate/Http/Request))
#18 E:/website_trangsuc/laptrinhweb_thi_website_trangsuc/vendor/laravel/framework/src/Illuminate/Session/Middleware/StartSession.php(63): Illuminate/Session/Middleware/StartSession->handleStatefulRequest(Object(Illuminate/Http/Request), Object(Illuminate/Session/Store), Object(Closure))
#19 E:/website_trangsuc/laptrinhweb_thi_website_trangsuc/vendor/laravel/framework/src/Illuminate/Pipeline/Pipeline.php(219): Illuminate/Session/Middleware/StartSession->handle(Object(Illuminate/Http/Request), Object(Closure))
#20 E:/website_trangsuc/laptrinhweb_thi_website_trangsuc/vendor/laravel/framework/src/Illuminate/Cookie/Middleware/AddQueuedCookiesToResponse.php(36): Illuminate/Pipeline/Pipeline->Illuminate/Pipeline/{closure}(Object(Illuminate/Http/Request))
#21 E:/website_trangsuc/laptrinhweb_thi_website_trangsuc/vendor/laravel/framework/src/Illuminate/Pipeline/Pipeline.php(219): Illuminate/Cookie/Middleware/AddQueuedCookiesToResponse->handle(Object(Illuminate/Http/Request), Object(Closure))
#22 E:/website_trangsuc/laptrinhweb_thi_website_trangsuc/vendor/laravel/framework/src/Illuminate/Cookie/Middleware/EncryptCookies.php(74): Illuminate/Pipeline/Pipeline->Illuminate/Pipeline/{closure}(Object(Illuminate/Http/Request))
#23 E:/website_trangsuc/laptrinhweb_thi_website_trangsuc/vendor/laravel/framework/src/Illuminate/Pipeline/Pipeline.php(219): Illuminate/Cookie/Middleware/EncryptCookies->handle(Object(Illuminate/Http/Request), Object(Closure))
#24 E:/website_trangsuc/laptrinhweb_thi_website_trangsuc/vendor/laravel/framework/src/Illuminate/Pipeline/Pipeline.php(137): Illuminate/Pipeline/Pipeline->Illuminate/Pipeline/{closure}(Object(Illuminate/Http/Request))
#25 E:/website_trangsuc/laptrinhweb_thi_website_trangsuc/vendor/laravel/framework/src/Illuminate/Routing/Router.php(821): Illuminate/Pipeline/Pipeline->then(Object(Closure))
#26 E:/website_trangsuc/laptrinhweb_thi_website_trangsuc/vendor/laravel/framework/src/Illuminate/Routing/Router.php(800): Illuminate/Routing/Router->runRouteWithinStack(Object(Illuminate/Routing/Route), Object(Illuminate/Http/Request))
#27 E:/website_trangsuc/laptrinhweb_thi_website_trangsuc/vendor/laravel/framework/src/Illuminate/Routing/Router.php(764): Illuminate/Routing/Router->runRoute(Object(Illuminate/Http/Request), Object(Illuminate/Routing/Route))
#28 E:/website_trangsuc/laptrinhweb_thi_website_trangsuc/vendor/laravel/framework/src/Illuminate/Routing/Router.php(753): Illuminate/Routing/Router->dispatchToRoute(Object(Illuminate/Http/Request))
#29 E:/website_trangsuc/laptrinhweb_thi_website_trangsuc/vendor/laravel/framework/src/Illuminate/Foundation/Http/Kernel.php(200): Illuminate/Routing/Router->dispatch(Object(Illuminate/Http/Request))
#30 E:/website_trangsuc/laptrinhweb_thi_website_trangsuc/vendor/laravel/framework/src/Illuminate/Pipeline/Pipeline.php(180): Illuminate/Foundation/Http/Kernel->Illuminate/Foundation/Http/{closure}(Object(Illuminate/Http/Request))
#31 E:/website_trangsuc/laptrinhweb_thi_website_trangsuc/vendor/laravel/framework/src/Illuminate/Foundation/Http/Middleware/TransformsRequest.php(21): Illuminate/Pipeline/Pipeline->Illuminate/Pipeline/{closure}(Object(Illuminate/Http/Request))
#32 E:/website_trangsuc/laptrinhweb_thi_website_trangsuc/vendor/laravel/framework/src/Illuminate/Foundation/Http/Middleware/ConvertEmptyStringsToNull.php(31): Illuminate/Foundation/Http/Middleware/TransformsRequest->handle(Object(Illuminate/Http/Request), Object(Closure))
#33 E:/website_trangsuc/laptrinhweb_thi_website_trangsuc/vendor/laravel/framework/src/Illuminate/Pipeline/Pipeline.php(219): Illuminate/Foundation/Http/Middleware/ConvertEmptyStringsToNull->handle(Object(Illuminate/Http/Request), Object(Closure))
#34 E:/website_trangsuc/laptrinhweb_thi_website_trangsuc/vendor/laravel/framework/src/Illuminate/Foundation/Http/Middleware/TransformsRequest.php(21): Illuminate/Pipeline/Pipeline->Illuminate/Pipeline/{closure}(Object(Illuminate/Http/Request))
#35 E:/website_trangsuc/laptrinhweb_thi_website_trangsuc/vendor/laravel/framework/src/Illuminate/Foundation/Http/Middleware/TrimStrings.php(51): Illuminate/Foundation/Http/Middleware/TransformsRequest->handle(Object(Illuminate/Http/Request), Object(Closure))
#36 E:/website_trangsuc/laptrinhweb_thi_website_trangsuc/vendor/laravel/framework/src/Illuminate/Pipeline/Pipeline.php(219): Illuminate/Foundation/Http/Middleware/TrimStrings->handle(Object(Illuminate/Http/Request), Object(Closure))
#37 E:/website_trangsuc/laptrinhweb_thi_website_trangsuc/vendor/laravel/framework/src/Illuminate/Http/Middleware/ValidatePostSize.php(27): Illuminate/Pipeline/Pipeline->Illuminate/Pipeline/{closure}(Object(Illuminate/Http/Request))
#38 E:/website_trangsuc/laptrinhweb_thi_website_trangsuc/vendor/laravel/framework/src/Illuminate/Pipeline/Pipeline.php(219): Illuminate/Http/Middleware/ValidatePostSize->handle(Object(Illuminate/Http/Request), Object(Closure))
#39 E:/website_trangsuc/laptrinhweb_thi_website_trangsuc/vendor/laravel/framework/src/Illuminate/Foundation/Http/Middleware/PreventRequestsDuringMaintenance.php(109): Illuminate/Pipeline/Pipeline->Illuminate/Pipeline/{closure}(Object(Illuminate/Http/Request))
#40 E:/website_trangsuc/laptrinhweb_thi_website_trangsuc/vendor/laravel/framework/src/Illuminate/Pipeline/Pipeline.php(219): Illuminate/Foundation/Http/Middleware/PreventRequestsDuringMaintenance->handle(Object(Illuminate/Http/Request), Object(Closure))
#41 E:/website_trangsuc/laptrinhweb_thi_website_trangsuc/vendor/laravel/framework/src/Illuminate/Http/Middleware/HandleCors.php(61): Illuminate/Pipeline/Pipeline->Illuminate/Pipeline/{closure}(Object(Illuminate/Http/Request))
#42 E:/website_trangsuc/laptrinhweb_thi_website_trangsuc/vendor/laravel/framework/src/Illuminate/Pipeline/Pipeline.php(219): Illuminate/Http/Middleware/HandleCors->handle(Object(Illuminate/Http/Request), Object(Closure))
#43 E:/website_trangsuc/laptrinhweb_thi_website_trangsuc/vendor/laravel/framework/src/Illuminate/Http/Middleware/TrustProxies.php(58): Illuminate/Pipeline/Pipeline->Illuminate/Pipeline/{closure}(Object(Illuminate/Http/Request))
#44 E:/website_trangsuc/laptrinhweb_thi_website_trangsuc/vendor/laravel/framework/src/Illuminate/Pipeline/Pipeline.php(219): Illuminate/Http/Middleware/TrustProxies->handle(Object(Illuminate/Http/Request), Object(Closure))
#45 E:/website_trangsuc/laptrinhweb_thi_website_trangsuc/vendor/laravel/framework/src/Illuminate/Foundation/Http/Middleware/InvokeDeferredCallbacks.php(22): Illuminate/Pipeline/Pipeline->Illuminate/Pipeline/{closure}(Object(Illuminate/Http/Request))
#46 E:/website_trangsuc/laptrinhweb_thi_website_trangsuc/vendor/laravel/framework/src/Illuminate/Pipeline/Pipeline.php(219): Illuminate/Foundation/Http/Middleware/InvokeDeferredCallbacks->handle(Object(Illuminate/Http/Request), Object(Closure))
#47 E:/website_trangsuc/laptrinhweb_thi_website_trangsuc/vendor/laravel/framework/src/Illuminate/Http/Middleware/ValidatePathEncoding.php(26): Illuminate/Pipeline/Pipeline->Illuminate/Pipeline/{closure}(Object(Illuminate/Http/Request))
#48 E:/website_trangsuc/laptrinhweb_thi_website_trangsuc/vendor/laravel/framework/src/Illuminate/Pipeline/Pipeline.php(219): Illuminate/Http/Middleware/ValidatePathEncoding->handle(Object(Illuminate/Http/Request), Object(Closure))
#49 E:/website_trangsuc/laptrinhweb_thi_website_trangsuc/vendor/laravel/framework/src/Illuminate/Pipeline/Pipeline.php(137): Illuminate/Pipeline/Pipeline->Illuminate/Pipeline/{closure}(Object(Illuminate/Http/Request))
#50 E:/website_trangsuc/laptrinhweb_thi_website_trangsuc/vendor/laravel/framework/src/Illuminate/Foundation/Http/Kernel.php(175): Illuminate/Pipeline/Pipeline->then(Object(Closure))
#51 E:/website_trangsuc/laptrinhweb_thi_website_trangsuc/vendor/laravel/framework/src/Illuminate/Foundation/Http/Kernel.php(144): Illuminate/Foundation/Http/Kernel->sendRequestThroughRouter(Object(Illuminate/Http/Request))
#52 E:/website_trangsuc/laptrinhweb_thi_website_trangsuc/vendor/laravel/framework/src/Illuminate/Foundation/Application.php(1220): Illuminate/Foundation/Http/Kernel->handle(Object(Illuminate/Http/Request))
#53 E:/website_trangsuc/laptrinhweb_thi_website_trangsuc/public/index.php(20): Illuminate/Foundation/Application->handleRequest(Object(Illuminate/Http/Request))
#54 E:/website_trangsuc/laptrinhweb_thi_website_trangsuc/vendor/laravel/framework/src/Illuminate/Foundation/resources/server.php(23): require_once('E://website_tran...')
#55 {main}
"} 
[2026-06-03 07:04:15] local.ERROR: SQLSTATE[HY000] [2002] No connection could be made because the target machine actively refused it (Connection: mysql, Host: 127.0.0.1, Port: 3306, Database: webshop_trangsuc, SQL: select * from `san_pham` inner join `danh_muc` on `danh_muc`.`MaDanhMuc` = `san_pham`.`MaDanhMuc` where `TenDanhMuc` = Nhẫn) {"exception":"[object] (Illuminate\\Database\\QueryException(code: 2002): SQLSTATE[HY000] [2002] No connection could be made because the target machine actively refused it (Connection: mysql, Host: 127.0.0.1, Port: 3306, Database: webshop_trangsuc, SQL: select * from `san_pham` inner join `danh_muc` on `danh_muc`.`MaDanhMuc` = `san_pham`.`MaDanhMuc` where `TenDanhMuc` = Nhẫn) at E:/website_trangsuc/laptrinhweb_thi_website_trangsuc/vendor/laravel/framework/src/Illuminate/Database/Connection.php:838)
[stacktrace]
#0 E:/website_trangsuc/laptrinhweb_thi_website_trangsuc/vendor/laravel/framework/src/Illuminate/Database/Connection.php(999): Illuminate/Database/Connection->runQueryCallback('select * from `...', Array, Object(Closure))
#1 E:/website_trangsuc/laptrinhweb_thi_website_trangsuc/vendor/laravel/framework/src/Illuminate/Database/Connection.php(978): Illuminate/Database/Connection->tryAgainIfCausedByLostConnection(Object(Illuminate/Database/QueryException), 'select * from `...', Array, Object(Closure))
#2 E:/website_trangsuc/laptrinhweb_thi_website_trangsuc/vendor/laravel/framework/src/Illuminate/Database/Connection.php(796): Illuminate/Database/Connection->handleQueryException(Object(Illuminate/Database/QueryException), 'select * from `...', Array, Object(Closure))
#3 E:/website_trangsuc/laptrinhweb_thi_website_trangsuc/vendor/laravel/framework/src/Illuminate/Database/Connection.php(411): Illuminate/Database/Connection->run('select * from `...', Array, Object(Closure))
#4 E:/website_trangsuc/laptrinhweb_thi_website_trangsuc/vendor/laravel/framework/src/Illuminate/Database/Query/Builder.php(3505): Illuminate/Database/Connection->select('select * from `...', Array, true)
#5 E:/website_trangsuc/laptrinhweb_thi_website_trangsuc/vendor/laravel/framework/src/Illuminate/Database/Query/Builder.php(3490): Illuminate/Database/Query/Builder->runSelect()
#6 E:/website_trangsuc/laptrinhweb_thi_website_trangsuc/vendor/laravel/framework/src/Illuminate/Database/Query/Builder.php(4080): Illuminate/Database/Query/Builder->Illuminate/Database/Query/{closure}()
#7 E:/website_trangsuc/laptrinhweb_thi_website_trangsuc/vendor/laravel/framework/src/Illuminate/Database/Query/Builder.php(3489): Illuminate/Database/Query/Builder->onceWithColumns(Array, Object(Closure))
#8 E:/website_trangsuc/laptrinhweb_thi_website_trangsuc/vendor/laravel/framework/src/Illuminate/Database/Eloquent/Builder.php(902): Illuminate/Database/Query/Builder->get(Array)
#9 E:/website_trangsuc/laptrinhweb_thi_website_trangsuc/vendor/laravel/framework/src/Illuminate/Database/Eloquent/Builder.php(884): Illuminate/Database/Eloquent/Builder->getModels(Array)
#10 E:/website_trangsuc/laptrinhweb_thi_website_trangsuc/app/Http/Controllers/HomeController.php(13): Illuminate/Database/Eloquent/Builder->get()
#11 E:/website_trangsuc/laptrinhweb_thi_website_trangsuc/vendor/laravel/framework/src/Illuminate/Routing/ControllerDispatcher.php(46): App/Http/Controllers/HomeController->index()
#12 E:/website_trangsuc/laptrinhweb_thi_website_trangsuc/vendor/laravel/framework/src/Illuminate/Routing/Route.php(265): Illuminate/Routing/ControllerDispatcher->dispatch(Object(Illuminate/Routing/Route), Object(App/Http/Controllers/HomeController), 'index')
#13 E:/website_trangsuc/laptrinhweb_thi_website_trangsuc/vendor/laravel/framework/src/Illuminate/Routing/Route.php(211): Illuminate/Routing/Route->runController()
#14 E:/website_trangsuc/laptrinhweb_thi_website_trangsuc/vendor/laravel/framework/src/Illuminate/Routing/Router.php(822): Illuminate/Routing/Route->run()
#15 E:/website_trangsuc/laptrinhweb_thi_website_trangsuc/vendor/laravel/framework/src/Illuminate/Pipeline/Pipeline.php(180): Illuminate/Routing/Router->Illuminate/Routing/{closure}(Object(Illuminate/Http/Request))
#16 E:/website_trangsuc/laptrinhweb_thi_website_trangsuc/vendor/laravel/framework/src/Illuminate/Routing/Middleware/SubstituteBindings.php(50): Illuminate/Pipeline/Pipeline->Illuminate/Pipeline/{closure}(Object(Illuminate/Http/Request))
#17 E:/website_trangsuc/laptrinhweb_thi_website_trangsuc/vendor/laravel/framework/src/Illuminate/Pipeline/Pipeline.php(219): Illuminate/Routing/Middleware/SubstituteBindings->handle(Object(Illuminate/Http/Request), Object(Closure))
#18 E:/website_trangsuc/laptrinhweb_thi_website_trangsuc/vendor/laravel/framework/src/Illuminate/Foundation/Http/Middleware/VerifyCsrfToken.php(87): Illuminate/Pipeline/Pipeline->Illuminate/Pipeline/{closure}(Object(Illuminate/Http/Request))
#19 E:/website_trangsuc/laptrinhweb_thi_website_trangsuc/vendor/laravel/framework/src/Illuminate/Pipeline/Pipeline.php(219): Illuminate/Foundation/Http/Middleware/VerifyCsrfToken->handle(Object(Illuminate/Http/Request), Object(Closure))
#20 E:/website_trangsuc/laptrinhweb_thi_website_trangsuc/vendor/laravel/framework/src/Illuminate/View/Middleware/ShareErrorsFromSession.php(48): Illuminate/Pipeline/Pipeline->Illuminate/Pipeline/{closure}(Object(Illuminate/Http/Request))
#21 E:/website_trangsuc/laptrinhweb_thi_website_trangsuc/vendor/laravel/framework/src/Illuminate/Pipeline/Pipeline.php(219): Illuminate/View/Middleware/ShareErrorsFromSession->handle(Object(Illuminate/Http/Request), Object(Closure))
#22 E:/website_trangsuc/laptrinhweb_thi_website_trangsuc/vendor/laravel/framework/src/Illuminate/Session/Middleware/StartSession.php(120): Illuminate/Pipeline/Pipeline->Illuminate/Pipeline/{closure}(Object(Illuminate/Http/Request))
#23 E:/website_trangsuc/laptrinhweb_thi_website_trangsuc/vendor/laravel/framework/src/Illuminate/Session/Middleware/StartSession.php(63): Illuminate/Session/Middleware/StartSession->handleStatefulRequest(Object(Illuminate/Http/Request), Object(Illuminate/Session/Store), Object(Closure))
#24 E:/website_trangsuc/laptrinhweb_thi_website_trangsuc/vendor/laravel/framework/src/Illuminate/Pipeline/Pipeline.php(219): Illuminate/Session/Middleware/StartSession->handle(Object(Illuminate/Http/Request), Object(Closure))
#25 E:/website_trangsuc/laptrinhweb_thi_website_trangsuc/vendor/laravel/framework/src/Illuminate/Cookie/Middleware/AddQueuedCookiesToResponse.php(36): Illuminate/Pipeline/Pipeline->Illuminate/Pipeline/{closure}(Object(Illuminate/Http/Request))
#26 E:/website_trangsuc/laptrinhweb_thi_website_trangsuc/vendor/laravel/framework/src/Illuminate/Pipeline/Pipeline.php(219): Illuminate/Cookie/Middleware/AddQueuedCookiesToResponse->handle(Object(Illuminate/Http/Request), Object(Closure))
#27 E:/website_trangsuc/laptrinhweb_thi_website_trangsuc/vendor/laravel/framework/src/Illuminate/Cookie/Middleware/EncryptCookies.php(74): Illuminate/Pipeline/Pipeline->Illuminate/Pipeline/{closure}(Object(Illuminate/Http/Request))
#28 E:/website_trangsuc/laptrinhweb_thi_website_trangsuc/vendor/laravel/framework/src/Illuminate/Pipeline/Pipeline.php(219): Illuminate/Cookie/Middleware/EncryptCookies->handle(Object(Illuminate/Http/Request), Object(Closure))
#29 E:/website_trangsuc/laptrinhweb_thi_website_trangsuc/vendor/laravel/framework/src/Illuminate/Pipeline/Pipeline.php(137): Illuminate/Pipeline/Pipeline->Illuminate/Pipeline/{closure}(Object(Illuminate/Http/Request))
#30 E:/website_trangsuc/laptrinhweb_thi_website_trangsuc/vendor/laravel/framework/src/Illuminate/Routing/Router.php(821): Illuminate/Pipeline/Pipeline->then(Object(Closure))
#31 E:/website_trangsuc/laptrinhweb_thi_website_trangsuc/vendor/laravel/framework/src/Illuminate/Routing/Router.php(800): Illuminate/Routing/Router->runRouteWithinStack(Object(Illuminate/Routing/Route), Object(Illuminate/Http/Request))
#32 E:/website_trangsuc/laptrinhweb_thi_website_trangsuc/vendor/laravel/framework/src/Illuminate/Routing/Router.php(764): Illuminate/Routing/Router->runRoute(Object(Illuminate/Http/Request), Object(Illuminate/Routing/Route))
#33 E:/website_trangsuc/laptrinhweb_thi_website_trangsuc/vendor/laravel/framework/src/Illuminate/Routing/Router.php(753): Illuminate/Routing/Router->dispatchToRoute(Object(Illuminate/Http/Request))
#34 E:/website_trangsuc/laptrinhweb_thi_website_trangsuc/vendor/laravel/framework/src/Illuminate/Foundation/Http/Kernel.php(200): Illuminate/Routing/Router->dispatch(Object(Illuminate/Http/Request))
#35 E:/website_trangsuc/laptrinhweb_thi_website_trangsuc/vendor/laravel/framework/src/Illuminate/Pipeline/Pipeline.php(180): Illuminate/Foundation/Http/Kernel->Illuminate/Foundation/Http/{closure}(Object(Illuminate/Http/Request))
#36 E:/website_trangsuc/laptrinhweb_thi_website_trangsuc/vendor/laravel/framework/src/Illuminate/Foundation/Http/Middleware/TransformsRequest.php(21): Illuminate/Pipeline/Pipeline->Illuminate/Pipeline/{closure}(Object(Illuminate/Http/Request))
#37 E:/website_trangsuc/laptrinhweb_thi_website_trangsuc/vendor/laravel/framework/src/Illuminate/Foundation/Http/Middleware/ConvertEmptyStringsToNull.php(31): Illuminate/Foundation/Http/Middleware/TransformsRequest->handle(Object(Illuminate/Http/Request), Object(Closure))
#38 E:/website_trangsuc/laptrinhweb_thi_website_trangsuc/vendor/laravel/framework/src/Illuminate/Pipeline/Pipeline.php(219): Illuminate/Foundation/Http/Middleware/ConvertEmptyStringsToNull->handle(Object(Illuminate/Http/Request), Object(Closure))
#39 E:/website_trangsuc/laptrinhweb_thi_website_trangsuc/vendor/laravel/framework/src/Illuminate/Foundation/Http/Middleware/TransformsRequest.php(21): Illuminate/Pipeline/Pipeline->Illuminate/Pipeline/{closure}(Object(Illuminate/Http/Request))
#40 E:/website_trangsuc/laptrinhweb_thi_website_trangsuc/vendor/laravel/framework/src/Illuminate/Foundation/Http/Middleware/TrimStrings.php(51): Illuminate/Foundation/Http/Middleware/TransformsRequest->handle(Object(Illuminate/Http/Request), Object(Closure))
#41 E:/website_trangsuc/laptrinhweb_thi_website_trangsuc/vendor/laravel/framework/src/Illuminate/Pipeline/Pipeline.php(219): Illuminate/Foundation/Http/Middleware/TrimStrings->handle(Object(Illuminate/Http/Request), Object(Closure))
#42 E:/website_trangsuc/laptrinhweb_thi_website_trangsuc/vendor/laravel/framework/src/Illuminate/Http/Middleware/ValidatePostSize.php(27): Illuminate/Pipeline/Pipeline->Illuminate/Pipeline/{closure}(Object(Illuminate/Http/Request))
#43 E:/website_trangsuc/laptrinhweb_thi_website_trangsuc/vendor/laravel/framework/src/Illuminate/Pipeline/Pipeline.php(219): Illuminate/Http/Middleware/ValidatePostSize->handle(Object(Illuminate/Http/Request), Object(Closure))
#44 E:/website_trangsuc/laptrinhweb_thi_website_trangsuc/vendor/laravel/framework/src/Illuminate/Foundation/Http/Middleware/PreventRequestsDuringMaintenance.php(109): Illuminate/Pipeline/Pipeline->Illuminate/Pipeline/{closure}(Object(Illuminate/Http/Request))
#45 E:/website_trangsuc/laptrinhweb_thi_website_trangsuc/vendor/laravel/framework/src/Illuminate/Pipeline/Pipeline.php(219): Illuminate/Foundation/Http/Middleware/PreventRequestsDuringMaintenance->handle(Object(Illuminate/Http/Request), Object(Closure))
#46 E:/website_trangsuc/laptrinhweb_thi_website_trangsuc/vendor/laravel/framework/src/Illuminate/Http/Middleware/HandleCors.php(61): Illuminate/Pipeline/Pipeline->Illuminate/Pipeline/{closure}(Object(Illuminate/Http/Request))
#47 E:/website_trangsuc/laptrinhweb_thi_website_trangsuc/vendor/laravel/framework/src/Illuminate/Pipeline/Pipeline.php(219): Illuminate/Http/Middleware/HandleCors->handle(Object(Illuminate/Http/Request), Object(Closure))
#48 E:/website_trangsuc/laptrinhweb_thi_website_trangsuc/vendor/laravel/framework/src/Illuminate/Http/Middleware/TrustProxies.php(58): Illuminate/Pipeline/Pipeline->Illuminate/Pipeline/{closure}(Object(Illuminate/Http/Request))
#49 E:/website_trangsuc/laptrinhweb_thi_website_trangsuc/vendor/laravel/framework/src/Illuminate/Pipeline/Pipeline.php(219): Illuminate/Http/Middleware/TrustProxies->handle(Object(Illuminate/Http/Request), Object(Closure))
#50 E:/website_trangsuc/laptrinhweb_thi_website_trangsuc/vendor/laravel/framework/src/Illuminate/Foundation/Http/Middleware/InvokeDeferredCallbacks.php(22): Illuminate/Pipeline/Pipeline->Illuminate/Pipeline/{closure}(Object(Illuminate/Http/Request))
#51 E:/website_trangsuc/laptrinhweb_thi_website_trangsuc/vendor/laravel/framework/src/Illuminate/Pipeline/Pipeline.php(219): Illuminate/Foundation/Http/Middleware/InvokeDeferredCallbacks->handle(Object(Illuminate/Http/Request), Object(Closure))
#52 E:/website_trangsuc/laptrinhweb_thi_website_trangsuc/vendor/laravel/framework/src/Illuminate/Http/Middleware/ValidatePathEncoding.php(26): Illuminate/Pipeline/Pipeline->Illuminate/Pipeline/{closure}(Object(Illuminate/Http/Request))
#53 E:/website_trangsuc/laptrinhweb_thi_website_trangsuc/vendor/laravel/framework/src/Illuminate/Pipeline/Pipeline.php(219): Illuminate/Http/Middleware/ValidatePathEncoding->handle(Object(Illuminate/Http/Request), Object(Closure))
#54 E:/website_trangsuc/laptrinhweb_thi_website_trangsuc/vendor/laravel/framework/src/Illuminate/Pipeline/Pipeline.php(137): Illuminate/Pipeline/Pipeline->Illuminate/Pipeline/{closure}(Object(Illuminate/Http/Request))
#55 E:/website_trangsuc/laptrinhweb_thi_website_trangsuc/vendor/laravel/framework/src/Illuminate/Foundation/Http/Kernel.php(175): Illuminate/Pipeline/Pipeline->then(Object(Closure))
#56 E:/website_trangsuc/laptrinhweb_thi_website_trangsuc/vendor/laravel/framework/src/Illuminate/Foundation/Http/Kernel.php(144): Illuminate/Foundation/Http/Kernel->sendRequestThroughRouter(Object(Illuminate/Http/Request))
#57 E:/website_trangsuc/laptrinhweb_thi_website_trangsuc/vendor/laravel/framework/src/Illuminate/Foundation/Application.php(1220): Illuminate/Foundation/Http/Kernel->handle(Object(Illuminate/Http/Request))
#58 E:/website_trangsuc/laptrinhweb_thi_website_trangsuc/public/index.php(20): Illuminate/Foundation/Application->handleRequest(Object(Illuminate/Http/Request))
#59 E:/website_trangsuc/laptrinhweb_thi_website_trangsuc/vendor/laravel/framework/src/Illuminate/Foundation/resources/server.php(23): require_once('E://website_tran...')
#60 {main}

[previous exception] [object] (PDOException(code: 2002): SQLSTATE[HY000] [2002] No connection could be made because the target machine actively refused it at E:/website_trangsuc/laptrinhweb_thi_website_trangsuc/vendor/laravel/framework/src/Illuminate/Database/Connectors/Connector.php:66)
[stacktrace]
#0 E:/website_trangsuc/laptrinhweb_thi_website_trangsuc/vendor/laravel/framework/src/Illuminate/Database/Connectors/Connector.php(66): PDO->__construct('mysql:host=127....', 'root', Object(SensitiveParameterValue), Array)
#1 E:/website_trangsuc/laptrinhweb_thi_website_trangsuc/vendor/laravel/framework/src/Illuminate/Database/Connectors/Connector.php(85): Illuminate/Database/Connectors/Connector->createPdoConnection('mysql:host=127....', 'root', Object(SensitiveParameterValue), Array)
#2 E:/website_trangsuc/laptrinhweb_thi_website_trangsuc/vendor/laravel/framework/src/Illuminate/Database/Connectors/Connector.php(48): Illuminate/Database/Connectors/Connector->tryAgainIfCausedByLostConnection(Object(PDOException), 'mysql:host=127....', 'root', Object(SensitiveParameterValue), Array)
#3 E:/website_trangsuc/laptrinhweb_thi_website_trangsuc/vendor/laravel/framework/src/Illuminate/Database/Connectors/MySqlConnector.php(24): Illuminate/Database/Connectors/Connector->createConnection('mysql:host=127....', Array, Array)
#4 E:/website_trangsuc/laptrinhweb_thi_website_trangsuc/vendor/laravel/framework/src/Illuminate/Database/Connectors/ConnectionFactory.php(186): Illuminate/Database/Connectors/MySqlConnector->connect(Array)
#5 [internal function]: Illuminate/Database/Connectors/ConnectionFactory->Illuminate/Database/Connectors/{closure}()
#6 E:/website_trangsuc/laptrinhweb_thi_website_trangsuc/vendor/laravel/framework/src/Illuminate/Database/Connection.php(1257): call_user_func(Object(Closure))
#7 E:/website_trangsuc/laptrinhweb_thi_website_trangsuc/vendor/laravel/framework/src/Illuminate/Database/Connection.php(1295): Illuminate/Database/Connection->getPdo()
#8 E:/website_trangsuc/laptrinhweb_thi_website_trangsuc/vendor/laravel/framework/src/Illuminate/Database/Connection.php(525): Illuminate/Database/Connection->getReadPdo()
#9 E:/website_trangsuc/laptrinhweb_thi_website_trangsuc/vendor/laravel/framework/src/Illuminate/Database/Connection.php(420): Illuminate/Database/Connection->getPdoForSelect(true)
#10 E:/website_trangsuc/laptrinhweb_thi_website_trangsuc/vendor/laravel/framework/src/Illuminate/Database/Connection.php(827): Illuminate/Database/Connection->Illuminate/Database/{closure}('select * from `...', Array)
#11 E:/website_trangsuc/laptrinhweb_thi_website_trangsuc/vendor/laravel/framework/src/Illuminate/Database/Connection.php(999): Illuminate/Database/Connection->runQueryCallback('select * from `...', Array, Object(Closure))
#12 E:/website_trangsuc/laptrinhweb_thi_website_trangsuc/vendor/laravel/framework/src/Illuminate/Database/Connection.php(978): Illuminate/Database/Connection->tryAgainIfCausedByLostConnection(Object(Illuminate/Database/QueryException), 'select * from `...', Array, Object(Closure))
#13 E:/website_trangsuc/laptrinhweb_thi_website_trangsuc/vendor/laravel/framework/src/Illuminate/Database/Connection.php(796): Illuminate/Database/Connection->handleQueryException(Object(Illuminate/Database/QueryException), 'select * from `...', Array, Object(Closure))
#14 E:/website_trangsuc/laptrinhweb_thi_website_trangsuc/vendor/laravel/framework/src/Illuminate/Database/Connection.php(411): Illuminate/Database/Connection->run('select * from `...', Array, Object(Closure))
#15 E:/website_trangsuc/laptrinhweb_thi_website_trangsuc/vendor/laravel/framework/src/Illuminate/Database/Query/Builder.php(3505): Illuminate/Database/Connection->select('select * from `...', Array, true)
#16 E:/website_trangsuc/laptrinhweb_thi_website_trangsuc/vendor/laravel/framework/src/Illuminate/Database/Query/Builder.php(3490): Illuminate/Database/Query/Builder->runSelect()
#17 E:/website_trangsuc/laptrinhweb_thi_website_trangsuc/vendor/laravel/framework/src/Illuminate/Database/Query/Builder.php(4080): Illuminate/Database/Query/Builder->Illuminate/Database/Query/{closure}()
#18 E:/website_trangsuc/laptrinhweb_thi_website_trangsuc/vendor/laravel/framework/src/Illuminate/Database/Query/Builder.php(3489): Illuminate/Database/Query/Builder->onceWithColumns(Array, Object(Closure))
#19 E:/website_trangsuc/laptrinhweb_thi_website_trangsuc/vendor/laravel/framework/src/Illuminate/Database/Eloquent/Builder.php(902): Illuminate/Database/Query/Builder->get(Array)
#20 E:/website_trangsuc/laptrinhweb_thi_website_trangsuc/vendor/laravel/framework/src/Illuminate/Database/Eloquent/Builder.php(884): Illuminate/Database/Eloquent/Builder->getModels(Array)
#21 E:/website_trangsuc/laptrinhweb_thi_website_trangsuc/app/Http/Controllers/HomeController.php(13): Illuminate/Database/Eloquent/Builder->get()
#22 E:/website_trangsuc/laptrinhweb_thi_website_trangsuc/vendor/laravel/framework/src/Illuminate/Routing/ControllerDispatcher.php(46): App/Http/Controllers/HomeController->index()
#23 E:/website_trangsuc/laptrinhweb_thi_website_trangsuc/vendor/laravel/framework/src/Illuminate/Routing/Route.php(265): Illuminate/Routing/ControllerDispatcher->dispatch(Object(Illuminate/Routing/Route), Object(App/Http/Controllers/HomeController), 'index')
#24 E:/website_trangsuc/laptrinhweb_thi_website_trangsuc/vendor/laravel/framework/src/Illuminate/Routing/Route.php(211): Illuminate/Routing/Route->runController()
#25 E:/website_trangsuc/laptrinhweb_thi_website_trangsuc/vendor/laravel/framework/src/Illuminate/Routing/Router.php(822): Illuminate/Routing/Route->run()
#26 E:/website_trangsuc/laptrinhweb_thi_website_trangsuc/vendor/laravel/framework/src/Illuminate/Pipeline/Pipeline.php(180): Illuminate/Routing/Router->Illuminate/Routing/{closure}(Object(Illuminate/Http/Request))
#27 E:/website_trangsuc/laptrinhweb_thi_website_trangsuc/vendor/laravel/framework/src/Illuminate/Routing/Middleware/SubstituteBindings.php(50): Illuminate/Pipeline/Pipeline->Illuminate/Pipeline/{closure}(Object(Illuminate/Http/Request))
#28 E:/website_trangsuc/laptrinhweb_thi_website_trangsuc/vendor/laravel/framework/src/Illuminate/Pipeline/Pipeline.php(219): Illuminate/Routing/Middleware/SubstituteBindings->handle(Object(Illuminate/Http/Request), Object(Closure))
#29 E:/website_trangsuc/laptrinhweb_thi_website_trangsuc/vendor/laravel/framework/src/Illuminate/Foundation/Http/Middleware/VerifyCsrfToken.php(87): Illuminate/Pipeline/Pipeline->Illuminate/Pipeline/{closure}(Object(Illuminate/Http/Request))
#30 E:/website_trangsuc/laptrinhweb_thi_website_trangsuc/vendor/laravel/framework/src/Illuminate/Pipeline/Pipeline.php(219): Illuminate/Foundation/Http/Middleware/VerifyCsrfToken->handle(Object(Illuminate/Http/Request), Object(Closure))
#31 E:/website_trangsuc/laptrinhweb_thi_website_trangsuc/vendor/laravel/framework/src/Illuminate/View/Middleware/ShareErrorsFromSession.php(48): Illuminate/Pipeline/Pipeline->Illuminate/Pipeline/{closure}(Object(Illuminate/Http/Request))
#32 E:/website_trangsuc/laptrinhweb_thi_website_trangsuc/vendor/laravel/framework/src/Illuminate/Pipeline/Pipeline.php(219): Illuminate/View/Middleware/ShareErrorsFromSession->handle(Object(Illuminate/Http/Request), Object(Closure))
#33 E:/website_trangsuc/laptrinhweb_thi_website_trangsuc/vendor/laravel/framework/src/Illuminate/Session/Middleware/StartSession.php(120): Illuminate/Pipeline/Pipeline->Illuminate/Pipeline/{closure}(Object(Illuminate/Http/Request))
#34 E:/website_trangsuc/laptrinhweb_thi_website_trangsuc/vendor/laravel/framework/src/Illuminate/Session/Middleware/StartSession.php(63): Illuminate/Session/Middleware/StartSession->handleStatefulRequest(Object(Illuminate/Http/Request), Object(Illuminate/Session/Store), Object(Closure))
#35 E:/website_trangsuc/laptrinhweb_thi_website_trangsuc/vendor/laravel/framework/src/Illuminate/Pipeline/Pipeline.php(219): Illuminate/Session/Middleware/StartSession->handle(Object(Illuminate/Http/Request), Object(Closure))
#36 E:/website_trangsuc/laptrinhweb_thi_website_trangsuc/vendor/laravel/framework/src/Illuminate/Cookie/Middleware/AddQueuedCookiesToResponse.php(36): Illuminate/Pipeline/Pipeline->Illuminate/Pipeline/{closure}(Object(Illuminate/Http/Request))
#37 E:/website_trangsuc/laptrinhweb_thi_website_trangsuc/vendor/laravel/framework/src/Illuminate/Pipeline/Pipeline.php(219): Illuminate/Cookie/Middleware/AddQueuedCookiesToResponse->handle(Object(Illuminate/Http/Request), Object(Closure))
#38 E:/website_trangsuc/laptrinhweb_thi_website_trangsuc/vendor/laravel/framework/src/Illuminate/Cookie/Middleware/EncryptCookies.php(74): Illuminate/Pipeline/Pipeline->Illuminate/Pipeline/{closure}(Object(Illuminate/Http/Request))
#39 E:/website_trangsuc/laptrinhweb_thi_website_trangsuc/vendor/laravel/framework/src/Illuminate/Pipeline/Pipeline.php(219): Illuminate/Cookie/Middleware/EncryptCookies->handle(Object(Illuminate/Http/Request), Object(Closure))
#40 E:/website_trangsuc/laptrinhweb_thi_website_trangsuc/vendor/laravel/framework/src/Illuminate/Pipeline/Pipeline.php(137): Illuminate/Pipeline/Pipeline->Illuminate/Pipeline/{closure}(Object(Illuminate/Http/Request))
#41 E:/website_trangsuc/laptrinhweb_thi_website_trangsuc/vendor/laravel/framework/src/Illuminate/Routing/Router.php(821): Illuminate/Pipeline/Pipeline->then(Object(Closure))
#42 E:/website_trangsuc/laptrinhweb_thi_website_trangsuc/vendor/laravel/framework/src/Illuminate/Routing/Router.php(800): Illuminate/Routing/Router->runRouteWithinStack(Object(Illuminate/Routing/Route), Object(Illuminate/Http/Request))
#43 E:/website_trangsuc/laptrinhweb_thi_website_trangsuc/vendor/laravel/framework/src/Illuminate/Routing/Router.php(764): Illuminate/Routing/Router->runRoute(Object(Illuminate/Http/Request), Object(Illuminate/Routing/Route))
#44 E:/website_trangsuc/laptrinhweb_thi_website_trangsuc/vendor/laravel/framework/src/Illuminate/Routing/Router.php(753): Illuminate/Routing/Router->dispatchToRoute(Object(Illuminate/Http/Request))
#45 E:/website_trangsuc/laptrinhweb_thi_website_trangsuc/vendor/laravel/framework/src/Illuminate/Foundation/Http/Kernel.php(200): Illuminate/Routing/Router->dispatch(Object(Illuminate/Http/Request))
#46 E:/website_trangsuc/laptrinhweb_thi_website_trangsuc/vendor/laravel/framework/src/Illuminate/Pipeline/Pipeline.php(180): Illuminate/Foundation/Http/Kernel->Illuminate/Foundation/Http/{closure}(Object(Illuminate/Http/Request))
#47 E:/website_trangsuc/laptrinhweb_thi_website_trangsuc/vendor/laravel/framework/src/Illuminate/Foundation/Http/Middleware/TransformsRequest.php(21): Illuminate/Pipeline/Pipeline->Illuminate/Pipeline/{closure}(Object(Illuminate/Http/Request))
#48 E:/website_trangsuc/laptrinhweb_thi_website_trangsuc/vendor/laravel/framework/src/Illuminate/Foundation/Http/Middleware/ConvertEmptyStringsToNull.php(31): Illuminate/Foundation/Http/Middleware/TransformsRequest->handle(Object(Illuminate/Http/Request), Object(Closure))
#49 E:/website_trangsuc/laptrinhweb_thi_website_trangsuc/vendor/laravel/framework/src/Illuminate/Pipeline/Pipeline.php(219): Illuminate/Foundation/Http/Middleware/ConvertEmptyStringsToNull->handle(Object(Illuminate/Http/Request), Object(Closure))
#50 E:/website_trangsuc/laptrinhweb_thi_website_trangsuc/vendor/laravel/framework/src/Illuminate/Foundation/Http/Middleware/TransformsRequest.php(21): Illuminate/Pipeline/Pipeline->Illuminate/Pipeline/{closure}(Object(Illuminate/Http/Request))
#51 E:/website_trangsuc/laptrinhweb_thi_website_trangsuc/vendor/laravel/framework/src/Illuminate/Foundation/Http/Middleware/TrimStrings.php(51): Illuminate/Foundation/Http/Middleware/TransformsRequest->handle(Object(Illuminate/Http/Request), Object(Closure))
#52 E:/website_trangsuc/laptrinhweb_thi_website_trangsuc/vendor/laravel/framework/src/Illuminate/Pipeline/Pipeline.php(219): Illuminate/Foundation/Http/Middleware/TrimStrings->handle(Object(Illuminate/Http/Request), Object(Closure))
#53 E:/website_trangsuc/laptrinhweb_thi_website_trangsuc/vendor/laravel/framework/src/Illuminate/Http/Middleware/ValidatePostSize.php(27): Illuminate/Pipeline/Pipeline->Illuminate/Pipeline/{closure}(Object(Illuminate/Http/Request))
#54 E:/website_trangsuc/laptrinhweb_thi_website_trangsuc/vendor/laravel/framework/src/Illuminate/Pipeline/Pipeline.php(219): Illuminate/Http/Middleware/ValidatePostSize->handle(Object(Illuminate/Http/Request), Object(Closure))
#55 E:/website_trangsuc/laptrinhweb_thi_website_trangsuc/vendor/laravel/framework/src/Illuminate/Foundation/Http/Middleware/PreventRequestsDuringMaintenance.php(109): Illuminate/Pipeline/Pipeline->Illuminate/Pipeline/{closure}(Object(Illuminate/Http/Request))
#56 E:/website_trangsuc/laptrinhweb_thi_website_trangsuc/vendor/laravel/framework/src/Illuminate/Pipeline/Pipeline.php(219): Illuminate/Foundation/Http/Middleware/PreventRequestsDuringMaintenance->handle(Object(Illuminate/Http/Request), Object(Closure))
#57 E:/website_trangsuc/laptrinhweb_thi_website_trangsuc/vendor/laravel/framework/src/Illuminate/Http/Middleware/HandleCors.php(61): Illuminate/Pipeline/Pipeline->Illuminate/Pipeline/{closure}(Object(Illuminate/Http/Request))
#58 E:/website_trangsuc/laptrinhweb_thi_website_trangsuc/vendor/laravel/framework/src/Illuminate/Pipeline/Pipeline.php(219): Illuminate/Http/Middleware/HandleCors->handle(Object(Illuminate/Http/Request), Object(Closure))
#59 E:/website_trangsuc/laptrinhweb_thi_website_trangsuc/vendor/laravel/framework/src/Illuminate/Http/Middleware/TrustProxies.php(58): Illuminate/Pipeline/Pipeline->Illuminate/Pipeline/{closure}(Object(Illuminate/Http/Request))
#60 E:/website_trangsuc/laptrinhweb_thi_website_trangsuc/vendor/laravel/framework/src/Illuminate/Pipeline/Pipeline.php(219): Illuminate/Http/Middleware/TrustProxies->handle(Object(Illuminate/Http/Request), Object(Closure))
#61 E:/website_trangsuc/laptrinhweb_thi_website_trangsuc/vendor/laravel/framework/src/Illuminate/Foundation/Http/Middleware/InvokeDeferredCallbacks.php(22): Illuminate/Pipeline/Pipeline->Illuminate/Pipeline/{closure}(Object(Illuminate/Http/Request))
#62 E:/website_trangsuc/laptrinhweb_thi_website_trangsuc/vendor/laravel/framework/src/Illuminate/Pipeline/Pipeline.php(219): Illuminate/Foundation/Http/Middleware/InvokeDeferredCallbacks->handle(Object(Illuminate/Http/Request), Object(Closure))
#63 E:/website_trangsuc/laptrinhweb_thi_website_trangsuc/vendor/laravel/framework/src/Illuminate/Http/Middleware/ValidatePathEncoding.php(26): Illuminate/Pipeline/Pipeline->Illuminate/Pipeline/{closure}(Object(Illuminate/Http/Request))
#64 E:/website_trangsuc/laptrinhweb_thi_website_trangsuc/vendor/laravel/framework/src/Illuminate/Pipeline/Pipeline.php(219): Illuminate/Http/Middleware/ValidatePathEncoding->handle(Object(Illuminate/Http/Request), Object(Closure))
#65 E:/website_trangsuc/laptrinhweb_thi_website_trangsuc/vendor/laravel/framework/src/Illuminate/Pipeline/Pipeline.php(137): Illuminate/Pipeline/Pipeline->Illuminate/Pipeline/{closure}(Object(Illuminate/Http/Request))
#66 E:/website_trangsuc/laptrinhweb_thi_website_trangsuc/vendor/laravel/framework/src/Illuminate/Foundation/Http/Kernel.php(175): Illuminate/Pipeline/Pipeline->then(Object(Closure))
#67 E:/website_trangsuc/laptrinhweb_thi_website_trangsuc/vendor/laravel/framework/src/Illuminate/Foundation/Http/Kernel.php(144): Illuminate/Foundation/Http/Kernel->sendRequestThroughRouter(Object(Illuminate/Http/Request))
#68 E:/website_trangsuc/laptrinhweb_thi_website_trangsuc/vendor/laravel/framework/src/Illuminate/Foundation/Application.php(1220): Illuminate/Foundation/Http/Kernel->handle(Object(Illuminate/Http/Request))
#69 E:/website_trangsuc/laptrinhweb_thi_website_trangsuc/public/index.php(20): Illuminate/Foundation/Application->handleRequest(Object(Illuminate/Http/Request))
#70 E:/website_trangsuc/laptrinhweb_thi_website_trangsuc/vendor/laravel/framework/src/Illuminate/Foundation/resources/server.php(23): require_once('E://website_tran...')
#71 {main}
"} 
